execution;generation;individual;fitness;start_1;start_2;start_3;start_4;start_5;start_6;start_7;start_8;start_9;start_10;start_11;start_12;start_13;start_14;start_15;start_16;start_17;start_18;start_19;start_20;feasible;duration;layer;position;substrate;schedule
1;0;1;127,328125;0;0;4;12;19;16;5;13;17;7;21;8;17;21;16;27;21;39;31;40;True;40;0;0;0;1:0-0 | 2:0-5 | 3:4-8 | 7:5-8 | 10:7-14 | 12:8-16 | 4:12-16 | 8:13-16 | 15:16-21 | 6:16-19 | 13:17-21 | 9:17-21 | 5:19-21 | 11:21-24 | 14:21-28 | 17:21-31 | 16:27-29 | 19:31-40 | 18:39-40 | 20:40-40
1;0;2;124,628125;0;0;4;12;19;12;5;13;6;7;24;8;17;28;16;29;21;39;31;40;True;40;0;1;0;1:0-0 | 2:0-5 | 3:4-8 | 7:5-8 | 9:6-10 | 10:7-14 | 12:8-16 | 4:12-16 | 6:12-15 | 8:13-16 | 15:16-21 | 13:17-21 | 5:19-21 | 17:21-31 | 11:24-27 | 14:28-35 | 16:29-31 | 19:31-40 | 18:39-40 | 20:40-40
1;0;3;153,428125;0;0;4;12;19;12;5;13;17;7;15;8;14;23;16;37;21;39;31;40;True;40;0;2;0;1:0-0 | 2:0-5 | 3:4-8 | 7:5-8 | 10:7-14 | 12:8-16 | 4:12-16 | 6:12-15 | 8:13-16 | 13:14-18 | 11:15-18 | 15:16-21 | 9:17-21 | 5:19-21 | 17:21-31 | 14:23-30 | 19:31-40 | 16:37-39 | 18:39-40 | 20:40-40
1;0;4;125,628125;0;0;4;12;19;18;5;13;12;9;22;8;17;15;16;38;21;37;31;40;True;40;0;3;0;1:0-0 | 2:0-5 | 3:4-8 | 7:5-8 | 12:8-16 | 10:9-16 | 4:12-16 | 9:12-16 | 8:13-16 | 14:15-22 | 15:16-21 | 13:17-21 | 6:18-21 | 5:19-21 | 17:21-31 | 11:22-25 | 19:31-40 | 18:37-38 | 16:38-40 | 20:40-40
1;0;5;165,528125;0;0;4;12;14;16;5;13;17;9;11;8;12;33;16;34;21;39;31;40;True;40;0;4;0;1:0-0 | 2:0-5 | 3:4-8 | 7:5-8 | 12:8-16 | 10:9-16 | 11:11-14 | 13:12-16 | 4:12-16 | 8:13-16 | 5:14-16 | 15:16-21 | 6:16-19 | 9:17-21 | 17:21-31 | 19:31-40 | 14:33-40 | 16:34-36 | 18:39-40 | 20:40-40
1;0;6;136,778125;0;0;4;12;11;25;5;13;12;11;13;8;17;24;16;35;21;39;31;40;True;40;0;5;0;1:0-0 | 2:0-5 | 3:4-8 | 7:5-8 | 12:8-16 | 10:11-18 | 5:11-13 | 4:12-16 | 9:12-16 | 11:13-16 | 8:13-16 | 15:16-21 | 13:17-21 | 17:21-31 | 14:24-31 | 6:25-28 | 19:31-40 | 16:35-37 | 18:39-40 | 20:40-40
1;0;7;141,428125;0;0;4;12;5;26;5;13;14;7;12;8;17;33;16;38;21;39;31;40;True;40;0;6;0;1:0-0 | 2:0-5 | 3:4-8 | 5:5-7 | 7:5-8 | 10:7-14 | 12:8-16 | 11:12-15 | 4:12-16 | 8:13-16 | 9:14-18 | 15:16-21 | 13:17-21 | 17:21-31 | 6:26-29 | 19:31-40 | 14:33-40 | 16:38-40 | 18:39-40 | 20:40-40
1;0;8;142,178125;0;0;4;12;19;13;5;13;17;15;14;8;17;12;16;36;21;39;31;40;True;40;0;8;0;1:0-0 | 2:0-5 | 3:4-8 | 7:5-8 | 12:8-16 | 14:12-19 | 4:12-16 | 6:13-16 | 8:13-16 | 11:14-17 | 10:15-22 | 15:16-21 | 13:17-21 | 9:17-21 | 5:19-21 | 17:21-31 | 19:31-40 | 16:36-38 | 18:39-40 | 20:40-40
1;0;9;114,128125;0;0;4;9;9;1;5;13;8;9;28;8;17;17;16;34;21;39;31;40;True;40;0;10;0;1:0-0 | 2:0-5 | 6:1-4 | 3:4-8 | 7:5-8 | 12:8-16 | 9:8-12 | 10:9-16 | 4:9-13 | 5:9-11 | 8:13-16 | 15:16-21 | 13:17-21 | 14:17-24 | 17:21-31 | 11:28-31 | 19:31-40 | 16:34-36 | 18:39-40 | 20:40-40
1;0;10;130,628125;0;0;4;12;19;0;5;13;6;7;22;8;17;19;16;27;21;39;31;40;True;40;0;11;0;1:0-0 | 2:0-5 | 6:0-3 | 3:4-8 | 7:5-8 | 9:6-10 | 10:7-14 | 12:8-16 | 4:12-16 | 8:13-16 | 15:16-21 | 13:17-21 | 14:19-26 | 5:19-21 | 17:21-31 | 11:22-25 | 16:27-29 | 19:31-40 | 18:39-40 | 20:40-40
1;0;11;138,928125;0;0;4;12;19;13;5;13;12;9;6;8;17;20;16;38;21;39;31;40;True;40;0;12;0;1:0-0 | 2:0-5 | 3:4-8 | 7:5-8 | 11:6-9 | 12:8-16 | 10:9-16 | 4:12-16 | 9:12-16 | 6:13-16 | 8:13-16 | 15:16-21 | 13:17-21 | 5:19-21 | 14:20-27 | 17:21-31 | 19:31-40 | 16:38-40 | 18:39-40 | 20:40-40
1;0;12;128,828125;0;0;4;12;6;0;5;13;17;19;22;8;17;33;16;26;21;37;31;40;True;40;0;13;0;1:0-0 | 2:0-5 | 6:0-3 | 3:4-8 | 7:5-8 | 5:6-8 | 12:8-16 | 4:12-16 | 8:13-16 | 15:16-21 | 13:17-21 | 9:17-21 | 10:19-26 | 17:21-31 | 11:22-25 | 16:26-28 | 19:31-40 | 14:33-40 | 18:37-38 | 20:40-40
1;0;13;134,678125;0;0;4;12;19;0;5;13;6;10;11;8;17;10;16;38;21;39;31;40;True;40;0;14;0;1:0-0 | 2:0-5 | 6:0-3 | 3:4-8 | 7:5-8 | 9:6-10 | 12:8-16 | 10:10-17 | 14:10-17 | 11:11-14 | 4:12-16 | 8:13-16 | 15:16-21 | 13:17-21 | 5:19-21 | 17:21-31 | 19:31-40 | 16:38-40 | 18:39-40 | 20:40-40
1;0;14;105,678125;0;0;4;12;9;11;5;13;17;15;29;8;17;18;16;38;21;39;31;40;True;40;0;15;0;1:0-0 | 2:0-5 | 3:4-8 | 7:5-8 | 12:8-16 | 5:9-11 | 6:11-14 | 4:12-16 | 8:13-16 | 10:15-22 | 15:16-21 | 13:17-21 | 9:17-21 | 14:18-25 | 17:21-31 | 11:29-32 | 19:31-40 | 16:38-40 | 18:39-40 | 20:40-40
1;0;15;101,228125;0;0;4;9;15;5;5;13;16;6;10;8;17;21;16;33;21;39;31;40;True;40;0;17;0;1:0-0 | 2:0-5 | 3:4-8 | 6:5-8 | 7:5-8 | 10:6-13 | 12:8-16 | 4:9-13 | 11:10-13 | 8:13-16 | 5:15-17 | 15:16-21 | 9:16-20 | 13:17-21 | 14:21-28 | 17:21-31 | 19:31-40 | 16:33-35 | 18:39-40 | 20:40-40
1;0;16;123,278125;0;0;4;12;19;4;5;13;14;12;24;8;17;25;16;38;21;39;31;40;True;40;0;24;0;1:0-0 | 2:0-5 | 3:4-8 | 6:4-7 | 7:5-8 | 12:8-16 | 10:12-19 | 4:12-16 | 8:13-16 | 9:14-18 | 15:16-21 | 13:17-21 | 5:19-21 | 17:21-31 | 11:24-27 | 14:25-32 | 19:31-40 | 16:38-40 | 18:39-40 | 20:40-40
1;0;17;140,778125;0;0;4;12;12;2;5;13;17;12;5;8;17;26;16;38;21;30;31;40;True;40;0;26;0;1:0-0 | 2:0-5 | 6:2-5 | 3:4-8 | 11:5-8 | 7:5-8 | 12:8-16 | 10:12-19 | 4:12-16 | 5:12-14 | 8:13-16 | 15:16-21 | 13:17-21 | 9:17-21 | 17:21-31 | 14:26-33 | 18:30-31 | 19:31-40 | 16:38-40 | 20:40-40
1;0;18;136,028125;0;0;4;12;19;23;5;13;7;10;11;8;17;28;16;38;21;39;31;40;True;40;0;27;0;1:0-0 | 2:0-5 | 3:4-8 | 7:5-8 | 9:7-11 | 12:8-16 | 10:10-17 | 11:11-14 | 4:12-16 | 8:13-16 | 15:16-21 | 13:17-21 | 5:19-21 | 17:21-31 | 6:23-26 | 14:28-35 | 19:31-40 | 16:38-40 | 18:39-40 | 20:40-40
1;0;19;153,578125;0;0;4;12;14;3;5;13;9;20;17;8;17;22;16;31;21;39;31;40;True;40;0;28;0;1:0-0 | 2:0-5 | 6:3-6 | 3:4-8 | 7:5-8 | 12:8-16 | 9:9-13 | 4:12-16 | 8:13-16 | 5:14-16 | 15:16-21 | 11:17-20 | 13:17-21 | 10:20-27 | 17:21-31 | 14:22-29 | 16:31-33 | 19:31-40 | 18:39-40 | 20:40-40
1;0;20;129,528125;0;0;4;9;16;0;5;13;17;9;14;8;17;27;16;29;21;39;31;40;True;40;0;30;0;1:0-0 | 2:0-5 | 6:0-3 | 3:4-8 | 7:5-8 | 12:8-16 | 10:9-16 | 4:9-13 | 8:13-16 | 11:14-17 | 15:16-21 | 5:16-18 | 13:17-21 | 9:17-21 | 17:21-31 | 14:27-34 | 16:29-31 | 19:31-40 | 18:39-40 | 20:40-40
1;0;21;155,478125;0;0;4;12;19;5;5;13;13;7;18;8;17;25;16;36;21;39;31;40;True;40;0;32;0;1:0-0 | 2:0-5 | 3:4-8 | 6:5-8 | 7:5-8 | 10:7-14 | 12:8-16 | 4:12-16 | 8:13-16 | 9:13-17 | 15:16-21 | 13:17-21 | 11:18-21 | 5:19-21 | 17:21-31 | 14:25-32 | 19:31-40 | 16:36-38 | 18:39-40 | 20:40-40
1;0;22;97,678125;0;0;4;11;9;18;5;13;17;12;33;8;17;25;16;38;21;39;31;40;True;40;0;34;0;1:0-0 | 2:0-5 | 3:4-8 | 7:5-8 | 12:8-16 | 5:9-11 | 4:11-15 | 10:12-19 | 8:13-16 | 15:16-21 | 13:17-21 | 9:17-21 | 6:18-21 | 17:21-31 | 14:25-32 | 19:31-40 | 11:33-36 | 16:38-40 | 18:39-40 | 20:40-40
1;0;23;134,328125;0;0;4;12;19;17;5;13;9;11;5;8;16;16;16;27;21;39;31;40;True;40;0;35;0;1:0-0 | 2:0-5 | 3:4-8 | 11:5-8 | 7:5-8 | 12:8-16 | 9:9-13 | 10:11-18 | 4:12-16 | 8:13-16 | 13:16-20 | 14:16-23 | 15:16-21 | 6:17-20 | 5:19-21 | 17:21-31 | 16:27-29 | 19:31-40 | 18:39-40 | 20:40-40
1;0;24;125,628125;0;0;4;12;19;13;5;13;9;9;25;8;17;18;16;32;21;39;31;40;True;40;0;37;0;1:0-0 | 2:0-5 | 3:4-8 | 7:5-8 | 12:8-16 | 10:9-16 | 9:9-13 | 4:12-16 | 6:13-16 | 8:13-16 | 15:16-21 | 13:17-21 | 14:18-25 | 5:19-21 | 17:21-31 | 11:25-28 | 19:31-40 | 16:32-34 | 18:39-40 | 20:40-40
1;0;25;141,078125;0;0;4;12;18;25;5;13;13;6;6;8;17;20;16;27;21;39;31;40;True;40;0;38;0;1:0-0 | 2:0-5 | 3:4-8 | 7:5-8 | 10:6-13 | 11:6-9 | 12:8-16 | 4:12-16 | 8:13-16 | 9:13-17 | 15:16-21 | 13:17-21 | 5:18-20 | 14:20-27 | 17:21-31 | 6:25-28 | 16:27-29 | 19:31-40 | 18:39-40 | 20:40-40
1;0;26;123,778125;0;0;4;12;19;4;5;13;13;15;21;8;17;15;16;38;21;39;31;40;True;40;0;39;0;1:0-0 | 2:0-5 | 3:4-8 | 6:4-7 | 7:5-8 | 12:8-16 | 4:12-16 | 8:13-16 | 9:13-17 | 10:15-22 | 14:15-22 | 15:16-21 | 13:17-21 | 5:19-21 | 11:21-24 | 17:21-31 | 19:31-40 | 16:38-40 | 18:39-40 | 20:40-40
1;0;27;143,978125;0;0;4;12;19;10;5;13;17;13;13;8;17;19;16;35;21;36;31;40;True;40;0;43;0;1:0-0 | 2:0-5 | 3:4-8 | 7:5-8 | 12:8-16 | 6:10-13 | 4:12-16 | 10:13-20 | 11:13-16 | 8:13-16 | 15:16-21 | 13:17-21 | 9:17-21 | 14:19-26 | 5:19-21 | 17:21-31 | 19:31-40 | 16:35-37 | 18:36-37 | 20:40-40
1;0;28;136,328125;0;0;4;12;13;27;5;13;11;20;24;8;17;11;16;23;21;39;31;40;True;40;0;44;0;1:0-0 | 2:0-5 | 3:4-8 | 7:5-8 | 12:8-16 | 14:11-18 | 9:11-15 | 4:12-16 | 5:13-15 | 8:13-16 | 15:16-21 | 13:17-21 | 10:20-27 | 17:21-31 | 16:23-25 | 11:24-27 | 6:27-30 | 19:31-40 | 18:39-40 | 20:40-40
1;0;29;146,178125;0;0;4;12;19;2;5;8;17;20;16;8;17;29;16;22;21;39;31;40;True;40;0;47;0;1:0-0 | 2:0-5 | 6:2-5 | 3:4-8 | 7:5-8 | 12:8-16 | 8:8-11 | 4:12-16 | 11:16-19 | 15:16-21 | 13:17-21 | 9:17-21 | 5:19-21 | 10:20-27 | 17:21-31 | 16:22-24 | 14:29-36 | 19:31-40 | 18:39-40 | 20:40-40
1;0;30;120,028125;0;0;4;12;10;12;5;13;8;7;20;8;17;30;16;30;21;39;31;40;True;40;0;48;0;1:0-0 | 2:0-5 | 3:4-8 | 7:5-8 | 10:7-14 | 12:8-16 | 9:8-12 | 5:10-12 | 4:12-16 | 6:12-15 | 8:13-16 | 15:16-21 | 13:17-21 | 11:20-23 | 17:21-31 | 14:30-37 | 16:30-32 | 19:31-40 | 18:39-40 | 20:40-40
1;0;31;132,878125;0;0;4;12;15;15;5;13;17;5;12;8;17;15;16;37;21;39;31;40;True;40;0;49;0;1:0-0 | 2:0-5 | 3:4-8 | 10:5-12 | 7:5-8 | 12:8-16 | 11:12-15 | 4:12-16 | 8:13-16 | 14:15-22 | 5:15-17 | 6:15-18 | 15:16-21 | 13:17-21 | 9:17-21 | 17:21-31 | 19:31-40 | 16:37-39 | 18:39-40 | 20:40-40
1;0;32;126,128125;0;0;4;12;19;2;5;13;12;21;9;8;17;15;16;38;21;39;31;40;True;40;0;50;0;1:0-0 | 2:0-5 | 6:2-5 | 3:4-8 | 7:5-8 | 12:8-16 | 11:9-12 | 4:12-16 | 9:12-16 | 8:13-16 | 14:15-22 | 15:16-21 | 13:17-21 | 5:19-21 | 10:21-28 | 17:21-31 | 19:31-40 | 16:38-40 | 18:39-40 | 20:40-40
1;0;33;131,028125;0;0;4;12;6;23;5;13;17;13;7;8;17;17;16;38;21;36;31;40;True;40;0;51;0;1:0-0 | 2:0-5 | 3:4-8 | 7:5-8 | 5:6-8 | 11:7-10 | 12:8-16 | 4:12-16 | 10:13-20 | 8:13-16 | 15:16-21 | 13:17-21 | 14:17-24 | 9:17-21 | 17:21-31 | 6:23-26 | 19:31-40 | 18:36-37 | 16:38-40 | 20:40-40
1;0;34;144,928125;0;0;4;12;19;14;5;13;17;9;15;8;17;31;16;32;21;39;31;40;True;40;0;52;0;1:0-0 | 2:0-5 | 3:4-8 | 7:5-8 | 12:8-16 | 10:9-16 | 4:12-16 | 8:13-16 | 6:14-17 | 11:15-18 | 15:16-21 | 13:17-21 | 9:17-21 | 5:19-21 | 17:21-31 | 14:31-38 | 19:31-40 | 16:32-34 | 18:39-40 | 20:40-40
1;0;35;131,328125;0;0;4;12;19;0;5;13;17;5;28;8;17;27;16;31;21;35;31;40;True;40;0;53;0;1:0-0 | 2:0-5 | 6:0-3 | 3:4-8 | 10:5-12 | 7:5-8 | 12:8-16 | 4:12-16 | 8:13-16 | 15:16-21 | 13:17-21 | 9:17-21 | 5:19-21 | 17:21-31 | 14:27-34 | 11:28-31 | 16:31-33 | 19:31-40 | 18:35-36 | 20:40-40
1;0;36;107,128125;0;0;4;12;19;4;5;13;17;14;31;8;16;30;16;36;21;39;31;40;True;40;0;54;0;1:0-0 | 2:0-5 | 3:4-8 | 6:4-7 | 7:5-8 | 12:8-16 | 4:12-16 | 8:13-16 | 10:14-21 | 13:16-20 | 15:16-21 | 9:17-21 | 5:19-21 | 17:21-31 | 14:30-37 | 11:31-34 | 19:31-40 | 16:36-38 | 18:39-40 | 20:40-40
1;0;37;112,578125;0;0;4;12;1;11;5;10;17;5;12;8;17;32;16;38;21;39;31;40;True;40;0;55;0;1:0-0 | 2:0-5 | 5:1-3 | 3:4-8 | 10:5-12 | 7:5-8 | 12:8-16 | 8:10-13 | 6:11-14 | 11:12-15 | 4:12-16 | 15:16-21 | 13:17-21 | 9:17-21 | 17:21-31 | 19:31-40 | 14:32-39 | 16:38-40 | 18:39-40 | 20:40-40
1;0;38;144,628125;0;0;4;12;16;13;5;13;17;12;5;8;15;28;16;38;21;39;31;40;True;40;0;56;0;1:0-0 | 2:0-5 | 3:4-8 | 11:5-8 | 7:5-8 | 12:8-16 | 10:12-19 | 4:12-16 | 6:13-16 | 8:13-16 | 13:15-19 | 15:16-21 | 5:16-18 | 9:17-21 | 17:21-31 | 14:28-35 | 19:31-40 | 16:38-40 | 18:39-40 | 20:40-40
1;0;39;132,278125;0;0;4;12;10;1;5;13;15;10;13;8;16;10;16;38;21;39;31;40;True;40;0;57;0;1:0-0 | 2:0-5 | 6:1-4 | 3:4-8 | 7:5-8 | 12:8-16 | 10:10-17 | 14:10-17 | 5:10-12 | 4:12-16 | 11:13-16 | 8:13-16 | 9:15-19 | 13:16-20 | 15:16-21 | 17:21-31 | 19:31-40 | 16:38-40 | 18:39-40 | 20:40-40
1;0;40;127,928125;0;0;4;12;11;16;5;13;17;8;11;8;17;15;16;25;21;39;31;40;True;40;0;58;0;1:0-0 | 2:0-5 | 3:4-8 | 7:5-8 | 10:8-15 | 12:8-16 | 11:11-14 | 5:11-13 | 4:12-16 | 8:13-16 | 14:15-22 | 15:16-21 | 6:16-19 | 13:17-21 | 9:17-21 | 17:21-31 | 16:25-27 | 19:31-40 | 18:39-40 | 20:40-40
1;0;41;148,078125;0;0;4;3;9;21;5;13;17;8;17;8;17;21;16;33;21;39;31;40;True;40;0;60;0;1:0-0 | 2:0-5 | 4:3-7 | 3:4-8 | 7:5-8 | 10:8-15 | 12:8-16 | 5:9-11 | 8:13-16 | 15:16-21 | 11:17-20 | 13:17-21 | 9:17-21 | 14:21-28 | 17:21-31 | 6:21-24 | 19:31-40 | 16:33-35 | 18:39-40 | 20:40-40
1;0;42;117,278125;0;0;4;12;2;1;5;13;13;12;37;8;17;33;16;38;21;39;31;40;True;40;0;61;0;1:0-0 | 2:0-5 | 6:1-4 | 5:2-4 | 3:4-8 | 7:5-8 | 12:8-16 | 10:12-19 | 4:12-16 | 8:13-16 | 9:13-17 | 15:16-21 | 13:17-21 | 17:21-31 | 19:31-40 | 14:33-40 | 11:37-40 | 16:38-40 | 18:39-40 | 20:40-40
1;0;43;124,428125;0;0;4;12;6;24;5;13;17;7;10;8;17;33;16;38;21;39;31;40;True;40;0;62;0;1:0-0 | 2:0-5 | 3:4-8 | 7:5-8 | 5:6-8 | 10:7-14 | 12:8-16 | 11:10-13 | 4:12-16 | 8:13-16 | 15:16-21 | 13:17-21 | 9:17-21 | 17:21-31 | 6:24-27 | 19:31-40 | 14:33-40 | 16:38-40 | 18:39-40 | 20:40-40
1;0;44;149,178125;0;0;4;12;13;2;5;13;17;9;15;8;17;33;16;38;21;39;31;40;True;40;0;63;0;1:0-0 | 2:0-5 | 6:2-5 | 3:4-8 | 7:5-8 | 12:8-16 | 10:9-16 | 4:12-16 | 5:13-15 | 8:13-16 | 11:15-18 | 15:16-21 | 13:17-21 | 9:17-21 | 17:21-31 | 19:31-40 | 14:33-40 | 16:38-40 | 18:39-40 | 20:40-40
1;0;45;116,678125;0;0;4;12;19;14;5;13;7;16;30;8;14;12;16;37;21;39;31;40;True;40;1;0;1;1:0-0 | 2:0-5 | 3:4-8 | 7:5-8 | 9:7-11 | 12:8-16 | 14:12-19 | 4:12-16 | 8:13-16 | 13:14-18 | 6:14-17 | 10:16-23 | 15:16-21 | 5:19-21 | 17:21-31 | 11:30-33 | 19:31-40 | 16:37-39 | 18:39-40 | 20:40-40
1;0;46;138,028125;0;0;4;12;11;4;5;13;17;7;17;8;17;18;16;38;21;39;31;40;True;40;1;1;1;1:0-0 | 2:0-5 | 3:4-8 | 6:4-7 | 7:5-8 | 10:7-14 | 12:8-16 | 5:11-13 | 4:12-16 | 8:13-16 | 15:16-21 | 11:17-20 | 13:17-21 | 9:17-21 | 14:18-25 | 17:21-31 | 19:31-40 | 16:38-40 | 18:39-40 | 20:40-40
1;0;47;145,628125;0;0;4;12;19;25;5;13;11;10;13;8;16;17;16;28;21;35;31;40;True;40;1;3;1;1:0-0 | 2:0-5 | 3:4-8 | 7:5-8 | 12:8-16 | 10:10-17 | 9:11-15 | 4:12-16 | 11:13-16 | 8:13-16 | 13:16-20 | 15:16-21 | 14:17-24 | 5:19-21 | 17:21-31 | 6:25-28 | 16:28-30 | 19:31-40 | 18:35-36 | 20:40-40
1;0;48;128,278125;0;0;4;12;19;1;5;8;13;24;12;8;17;32;16;24;21;37;31;40;True;40;1;4;1;1:0-0 | 2:0-5 | 6:1-4 | 3:4-8 | 7:5-8 | 12:8-16 | 8:8-11 | 11:12-15 | 4:12-16 | 9:13-17 | 15:16-21 | 13:17-21 | 5:19-21 | 17:21-31 | 10:24-31 | 16:24-26 | 19:31-40 | 14:32-39 | 18:37-38 | 20:40-40
1;0;49;123,478125;0;0;4;12;19;1;5;10;17;7;8;8;17;29;16;38;21;30;31;40;True;40;1;5;1;1:0-0 | 2:0-5 | 6:1-4 | 3:4-8 | 7:5-8 | 10:7-14 | 11:8-11 | 12:8-16 | 8:10-13 | 4:12-16 | 15:16-21 | 13:17-21 | 9:17-21 | 5:19-21 | 17:21-31 | 14:29-36 | 18:30-31 | 19:31-40 | 16:38-40 | 20:40-40
1;0;50;131,928125;0;0;4;4;10;15;5;8;6;8;8;8;17;15;16;34;21;39;31;40;True;40;1;6;1;1:0-0 | 2:0-5 | 3:4-8 | 4:4-8 | 7:5-8 | 9:6-10 | 10:8-15 | 11:8-11 | 12:8-16 | 8:8-11 | 5:10-12 | 14:15-22 | 6:15-18 | 15:16-21 | 13:17-21 | 17:21-31 | 19:31-40 | 16:34-36 | 18:39-40 | 20:40-40
1;0;51;118,728125;0;0;4;12;17;6;5;13;14;24;10;8;17;13;16;26;21;39;31;40;True;40;1;7;1;1:0-0 | 2:0-5 | 3:4-8 | 7:5-8 | 6:6-9 | 12:8-16 | 11:10-13 | 4:12-16 | 14:13-20 | 8:13-16 | 9:14-18 | 15:16-21 | 13:17-21 | 5:17-19 | 17:21-31 | 10:24-31 | 16:26-28 | 19:31-40 | 18:39-40 | 20:40-40
1;0;52;132,178125;0;0;4;4;19;11;5;9;17;12;35;8;17;19;16;38;21;39;31;40;True;40;1;9;1;1:0-0 | 2:0-5 | 3:4-8 | 4:4-8 | 7:5-8 | 12:8-16 | 8:9-12 | 6:11-14 | 10:12-19 | 15:16-21 | 13:17-21 | 9:17-21 | 14:19-26 | 5:19-21 | 17:21-31 | 19:31-40 | 11:35-38 | 16:38-40 | 18:39-40 | 20:40-40
1;0;53;106,128125;0;0;4;12;9;15;5;13;17;17;22;8;17;31;16;38;21;35;31;40;True;40;1;14;1;1:0-0 | 2:0-5 | 3:4-8 | 7:5-8 | 12:8-16 | 5:9-11 | 4:12-16 | 8:13-16 | 6:15-18 | 15:16-21 | 10:17-24 | 13:17-21 | 9:17-21 | 17:21-31 | 11:22-25 | 14:31-38 | 19:31-40 | 18:35-36 | 16:38-40 | 20:40-40
1;0;54;139,878125;0;0;4;3;18;0;5;13;17;7;7;8;17;19;16;38;21;39;31;40;True;40;1;15;1;1:0-0 | 2:0-5 | 6:0-3 | 4:3-7 | 3:4-8 | 7:5-8 | 10:7-14 | 11:7-10 | 12:8-16 | 8:13-16 | 15:16-21 | 13:17-21 | 9:17-21 | 5:18-20 | 14:19-26 | 17:21-31 | 19:31-40 | 16:38-40 | 18:39-40 | 20:40-40
1;0;55;116,228125;0;0;4;5;11;17;5;13;14;5;25;8;17;30;16;36;21;39;31;40;True;40;1;16;1;1:0-0 | 2:0-5 | 3:4-8 | 10:5-12 | 4:5-9 | 7:5-8 | 12:8-16 | 5:11-13 | 8:13-16 | 9:14-18 | 15:16-21 | 13:17-21 | 6:17-20 | 17:21-31 | 11:25-28 | 14:30-37 | 19:31-40 | 16:36-38 | 18:39-40 | 20:40-40
1;0;56;130,528125;0;0;4;12;14;0;5;8;11;7;14;8;17;33;16;34;21;39;31;40;True;40;1;17;1;1:0-0 | 2:0-5 | 6:0-3 | 3:4-8 | 7:5-8 | 10:7-14 | 12:8-16 | 8:8-11 | 9:11-15 | 4:12-16 | 11:14-17 | 5:14-16 | 15:16-21 | 13:17-21 | 17:21-31 | 19:31-40 | 14:33-40 | 16:34-36 | 18:39-40 | 20:40-40
1;0;57;127,728125;0;0;4;12;19;26;5;13;10;18;34;8;17;31;16;26;21;38;31;40;True;40;1;18;1;1:0-0 | 2:0-5 | 3:4-8 | 7:5-8 | 12:8-16 | 9:10-14 | 4:12-16 | 8:13-16 | 15:16-21 | 13:17-21 | 10:18-25 | 5:19-21 | 17:21-31 | 16:26-28 | 6:26-29 | 14:31-38 | 19:31-40 | 11:34-37 | 18:38-39 | 20:40-40
1;0;58;144,878125;0;0;4;12;5;2;5;13;8;5;14;8;17;15;16;29;21;39;31;40;True;40;1;20;1;1:0-0 | 2:0-5 | 6:2-5 | 3:4-8 | 10:5-12 | 5:5-7 | 7:5-8 | 12:8-16 | 9:8-12 | 4:12-16 | 8:13-16 | 11:14-17 | 14:15-22 | 15:16-21 | 13:17-21 | 17:21-31 | 16:29-31 | 19:31-40 | 18:39-40 | 20:40-40
1;0;59;102,628125;0;0;4;12;14;5;5;11;17;11;30;8;17;27;16;29;21;39;31;40;True;40;1;21;1;1:0-0 | 2:0-5 | 3:4-8 | 6:5-8 | 7:5-8 | 12:8-16 | 10:11-18 | 8:11-14 | 4:12-16 | 5:14-16 | 15:16-21 | 13:17-21 | 9:17-21 | 17:21-31 | 14:27-34 | 16:29-31 | 11:30-33 | 19:31-40 | 18:39-40 | 20:40-40
1;0;60;134,478125;0;0;4;12;10;13;5;13;7;24;17;8;15;32;16;31;21;39;31;40;True;40;1;23;1;1:0-0 | 2:0-5 | 3:4-8 | 7:5-8 | 9:7-11 | 12:8-16 | 5:10-12 | 4:12-16 | 6:13-16 | 8:13-16 | 13:15-19 | 15:16-21 | 11:17-20 | 17:21-31 | 10:24-31 | 16:31-33 | 19:31-40 | 14:32-39 | 18:39-40 | 20:40-40
1;0;61;135,228125;0;0;4;8;19;2;5;7;14;10;21;8;17;12;16;38;21;39;31;40;True;40;1;24;1;1:0-0 | 2:0-5 | 6:2-5 | 3:4-8 | 7:5-8 | 8:7-10 | 12:8-16 | 4:8-12 | 10:10-17 | 14:12-19 | 9:14-18 | 15:16-21 | 13:17-21 | 5:19-21 | 11:21-24 | 17:21-31 | 19:31-40 | 16:38-40 | 18:39-40 | 20:40-40
1;0;62;125,928125;0;0;4;12;19;11;5;13;17;8;10;8;17;24;16;38;21;39;31;40;True;40;1;25;1;1:0-0 | 2:0-5 | 3:4-8 | 7:5-8 | 10:8-15 | 12:8-16 | 11:10-13 | 6:11-14 | 4:12-16 | 8:13-16 | 15:16-21 | 13:17-21 | 9:17-21 | 5:19-21 | 17:21-31 | 14:24-31 | 19:31-40 | 16:38-40 | 18:39-40 | 20:40-40
1;0;63;139,378125;0;0;4;12;19;20;5;13;11;7;10;8;11;20;16;36;21;39;31;40;True;40;1;26;1;1:0-0 | 2:0-5 | 3:4-8 | 7:5-8 | 10:7-14 | 12:8-16 | 11:10-13 | 13:11-15 | 9:11-15 | 4:12-16 | 8:13-16 | 15:16-21 | 5:19-21 | 14:20-27 | 6:20-23 | 17:21-31 | 19:31-40 | 16:36-38 | 18:39-40 | 20:40-40
1;0;64;113,828125;0;0;4;12;15;19;5;13;16;8;8;8;17;10;16;25;21;36;31;40;True;40;1;27;1;1:0-0 | 2:0-5 | 3:4-8 | 7:5-8 | 10:8-15 | 11:8-11 | 12:8-16 | 14:10-17 | 4:12-16 | 8:13-16 | 5:15-17 | 15:16-21 | 9:16-20 | 13:17-21 | 6:19-22 | 17:21-31 | 16:25-27 | 19:31-40 | 18:36-37 | 20:40-40
1;0;65;114,078125;0;0;4;12;3;21;5;6;7;23;37;8;17;18;16;33;21;39;31;40;True;40;1;29;1;1:0-0 | 2:0-5 | 5:3-5 | 3:4-8 | 7:5-8 | 8:6-9 | 9:7-11 | 12:8-16 | 4:12-16 | 15:16-21 | 13:17-21 | 14:18-25 | 17:21-31 | 6:21-24 | 10:23-30 | 19:31-40 | 16:33-35 | 11:37-40 | 18:39-40 | 20:40-40
1;0;66;143,078125;0;0;4;12;19;10;5;13;8;7;20;8;17;12;16;33;21;39;31;40;True;40;1;30;1;1:0-0 | 2:0-5 | 3:4-8 | 7:5-8 | 10:7-14 | 12:8-16 | 9:8-12 | 6:10-13 | 14:12-19 | 4:12-16 | 8:13-16 | 15:16-21 | 13:17-21 | 5:19-21 | 11:20-23 | 17:21-31 | 19:31-40 | 16:33-35 | 18:39-40 | 20:40-40
1;0;67;114,428125;0;0;4;12;13;1;5;11;17;13;32;8;16;15;16;29;21;39;31;40;True;40;1;33;1;1:0-0 | 2:0-5 | 6:1-4 | 3:4-8 | 7:5-8 | 12:8-16 | 8:11-14 | 4:12-16 | 10:13-20 | 5:13-15 | 14:15-22 | 13:16-20 | 15:16-21 | 9:17-21 | 17:21-31 | 16:29-31 | 19:31-40 | 11:32-35 | 18:39-40 | 20:40-40
1;0;68;133,328125;0;0;4;12;19;20;5;13;17;15;24;8;17;26;16;28;21;31;31;40;True;40;1;34;1;1:0-0 | 2:0-5 | 3:4-8 | 7:5-8 | 12:8-16 | 4:12-16 | 8:13-16 | 10:15-22 | 15:16-21 | 13:17-21 | 9:17-21 | 5:19-21 | 6:20-23 | 17:21-31 | 11:24-27 | 14:26-33 | 16:28-30 | 18:31-32 | 19:31-40 | 20:40-40
1;0;69;136,228125;0;0;4;6;17;10;5;11;15;17;14;8;16;11;16;38;21;39;31;40;True;40;1;35;1;1:0-0 | 2:0-5 | 3:4-8 | 7:5-8 | 4:6-10 | 12:8-16 | 6:10-13 | 14:11-18 | 8:11-14 | 11:14-17 | 9:15-19 | 13:16-20 | 15:16-21 | 10:17-24 | 5:17-19 | 17:21-31 | 19:31-40 | 16:38-40 | 18:39-40 | 20:40-40
1;0;70;132,878125;0;0;4;12;19;13;5;13;17;18;11;8;17;29;16;38;21;39;31;40;True;40;1;37;1;1:0-0 | 2:0-5 | 3:4-8 | 7:5-8 | 12:8-16 | 11:11-14 | 4:12-16 | 6:13-16 | 8:13-16 | 15:16-21 | 13:17-21 | 9:17-21 | 10:18-25 | 5:19-21 | 17:21-31 | 14:29-36 | 19:31-40 | 16:38-40 | 18:39-40 | 20:40-40
1;0;71;119,878125;0;0;4;12;7;12;5;13;17;5;29;8;14;20;16;33;21;38;31;40;True;40;1;38;1;1:0-0 | 2:0-5 | 3:4-8 | 10:5-12 | 7:5-8 | 5:7-9 | 12:8-16 | 4:12-16 | 6:12-15 | 8:13-16 | 13:14-18 | 15:16-21 | 9:17-21 | 14:20-27 | 17:21-31 | 11:29-32 | 19:31-40 | 16:33-35 | 18:38-39 | 20:40-40
1;0;72;105,478125;0;0;4;12;15;17;5;8;11;13;10;8;17;29;16;38;21;39;31;40;True;40;1;39;1;1:0-0 | 2:0-5 | 3:4-8 | 7:5-8 | 12:8-16 | 8:8-11 | 11:10-13 | 9:11-15 | 4:12-16 | 10:13-20 | 5:15-17 | 15:16-21 | 13:17-21 | 6:17-20 | 17:21-31 | 14:29-36 | 19:31-40 | 16:38-40 | 18:39-40 | 20:40-40
1;0;73;141,678125;0;0;4;9;19;27;5;13;11;7;20;8;17;26;16;28;21;36;31;40;True;40;1;40;1;1:0-0 | 2:0-5 | 3:4-8 | 7:5-8 | 10:7-14 | 12:8-16 | 4:9-13 | 9:11-15 | 8:13-16 | 15:16-21 | 13:17-21 | 5:19-21 | 11:20-23 | 17:21-31 | 14:26-33 | 6:27-30 | 16:28-30 | 19:31-40 | 18:36-37 | 20:40-40
1;0;74;112,978125;0;0;4;12;7;4;5;13;17;19;24;8;17;21;16;27;21;39;31;40;True;40;1;41;1;1:0-0 | 2:0-5 | 3:4-8 | 6:4-7 | 7:5-8 | 5:7-9 | 12:8-16 | 4:12-16 | 8:13-16 | 15:16-21 | 13:17-21 | 9:17-21 | 10:19-26 | 14:21-28 | 17:21-31 | 11:24-27 | 16:27-29 | 19:31-40 | 18:39-40 | 20:40-40
1;0;75;154,828125;0;0;4;12;7;11;5;13;17;7;15;8;14;11;16;38;21;39;31;40;True;40;1;42;1;1:0-0 | 2:0-5 | 3:4-8 | 7:5-8 | 10:7-14 | 5:7-9 | 12:8-16 | 14:11-18 | 6:11-14 | 4:12-16 | 8:13-16 | 13:14-18 | 11:15-18 | 15:16-21 | 9:17-21 | 17:21-31 | 19:31-40 | 16:38-40 | 18:39-40 | 20:40-40
1;0;76;131,328125;0;0;4;12;18;2;5;13;17;8;22;8;17;33;16;36;21;39;31;40;True;40;1;43;1;1:0-0 | 2:0-5 | 6:2-5 | 3:4-8 | 7:5-8 | 10:8-15 | 12:8-16 | 4:12-16 | 8:13-16 | 15:16-21 | 13:17-21 | 9:17-21 | 5:18-20 | 17:21-31 | 11:22-25 | 19:31-40 | 14:33-40 | 16:36-38 | 18:39-40 | 20:40-40
1;0;77;146,678125;0;0;4;12;19;19;5;13;17;19;5;8;17;29;16;36;21;36;31;40;True;40;1;44;1;1:0-0 | 2:0-5 | 3:4-8 | 11:5-8 | 7:5-8 | 12:8-16 | 4:12-16 | 8:13-16 | 15:16-21 | 13:17-21 | 9:17-21 | 10:19-26 | 5:19-21 | 6:19-22 | 17:21-31 | 14:29-36 | 19:31-40 | 16:36-38 | 18:36-37 | 20:40-40
1;0;78;112,428125;0;0;4;12;5;6;5;13;17;16;8;8;17;12;16;38;21;38;31;40;True;40;1;50;1;1:0-0 | 2:0-5 | 3:4-8 | 5:5-7 | 7:5-8 | 6:6-9 | 11:8-11 | 12:8-16 | 14:12-19 | 4:12-16 | 8:13-16 | 10:16-23 | 15:16-21 | 13:17-21 | 9:17-21 | 17:21-31 | 19:31-40 | 16:38-40 | 18:38-39 | 20:40-40
1;0;79;150,128125;0;0;4;12;17;22;5;13;17;5;13;8;17;19;16;26;21;39;31;40;True;40;1;51;1;1:0-0 | 2:0-5 | 3:4-8 | 10:5-12 | 7:5-8 | 12:8-16 | 4:12-16 | 11:13-16 | 8:13-16 | 15:16-21 | 13:17-21 | 5:17-19 | 9:17-21 | 14:19-26 | 17:21-31 | 6:22-25 | 16:26-28 | 19:31-40 | 18:39-40 | 20:40-40
1;0;80;156,778125;0;0;4;12;19;5;5;13;17;5;18;8;17;11;16;33;21;39;31;40;True;40;1;52;1;1:0-0 | 2:0-5 | 3:4-8 | 10:5-12 | 6:5-8 | 7:5-8 | 12:8-16 | 14:11-18 | 4:12-16 | 8:13-16 | 15:16-21 | 13:17-21 | 9:17-21 | 11:18-21 | 5:19-21 | 17:21-31 | 19:31-40 | 16:33-35 | 18:39-40 | 20:40-40
1;0;81;142,928125;0;0;4;11;19;0;5;13;8;6;12;8;17;31;16;38;21;39;31;40;True;40;1;53;1;1:0-0 | 2:0-5 | 6:0-3 | 3:4-8 | 7:5-8 | 10:6-13 | 12:8-16 | 9:8-12 | 4:11-15 | 11:12-15 | 8:13-16 | 15:16-21 | 13:17-21 | 5:19-21 | 17:21-31 | 14:31-38 | 19:31-40 | 16:38-40 | 18:39-40 | 20:40-40
1;0;82;148,978125;0;0;4;12;19;3;5;13;17;11;16;8;17;30;16;38;21;35;31;40;True;40;1;54;1;1:0-0 | 2:0-5 | 6:3-6 | 3:4-8 | 7:5-8 | 12:8-16 | 10:11-18 | 4:12-16 | 8:13-16 | 11:16-19 | 15:16-21 | 13:17-21 | 9:17-21 | 5:19-21 | 17:21-31 | 14:30-37 | 19:31-40 | 18:35-36 | 16:38-40 | 20:40-40
1;0;83;116,328125;0;0;3;8;17;20;5;13;17;12;26;8;17;31;16;38;21;36;31;40;True;40;1;55;1;1:0-0 | 2:0-5 | 3:3-7 | 7:5-8 | 12:8-16 | 4:8-12 | 10:12-19 | 8:13-16 | 15:16-21 | 13:17-21 | 5:17-19 | 9:17-21 | 6:20-23 | 17:21-31 | 11:26-29 | 14:31-38 | 19:31-40 | 18:36-37 | 16:38-40 | 20:40-40
1;0;84;126,228125;0;0;4;12;19;0;5;13;16;12;21;8;15;15;16;38;21;39;31;40;True;40;1;57;1;1:0-0 | 2:0-5 | 6:0-3 | 3:4-8 | 7:5-8 | 12:8-16 | 10:12-19 | 4:12-16 | 8:13-16 | 13:15-19 | 14:15-22 | 15:16-21 | 9:16-20 | 5:19-21 | 11:21-24 | 17:21-31 | 19:31-40 | 16:38-40 | 18:39-40 | 20:40-40
1;0;85;131,278125;0;0;4;12;12;4;5;12;6;6;20;8;17;26;16;23;21;39;31;40;True;40;1;58;1;1:0-0 | 2:0-5 | 3:4-8 | 6:4-7 | 7:5-8 | 10:6-13 | 9:6-10 | 12:8-16 | 4:12-16 | 5:12-14 | 8:12-15 | 15:16-21 | 13:17-21 | 11:20-23 | 17:21-31 | 16:23-25 | 14:26-33 | 19:31-40 | 18:39-40 | 20:40-40
1;0;86;142,478125;0;0;4;11;19;21;5;13;17;8;13;8;17;31;16;38;21;39;31;40;True;40;1;61;1;1:0-0 | 2:0-5 | 3:4-8 | 7:5-8 | 10:8-15 | 12:8-16 | 4:11-15 | 11:13-16 | 8:13-16 | 15:16-21 | 13:17-21 | 9:17-21 | 5:19-21 | 17:21-31 | 6:21-24 | 14:31-38 | 19:31-40 | 16:38-40 | 18:39-40 | 20:40-40
1;0;87;165,228125;0;0;4;12;19;20;5;13;17;21;19;8;17;28;16;25;21;32;31;40;True;40;1;62;1;1:0-0 | 2:0-5 | 3:4-8 | 7:5-8 | 12:8-16 | 4:12-16 | 8:13-16 | 15:16-21 | 13:17-21 | 9:17-21 | 11:19-22 | 5:19-21 | 6:20-23 | 10:21-28 | 17:21-31 | 16:25-27 | 14:28-35 | 19:31-40 | 18:32-33 | 20:40-40
1;0;88;165,878125;0;0;4;12;19;17;5;13;16;12;17;8;17;32;16;38;21;39;31;40;True;40;1;63;1;1:0-0 | 2:0-5 | 3:4-8 | 7:5-8 | 12:8-16 | 10:12-19 | 4:12-16 | 8:13-16 | 15:16-21 | 9:16-20 | 11:17-20 | 13:17-21 | 6:17-20 | 5:19-21 | 17:21-31 | 19:31-40 | 14:32-39 | 16:38-40 | 18:39-40 | 20:40-40
1;0;89;98,828125;0;0;4;10;8;17;5;13;10;8;22;8;17;26;16;38;21;33;31;40;True;40;2;0;2;1:0-0 | 2:0-5 | 3:4-8 | 7:5-8 | 10:8-15 | 12:8-16 | 5:8-10 | 4:10-14 | 9:10-14 | 8:13-16 | 15:16-21 | 13:17-21 | 6:17-20 | 17:21-31 | 11:22-25 | 14:26-33 | 19:31-40 | 18:33-34 | 16:38-40 | 20:40-40
1;0;90;158,928125;0;0;4;10;19;7;5;13;8;20;18;8;17;12;16;30;21;39;31;40;True;40;2;1;2;1:0-0 | 2:0-5 | 3:4-8 | 7:5-8 | 6:7-10 | 12:8-16 | 9:8-12 | 4:10-14 | 14:12-19 | 8:13-16 | 15:16-21 | 13:17-21 | 11:18-21 | 5:19-21 | 10:20-27 | 17:21-31 | 16:30-32 | 19:31-40 | 18:39-40 | 20:40-40
1;0;91;117,328125;0;0;4;12;18;4;5;13;17;6;29;8;14;15;16;36;21;39;31;40;True;40;2;2;2;1:0-0 | 2:0-5 | 3:4-8 | 6:4-7 | 7:5-8 | 10:6-13 | 12:8-16 | 4:12-16 | 8:13-16 | 13:14-18 | 14:15-22 | 15:16-21 | 9:17-21 | 5:18-20 | 17:21-31 | 11:29-32 | 19:31-40 | 16:36-38 | 18:39-40 | 20:40-40
1;0;92;139,528125;0;0;4;12;19;24;5;13;17;10;6;8;17;15;16;38;21;39;31;40;True;40;2;4;2;1:0-0 | 2:0-5 | 3:4-8 | 7:5-8 | 11:6-9 | 12:8-16 | 10:10-17 | 4:12-16 | 8:13-16 | 14:15-22 | 15:16-21 | 13:17-21 | 9:17-21 | 5:19-21 | 17:21-31 | 6:24-27 | 19:31-40 | 16:38-40 | 18:39-40 | 20:40-40
1;0;93;159,428125;0;0;4;12;19;16;5;13;10;5;14;8;12;27;16;38;21;39;31;40;True;40;2;5;2;1:0-0 | 2:0-5 | 3:4-8 | 10:5-12 | 7:5-8 | 12:8-16 | 9:10-14 | 13:12-16 | 4:12-16 | 8:13-16 | 11:14-17 | 15:16-21 | 6:16-19 | 5:19-21 | 17:21-31 | 14:27-34 | 19:31-40 | 16:38-40 | 18:39-40 | 20:40-40
1;0;94;114,028125;0;0;4;12;11;14;5;13;17;5;27;8;15;30;16;37;21;35;31;40;True;40;2;7;2;1:0-0 | 2:0-5 | 3:4-8 | 10:5-12 | 7:5-8 | 12:8-16 | 5:11-13 | 4:12-16 | 8:13-16 | 6:14-17 | 13:15-19 | 15:16-21 | 9:17-21 | 17:21-31 | 11:27-30 | 14:30-37 | 19:31-40 | 18:35-36 | 16:37-39 | 20:40-40
1;0;95;128,828125;0;0;4;12;18;16;5;13;17;5;22;8;17;33;16;26;21;39;31;40;True;40;2;9;2;1:0-0 | 2:0-5 | 3:4-8 | 10:5-12 | 7:5-8 | 12:8-16 | 4:12-16 | 8:13-16 | 15:16-21 | 6:16-19 | 13:17-21 | 9:17-21 | 5:18-20 | 17:21-31 | 11:22-25 | 16:26-28 | 19:31-40 | 14:33-40 | 18:39-40 | 20:40-40
1;0;96;107,378125;0;0;4;12;16;6;5;13;17;5;31;8;17;26;16;21;21;39;31;40;True;40;2;11;2;1:0-0 | 2:0-5 | 3:4-8 | 10:5-12 | 7:5-8 | 6:6-9 | 12:8-16 | 4:12-16 | 8:13-16 | 15:16-21 | 5:16-18 | 13:17-21 | 9:17-21 | 16:21-23 | 17:21-31 | 14:26-33 | 11:31-34 | 19:31-40 | 18:39-40 | 20:40-40
1;0;97;121,978125;0;0;4;12;7;0;5;13;17;9;23;8;17;33;16;28;21;39;31;40;True;40;2;12;2;1:0-0 | 2:0-5 | 6:0-3 | 3:4-8 | 7:5-8 | 5:7-9 | 12:8-16 | 10:9-16 | 4:12-16 | 8:13-16 | 15:16-21 | 13:17-21 | 9:17-21 | 17:21-31 | 11:23-26 | 16:28-30 | 19:31-40 | 14:33-40 | 18:39-40 | 20:40-40
1;0;98;110,678125;0;0;4;8;19;13;5;13;7;14;30;8;17;17;16;23;21;39;31;40;True;40;2;17;2;1:0-0 | 2:0-5 | 3:4-8 | 7:5-8 | 9:7-11 | 12:8-16 | 4:8-12 | 6:13-16 | 8:13-16 | 10:14-21 | 15:16-21 | 13:17-21 | 14:17-24 | 5:19-21 | 17:21-31 | 16:23-25 | 11:30-33 | 19:31-40 | 18:39-40 | 20:40-40
1;0;99;136,628125;0;0;4;12;19;2;5;6;17;21;11;8;17;33;16;38;21;39;31;40;True;40;2;21;2;1:0-0 | 2:0-5 | 6:2-5 | 3:4-8 | 7:5-8 | 8:6-9 | 12:8-16 | 11:11-14 | 4:12-16 | 15:16-21 | 13:17-21 | 9:17-21 | 5:19-21 | 10:21-28 | 17:21-31 | 19:31-40 | 14:33-40 | 16:38-40 | 18:39-40 | 20:40-40
1;0;100;150,628125;0;0;4;12;19;18;5;13;15;8;16;8;17;29;16;38;21;39;31;40;True;40;2;22;2;1:0-0 | 2:0-5 | 3:4-8 | 7:5-8 | 10:8-15 | 12:8-16 | 4:12-16 | 8:13-16 | 9:15-19 | 11:16-19 | 15:16-21 | 13:17-21 | 6:18-21 | 5:19-21 | 17:21-31 | 14:29-36 | 19:31-40 | 16:38-40 | 18:39-40 | 20:40-40
1;0;101;142,728125;0;0;4;12;19;12;5;13;17;7;12;8;17;33;16;30;21;39;31;40;True;40;2;23;2;1:0-0 | 2:0-5 | 3:4-8 | 7:5-8 | 10:7-14 | 12:8-16 | 11:12-15 | 4:12-16 | 6:12-15 | 8:13-16 | 15:16-21 | 13:17-21 | 9:17-21 | 5:19-21 | 17:21-31 | 16:30-32 | 19:31-40 | 14:33-40 | 18:39-40 | 20:40-40
1;0;102;126,478125;0;0;4;12;19;8;5;13;17;16;37;8;17;33;16;38;21;39;31;40;True;40;2;24;2;1:0-0 | 2:0-5 | 3:4-8 | 7:5-8 | 12:8-16 | 6:8-11 | 4:12-16 | 8:13-16 | 10:16-23 | 15:16-21 | 13:17-21 | 9:17-21 | 5:19-21 | 17:21-31 | 19:31-40 | 14:33-40 | 11:37-40 | 16:38-40 | 18:39-40 | 20:40-40
1;0;103;113,828125;0;0;4;12;9;15;5;13;15;22;8;8;17;24;16;38;21;39;31;40;True;40;2;25;2;1:0-0 | 2:0-5 | 3:4-8 | 7:5-8 | 11:8-11 | 12:8-16 | 5:9-11 | 4:12-16 | 8:13-16 | 6:15-18 | 9:15-19 | 15:16-21 | 13:17-21 | 17:21-31 | 10:22-29 | 14:24-31 | 19:31-40 | 16:38-40 | 18:39-40 | 20:40-40
1;0;104;143,978125;0;0;4;12;16;0;5;13;11;23;6;8;15;29;16;32;21;39;31;40;True;40;2;26;2;1:0-0 | 2:0-5 | 6:0-3 | 3:4-8 | 7:5-8 | 11:6-9 | 12:8-16 | 9:11-15 | 4:12-16 | 8:13-16 | 13:15-19 | 15:16-21 | 5:16-18 | 17:21-31 | 10:23-30 | 14:29-36 | 19:31-40 | 16:32-34 | 18:39-40 | 20:40-40
1;0;105;119,678125;0;0;4;12;17;5;5;13;17;15;23;8;17;14;16;38;21;39;31;40;True;40;2;27;2;1:0-0 | 2:0-5 | 3:4-8 | 6:5-8 | 7:5-8 | 12:8-16 | 4:12-16 | 8:13-16 | 14:14-21 | 10:15-22 | 15:16-21 | 13:17-21 | 5:17-19 | 9:17-21 | 17:21-31 | 11:23-26 | 19:31-40 | 16:38-40 | 18:39-40 | 20:40-40
1;0;106;123,878125;0;0;4;12;19;2;5;11;7;6;9;8;17;14;16;35;21;39;31;40;True;40;2;28;2;1:0-0 | 2:0-5 | 6:2-5 | 3:4-8 | 7:5-8 | 10:6-13 | 9:7-11 | 12:8-16 | 11:9-12 | 8:11-14 | 4:12-16 | 14:14-21 | 15:16-21 | 13:17-21 | 5:19-21 | 17:21-31 | 19:31-40 | 16:35-37 | 18:39-40 | 20:40-40
1;0;107;146,778125;0;0;4;11;19;5;5;13;14;11;17;8;17;15;16;34;21;39;31;40;True;40;2;29;2;1:0-0 | 2:0-5 | 3:4-8 | 6:5-8 | 7:5-8 | 12:8-16 | 10:11-18 | 4:11-15 | 8:13-16 | 9:14-18 | 14:15-22 | 15:16-21 | 11:17-20 | 13:17-21 | 5:19-21 | 17:21-31 | 19:31-40 | 16:34-36 | 18:39-40 | 20:40-40
1;0;108;116,978125;0;0;4;12;13;9;5;13;7;21;31;8;17;9;16;34;21;39;31;40;True;40;2;31;2;1:0-0 | 2:0-5 | 3:4-8 | 7:5-8 | 9:7-11 | 12:8-16 | 14:9-16 | 6:9-12 | 4:12-16 | 5:13-15 | 8:13-16 | 15:16-21 | 13:17-21 | 10:21-28 | 17:21-31 | 11:31-34 | 19:31-40 | 16:34-36 | 18:39-40 | 20:40-40
1;0;109;115,828125;0;0;4;12;3;14;5;13;17;14;26;8;17;32;16;27;21;39;31;40;True;40;2;32;2;1:0-0 | 2:0-5 | 5:3-5 | 3:4-8 | 7:5-8 | 12:8-16 | 4:12-16 | 8:13-16 | 10:14-21 | 6:14-17 | 15:16-21 | 13:17-21 | 9:17-21 | 17:21-31 | 11:26-29 | 16:27-29 | 19:31-40 | 14:32-39 | 18:39-40 | 20:40-40
1;0;110;124,578125;0;0;4;12;19;4;5;10;17;5;11;8;17;33;16;38;21;36;31;40;True;40;2;36;2;1:0-0 | 2:0-5 | 3:4-8 | 6:4-7 | 10:5-12 | 7:5-8 | 12:8-16 | 8:10-13 | 11:11-14 | 4:12-16 | 15:16-21 | 13:17-21 | 9:17-21 | 5:19-21 | 17:21-31 | 19:31-40 | 14:33-40 | 18:36-37 | 16:38-40 | 20:40-40
1;0;111;131,578125;0;0;4;12;8;11;5;7;17;20;5;8;17;22;16;38;21;39;31;40;True;40;2;37;2;1:0-0 | 2:0-5 | 3:4-8 | 11:5-8 | 7:5-8 | 8:7-10 | 12:8-16 | 5:8-10 | 6:11-14 | 4:12-16 | 15:16-21 | 13:17-21 | 9:17-21 | 10:20-27 | 17:21-31 | 14:22-29 | 19:31-40 | 16:38-40 | 18:39-40 | 20:40-40
1;0;112;144,878125;0;0;4;12;18;11;5;13;14;7;13;8;17;9;16;38;21;39;31;40;True;40;2;38;2;1:0-0 | 2:0-5 | 3:4-8 | 7:5-8 | 10:7-14 | 12:8-16 | 14:9-16 | 6:11-14 | 4:12-16 | 11:13-16 | 8:13-16 | 9:14-18 | 15:16-21 | 13:17-21 | 5:18-20 | 17:21-31 | 19:31-40 | 16:38-40 | 18:39-40 | 20:40-40
1;0;113;117,228125;0;0;4;8;19;3;5;13;17;16;25;8;17;20;16;31;21;39;31;40;True;40;2;39;2;1:0-0 | 2:0-5 | 6:3-6 | 3:4-8 | 7:5-8 | 12:8-16 | 4:8-12 | 8:13-16 | 10:16-23 | 15:16-21 | 13:17-21 | 9:17-21 | 5:19-21 | 14:20-27 | 17:21-31 | 11:25-28 | 16:31-33 | 19:31-40 | 18:39-40 | 20:40-40
1;0;114;127,978125;0;0;4;12;11;21;5;13;15;7;20;8;17;33;16;34;21;39;31;40;True;40;2;40;2;1:0-0 | 2:0-5 | 3:4-8 | 7:5-8 | 10:7-14 | 12:8-16 | 5:11-13 | 4:12-16 | 8:13-16 | 9:15-19 | 15:16-21 | 13:17-21 | 11:20-23 | 17:21-31 | 6:21-24 | 19:31-40 | 14:33-40 | 16:34-36 | 18:39-40 | 20:40-40
1;0;115;112,978125;0;0;4;7;4;18;5;13;10;8;23;8;17;14;16;38;21;31;31;40;True;40;2;43;2;1:0-0 | 2:0-5 | 3:4-8 | 5:4-6 | 7:5-8 | 4:7-11 | 10:8-15 | 12:8-16 | 9:10-14 | 8:13-16 | 14:14-21 | 15:16-21 | 13:17-21 | 6:18-21 | 17:21-31 | 11:23-26 | 18:31-32 | 19:31-40 | 16:38-40 | 20:40-40
1;0;116;154,578125;0;0;4;12;16;0;5;13;17;11;18;8;17;29;16;30;21;39;31;40;True;40;2;44;2;1:0-0 | 2:0-5 | 6:0-3 | 3:4-8 | 7:5-8 | 12:8-16 | 10:11-18 | 4:12-16 | 8:13-16 | 15:16-21 | 5:16-18 | 13:17-21 | 9:17-21 | 11:18-21 | 17:21-31 | 14:29-36 | 16:30-32 | 19:31-40 | 18:39-40 | 20:40-40
1;0;117;122,678125;0;0;4;12;19;19;5;7;17;7;31;8;17;33;16;38;21;33;31;40;True;40;2;45;2;1:0-0 | 2:0-5 | 3:4-8 | 7:5-8 | 10:7-14 | 8:7-10 | 12:8-16 | 4:12-16 | 15:16-21 | 13:17-21 | 9:17-21 | 5:19-21 | 6:19-22 | 17:21-31 | 11:31-34 | 19:31-40 | 14:33-40 | 18:33-34 | 16:38-40 | 20:40-40
1;0;118;133,328125;0;0;4;12;19;28;5;13;17;7;21;8;17;19;16;25;21;39;31;40;True;40;2;46;2;1:0-0 | 2:0-5 | 3:4-8 | 7:5-8 | 10:7-14 | 12:8-16 | 4:12-16 | 8:13-16 | 15:16-21 | 13:17-21 | 9:17-21 | 14:19-26 | 5:19-21 | 11:21-24 | 17:21-31 | 16:25-27 | 6:28-31 | 19:31-40 | 18:39-40 | 20:40-40
1;0;119;139,378125;0;0;4;12;19;9;5;13;17;15;17;8;11;23;16;26;21;39;31;40;True;40;2;47;2;1:0-0 | 2:0-5 | 3:4-8 | 7:5-8 | 12:8-16 | 6:9-12 | 13:11-15 | 4:12-16 | 8:13-16 | 10:15-22 | 15:16-21 | 11:17-20 | 9:17-21 | 5:19-21 | 17:21-31 | 14:23-30 | 16:26-28 | 19:31-40 | 18:39-40 | 20:40-40
1;0;120;138,628125;0;0;4;12;19;19;5;13;17;13;12;8;15;8;16;38;21;39;31;40;True;40;2;48;2;1:0-0 | 2:0-5 | 3:4-8 | 7:5-8 | 12:8-16 | 14:8-15 | 11:12-15 | 4:12-16 | 10:13-20 | 8:13-16 | 13:15-19 | 15:16-21 | 9:17-21 | 5:19-21 | 6:19-22 | 17:21-31 | 19:31-40 | 16:38-40 | 18:39-40 | 20:40-40
1;0;121;119,628125;0;0;4;9;19;7;5;12;11;5;14;8;17;33;16;34;21;32;31;40;True;40;2;49;2;1:0-0 | 2:0-5 | 3:4-8 | 10:5-12 | 7:5-8 | 6:7-10 | 12:8-16 | 4:9-13 | 9:11-15 | 8:12-15 | 11:14-17 | 15:16-21 | 13:17-21 | 5:19-21 | 17:21-31 | 19:31-40 | 18:32-33 | 14:33-40 | 16:34-36 | 20:40-40
1;0;122;139,678125;0;0;4;12;19;0;5;13;8;15;10;8;10;14;16;27;21;39;31;40;True;40;2;51;2;1:0-0 | 2:0-5 | 6:0-3 | 3:4-8 | 7:5-8 | 12:8-16 | 9:8-12 | 11:10-13 | 13:10-14 | 4:12-16 | 8:13-16 | 14:14-21 | 10:15-22 | 15:16-21 | 5:19-21 | 17:21-31 | 16:27-29 | 19:31-40 | 18:39-40 | 20:40-40
1;0;123;124,028125;0;0;4;12;12;21;5;13;16;6;25;8;17;28;16;36;21;39;31;40;True;40;2;52;2;1:0-0 | 2:0-5 | 3:4-8 | 7:5-8 | 10:6-13 | 12:8-16 | 4:12-16 | 5:12-14 | 8:13-16 | 15:16-21 | 9:16-20 | 13:17-21 | 17:21-31 | 6:21-24 | 11:25-28 | 14:28-35 | 19:31-40 | 16:36-38 | 18:39-40 | 20:40-40
1;0;124;118,428125;0;0;4;12;19;11;5;13;17;13;24;8;15;30;16;38;21;37;31;40;True;40;2;53;2;1:0-0 | 2:0-5 | 3:4-8 | 7:5-8 | 12:8-16 | 6:11-14 | 4:12-16 | 10:13-20 | 8:13-16 | 13:15-19 | 15:16-21 | 9:17-21 | 5:19-21 | 17:21-31 | 11:24-27 | 14:30-37 | 19:31-40 | 18:37-38 | 16:38-40 | 20:40-40
1;0;125;140,078125;0;0;4;9;17;12;5;13;13;7;15;8;17;16;16;38;21;39;31;40;True;40;2;54;2;1:0-0 | 2:0-5 | 3:4-8 | 7:5-8 | 10:7-14 | 12:8-16 | 4:9-13 | 6:12-15 | 8:13-16 | 9:13-17 | 11:15-18 | 14:16-23 | 15:16-21 | 13:17-21 | 5:17-19 | 17:21-31 | 19:31-40 | 16:38-40 | 18:39-40 | 20:40-40
1;0;126;103,528125;0;0;4;12;8;5;5;12;9;10;27;8;17;31;16;38;21;39;31;40;True;40;2;55;2;1:0-0 | 2:0-5 | 3:4-8 | 6:5-8 | 7:5-8 | 12:8-16 | 5:8-10 | 9:9-13 | 10:10-17 | 4:12-16 | 8:12-15 | 15:16-21 | 13:17-21 | 17:21-31 | 11:27-30 | 14:31-38 | 19:31-40 | 16:38-40 | 18:39-40 | 20:40-40
1;0;127;133,728125;0;0;4;12;19;7;5;13;17;17;6;8;17;13;16;38;21;39;31;40;True;40;2;56;2;1:0-0 | 2:0-5 | 3:4-8 | 7:5-8 | 11:6-9 | 6:7-10 | 12:8-16 | 4:12-16 | 14:13-20 | 8:13-16 | 15:16-21 | 10:17-24 | 13:17-21 | 9:17-21 | 5:19-21 | 17:21-31 | 19:31-40 | 16:38-40 | 18:39-40 | 20:40-40
1;0;128;133,478125;0;0;4;12;19;1;5;13;9;7;27;8;17;27;16;38;21;38;31;40;True;40;2;57;2;1:0-0 | 2:0-5 | 6:1-4 | 3:4-8 | 7:5-8 | 10:7-14 | 12:8-16 | 9:9-13 | 4:12-16 | 8:13-16 | 15:16-21 | 13:17-21 | 5:19-21 | 17:21-31 | 11:27-30 | 14:27-34 | 19:31-40 | 16:38-40 | 18:38-39 | 20:40-40
1;0;129;133,178125;0;0;4;12;19;2;5;13;17;22;28;8;17;16;16;34;21;34;31;40;True;40;2;58;2;1:0-0 | 2:0-5 | 6:2-5 | 3:4-8 | 7:5-8 | 12:8-16 | 4:12-16 | 8:13-16 | 14:16-23 | 15:16-21 | 13:17-21 | 9:17-21 | 5:19-21 | 17:21-31 | 10:22-29 | 11:28-31 | 19:31-40 | 16:34-36 | 18:34-35 | 20:40-40
1;0;130;122,328125;0;0;4;12;19;17;5;13;10;11;30;8;17;31;16;31;21;34;31;40;True;40;2;61;2;1:0-0 | 2:0-5 | 3:4-8 | 7:5-8 | 12:8-16 | 9:10-14 | 10:11-18 | 4:12-16 | 8:13-16 | 15:16-21 | 13:17-21 | 6:17-20 | 5:19-21 | 17:21-31 | 11:30-33 | 14:31-38 | 16:31-33 | 19:31-40 | 18:34-35 | 20:40-40
1;0;131;155,578125;0;0;4;12;19;0;5;13;5;5;19;8;17;16;16;38;21;37;31;40;True;40;2;62;2;1:0-0 | 2:0-5 | 6:0-3 | 3:4-8 | 10:5-12 | 7:5-8 | 9:5-9 | 12:8-16 | 4:12-16 | 8:13-16 | 14:16-23 | 15:16-21 | 13:17-21 | 11:19-22 | 5:19-21 | 17:21-31 | 19:31-40 | 18:37-38 | 16:38-40 | 20:40-40
1;0;132;115,078125;0;0;4;9;19;7;5;13;17;8;28;8;17;24;16;38;21;39;31;40;True;40;2;63;2;1:0-0 | 2:0-5 | 3:4-8 | 7:5-8 | 6:7-10 | 10:8-15 | 12:8-16 | 4:9-13 | 8:13-16 | 15:16-21 | 13:17-21 | 9:17-21 | 5:19-21 | 17:21-31 | 14:24-31 | 11:28-31 | 19:31-40 | 16:38-40 | 18:39-40 | 20:40-40
1;0;133;129,228125;0;0;4;5;19;6;5;8;17;17;34;8;17;33;16;38;21;34;31;40;True;40;3;0;3;1:0-0 | 2:0-5 | 3:4-8 | 4:5-9 | 7:5-8 | 6:6-9 | 12:8-16 | 8:8-11 | 15:16-21 | 10:17-24 | 13:17-21 | 9:17-21 | 5:19-21 | 17:21-31 | 19:31-40 | 14:33-40 | 11:34-37 | 18:34-35 | 16:38-40 | 20:40-40
1;0;134;118,678125;0;0;4;12;15;2;5;12;17;6;29;8;17;29;16;38;21;39;31;40;True;40;3;2;3;1:0-0 | 2:0-5 | 6:2-5 | 3:4-8 | 7:5-8 | 10:6-13 | 12:8-16 | 4:12-16 | 8:12-15 | 5:15-17 | 15:16-21 | 13:17-21 | 9:17-21 | 17:21-31 | 11:29-32 | 14:29-36 | 19:31-40 | 16:38-40 | 18:39-40 | 20:40-40
1;0;135;121,378125;0;0;4;12;19;19;5;13;17;9;9;8;14;31;16;34;21;38;31;40;True;40;3;3;3;1:0-0 | 2:0-5 | 3:4-8 | 7:5-8 | 12:8-16 | 10:9-16 | 11:9-12 | 4:12-16 | 8:13-16 | 13:14-18 | 15:16-21 | 9:17-21 | 5:19-21 | 6:19-22 | 17:21-31 | 14:31-38 | 19:31-40 | 16:34-36 | 18:38-39 | 20:40-40
1;0;136;143,678125;0;0;4;12;19;24;5;13;17;6;12;8;17;29;16;37;21;39;31;40;True;40;3;4;3;1:0-0 | 2:0-5 | 3:4-8 | 7:5-8 | 10:6-13 | 12:8-16 | 11:12-15 | 4:12-16 | 8:13-16 | 15:16-21 | 13:17-21 | 9:17-21 | 5:19-21 | 17:21-31 | 6:24-27 | 14:29-36 | 19:31-40 | 16:37-39 | 18:39-40 | 20:40-40
1;0;137;146,878125;0;0;4;12;14;21;5;13;17;18;33;8;13;27;16;38;21;39;31;40;True;40;3;5;3;1:0-0 | 2:0-5 | 3:4-8 | 7:5-8 | 12:8-16 | 4:12-16 | 13:13-17 | 8:13-16 | 5:14-16 | 15:16-21 | 9:17-21 | 10:18-25 | 17:21-31 | 6:21-24 | 14:27-34 | 19:31-40 | 11:33-36 | 16:38-40 | 18:39-40 | 20:40-40
1;0;138;129,978125;0;0;4;12;5;4;5;13;17;12;20;8;17;23;16;36;21;39;31;40;True;40;3;6;3;1:0-0 | 2:0-5 | 3:4-8 | 6:4-7 | 5:5-7 | 7:5-8 | 12:8-16 | 10:12-19 | 4:12-16 | 8:13-16 | 15:16-21 | 13:17-21 | 9:17-21 | 11:20-23 | 17:21-31 | 14:23-30 | 19:31-40 | 16:36-38 | 18:39-40 | 20:40-40
1;0;139;139,778125;0;0;4;12;19;9;5;13;17;6;14;8;17;27;16;37;21;34;31;40;True;40;3;8;3;1:0-0 | 2:0-5 | 3:4-8 | 7:5-8 | 10:6-13 | 12:8-16 | 6:9-12 | 4:12-16 | 8:13-16 | 11:14-17 | 15:16-21 | 13:17-21 | 9:17-21 | 5:19-21 | 17:21-31 | 14:27-34 | 19:31-40 | 18:34-35 | 16:37-39 | 20:40-40
1;0;140;122,828125;0;0;4;12;14;9;5;13;5;11;7;8;17;22;16;38;21;39;31;40;True;40;3;9;3;1:0-0 | 2:0-5 | 3:4-8 | 7:5-8 | 9:5-9 | 11:7-10 | 12:8-16 | 6:9-12 | 10:11-18 | 4:12-16 | 8:13-16 | 5:14-16 | 15:16-21 | 13:17-21 | 17:21-31 | 14:22-29 | 19:31-40 | 16:38-40 | 18:39-40 | 20:40-40
1;0;141;104,428125;0;0;4;10;5;7;5;13;11;12;32;8;17;16;16;37;21;39;31;40;True;40;3;10;3;1:0-0 | 2:0-5 | 3:4-8 | 5:5-7 | 7:5-8 | 6:7-10 | 12:8-16 | 4:10-14 | 9:11-15 | 10:12-19 | 8:13-16 | 14:16-23 | 15:16-21 | 13:17-21 | 17:21-31 | 19:31-40 | 11:32-35 | 16:37-39 | 18:39-40 | 20:40-40
1;0;142;126,828125;0;0;4;6;19;4;5;12;7;11;24;8;17;14;16;38;21;38;31;40;True;40;3;11;3;1:0-0 | 2:0-5 | 3:4-8 | 6:4-7 | 7:5-8 | 4:6-10 | 9:7-11 | 12:8-16 | 10:11-18 | 8:12-15 | 14:14-21 | 15:16-21 | 13:17-21 | 5:19-21 | 17:21-31 | 11:24-27 | 19:31-40 | 16:38-40 | 18:38-39 | 20:40-40
1;0;143;133,178125;0;0;4;12;19;1;5;13;17;19;24;8;17;33;16;38;21;39;31;40;True;40;3;13;3;1:0-0 | 2:0-5 | 6:1-4 | 3:4-8 | 7:5-8 | 12:8-16 | 4:12-16 | 8:13-16 | 15:16-21 | 13:17-21 | 9:17-21 | 10:19-26 | 5:19-21 | 17:21-31 | 11:24-27 | 19:31-40 | 14:33-40 | 16:38-40 | 18:39-40 | 20:40-40
1;0;144;147,628125;0;0;4;12;19;28;5;13;17;5;20;8;17;18;16;38;21;39;31;40;True;40;3;14;3;1:0-0 | 2:0-5 | 3:4-8 | 10:5-12 | 7:5-8 | 12:8-16 | 4:12-16 | 8:13-16 | 15:16-21 | 13:17-21 | 9:17-21 | 14:18-25 | 5:19-21 | 11:20-23 | 17:21-31 | 6:28-31 | 19:31-40 | 16:38-40 | 18:39-40 | 20:40-40
1;0;145;167,878125;0;0;4;12;19;18;5;13;17;8;17;8;17;10;16;28;21;39;31;40;True;40;3;15;3;1:0-0 | 2:0-5 | 3:4-8 | 7:5-8 | 10:8-15 | 12:8-16 | 14:10-17 | 4:12-16 | 8:13-16 | 15:16-21 | 11:17-20 | 13:17-21 | 9:17-21 | 6:18-21 | 5:19-21 | 17:21-31 | 16:28-30 | 19:31-40 | 18:39-40 | 20:40-40
1;0;146;130,128125;0;0;4;12;19;9;5;13;9;11;27;8;17;28;16;32;21;39;31;40;True;40;3;16;3;1:0-0 | 2:0-5 | 3:4-8 | 7:5-8 | 12:8-16 | 6:9-12 | 9:9-13 | 10:11-18 | 4:12-16 | 8:13-16 | 15:16-21 | 13:17-21 | 5:19-21 | 17:21-31 | 11:27-30 | 14:28-35 | 19:31-40 | 16:32-34 | 18:39-40 | 20:40-40
1;0;147;119,478125;0;0;4;12;10;26;5;13;17;9;10;8;17;33;16;37;21;39;31;40;True;40;3;17;3;1:0-0 | 2:0-5 | 3:4-8 | 7:5-8 | 12:8-16 | 10:9-16 | 11:10-13 | 5:10-12 | 4:12-16 | 8:13-16 | 15:16-21 | 13:17-21 | 9:17-21 | 17:21-31 | 6:26-29 | 19:31-40 | 14:33-40 | 16:37-39 | 18:39-40 | 20:40-40
1;0;148;119,528125;0;0;4;12;11;20;5;13;17;6;26;8;17;30;16;28;21;39;31;40;True;40;3;19;3;1:0-0 | 2:0-5 | 3:4-8 | 7:5-8 | 10:6-13 | 12:8-16 | 5:11-13 | 4:12-16 | 8:13-16 | 15:16-21 | 13:17-21 | 9:17-21 | 6:20-23 | 17:21-31 | 11:26-29 | 16:28-30 | 14:30-37 | 19:31-40 | 18:39-40 | 20:40-40
1;0;149;127,628125;0;0;4;12;19;13;5;13;17;7;23;8;17;20;16;28;21;36;31;40;True;40;3;21;3;1:0-0 | 2:0-5 | 3:4-8 | 7:5-8 | 10:7-14 | 12:8-16 | 4:12-16 | 6:13-16 | 8:13-16 | 15:16-21 | 13:17-21 | 9:17-21 | 5:19-21 | 14:20-27 | 17:21-31 | 11:23-26 | 16:28-30 | 19:31-40 | 18:36-37 | 20:40-40
1;0;150;119,728125;0;0;4;11;19;4;5;13;16;14;28;8;17;21;16;38;21;39;31;40;True;40;3;22;3;1:0-0 | 2:0-5 | 3:4-8 | 6:4-7 | 7:5-8 | 12:8-16 | 4:11-15 | 8:13-16 | 10:14-21 | 15:16-21 | 9:16-20 | 13:17-21 | 5:19-21 | 14:21-28 | 17:21-31 | 11:28-31 | 19:31-40 | 16:38-40 | 18:39-40 | 20:40-40
1;0;151;120,528125;0;0;4;12;11;8;5;13;17;21;6;8;17;19;16;38;21;39;31;40;True;40;3;24;3;1:0-0 | 2:0-5 | 3:4-8 | 7:5-8 | 11:6-9 | 12:8-16 | 6:8-11 | 5:11-13 | 4:12-16 | 8:13-16 | 15:16-21 | 13:17-21 | 9:17-21 | 14:19-26 | 10:21-28 | 17:21-31 | 19:31-40 | 16:38-40 | 18:39-40 | 20:40-40
1;0;152;153,878125;0;0;4;12;18;2;5;13;16;9;14;8;17;23;16;19;21;39;31;40;True;40;3;27;3;1:0-0 | 2:0-5 | 6:2-5 | 3:4-8 | 7:5-8 | 12:8-16 | 10:9-16 | 4:12-16 | 8:13-16 | 11:14-17 | 15:16-21 | 9:16-20 | 13:17-21 | 5:18-20 | 16:19-21 | 17:21-31 | 14:23-30 | 19:31-40 | 18:39-40 | 20:40-40
1;0;153;147,028125;0;0;4;12;9;10;5;13;13;9;11;8;11;21;16;28;21;39;31;40;True;40;3;28;3;1:0-0 | 2:0-5 | 3:4-8 | 7:5-8 | 12:8-16 | 10:9-16 | 5:9-11 | 6:10-13 | 11:11-14 | 13:11-15 | 4:12-16 | 8:13-16 | 9:13-17 | 15:16-21 | 14:21-28 | 17:21-31 | 16:28-30 | 19:31-40 | 18:39-40 | 20:40-40
1;0;154;133,028125;0;0;4;12;10;22;5;13;9;23;5;8;17;29;16;21;21;39;31;40;True;40;3;29;3;1:0-0 | 2:0-5 | 3:4-8 | 11:5-8 | 7:5-8 | 12:8-16 | 9:9-13 | 5:10-12 | 4:12-16 | 8:13-16 | 15:16-21 | 13:17-21 | 16:21-23 | 17:21-31 | 6:22-25 | 10:23-30 | 14:29-36 | 19:31-40 | 18:39-40 | 20:40-40
1;0;155;109,128125;0;0;4;6;8;4;5;13;17;5;33;8;17;27;16;26;21;39;31;40;True;40;3;30;3;1:0-0 | 2:0-5 | 3:4-8 | 6:4-7 | 10:5-12 | 7:5-8 | 4:6-10 | 12:8-16 | 5:8-10 | 8:13-16 | 15:16-21 | 13:17-21 | 9:17-21 | 17:21-31 | 16:26-28 | 14:27-34 | 19:31-40 | 11:33-36 | 18:39-40 | 20:40-40
1;0;156;102,028125;0;0;4;12;10;17;5;13;17;7;30;8;17;20;16;33;21;39;31;40;True;40;3;31;3;1:0-0 | 2:0-5 | 3:4-8 | 7:5-8 | 10:7-14 | 12:8-16 | 5:10-12 | 4:12-16 | 8:13-16 | 15:16-21 | 13:17-21 | 6:17-20 | 9:17-21 | 14:20-27 | 17:21-31 | 11:30-33 | 19:31-40 | 16:33-35 | 18:39-40 | 20:40-40
1;0;157;110,678125;0;0;4;12;9;19;5;13;17;18;37;8;17;12;16;38;21;39;31;40;True;40;3;32;3;1:0-0 | 2:0-5 | 3:4-8 | 7:5-8 | 12:8-16 | 5:9-11 | 14:12-19 | 4:12-16 | 8:13-16 | 15:16-21 | 13:17-21 | 9:17-21 | 10:18-25 | 6:19-22 | 17:21-31 | 19:31-40 | 11:37-40 | 16:38-40 | 18:39-40 | 20:40-40
1;0;158;127,178125;0;0;4;12;19;26;5;13;9;7;30;8;17;15;16;38;21;39;31;40;True;40;3;34;3;1:0-0 | 2:0-5 | 3:4-8 | 7:5-8 | 10:7-14 | 12:8-16 | 9:9-13 | 4:12-16 | 8:13-16 | 14:15-22 | 15:16-21 | 13:17-21 | 5:19-21 | 17:21-31 | 6:26-29 | 11:30-33 | 19:31-40 | 16:38-40 | 18:39-40 | 20:40-40
1;0;159;154,828125;0;0;4;7;16;21;5;10;12;5;18;8;17;20;16;30;21;39;31;40;True;40;3;35;3;1:0-0 | 2:0-5 | 3:4-8 | 10:5-12 | 7:5-8 | 4:7-11 | 12:8-16 | 8:10-13 | 9:12-16 | 15:16-21 | 5:16-18 | 13:17-21 | 11:18-21 | 14:20-27 | 17:21-31 | 6:21-24 | 16:30-32 | 19:31-40 | 18:39-40 | 20:40-40
1;0;160;131,178125;0;0;4;12;9;21;5;13;17;6;13;8;17;17;16;38;21;39;31;40;True;40;3;39;3;1:0-0 | 2:0-5 | 3:4-8 | 7:5-8 | 10:6-13 | 12:8-16 | 5:9-11 | 4:12-16 | 11:13-16 | 8:13-16 | 15:16-21 | 13:17-21 | 14:17-24 | 9:17-21 | 17:21-31 | 6:21-24 | 19:31-40 | 16:38-40 | 18:39-40 | 20:40-40
1;0;161;124,928125;0;0;4;12;18;0;5;13;16;6;9;8;17;22;16;38;21;39;31;40;True;40;3;40;3;1:0-0 | 2:0-5 | 6:0-3 | 3:4-8 | 7:5-8 | 10:6-13 | 12:8-16 | 11:9-12 | 4:12-16 | 8:13-16 | 15:16-21 | 9:16-20 | 13:17-21 | 5:18-20 | 17:21-31 | 14:22-29 | 19:31-40 | 16:38-40 | 18:39-40 | 20:40-40
1;0;162;146,378125;0;0;4;12;19;1;5;13;8;22;14;8;16;30;16;37;21;39;31;40;True;40;3;41;3;1:0-0 | 2:0-5 | 6:1-4 | 3:4-8 | 7:5-8 | 12:8-16 | 9:8-12 | 4:12-16 | 8:13-16 | 11:14-17 | 13:16-20 | 15:16-21 | 5:19-21 | 17:21-31 | 10:22-29 | 14:30-37 | 19:31-40 | 16:37-39 | 18:39-40 | 20:40-40
1;0;163;116,178125;0;0;4;12;16;10;5;13;17;6;37;8;17;12;16;36;21;39;31;40;True;40;3;43;3;1:0-0 | 2:0-5 | 3:4-8 | 7:5-8 | 10:6-13 | 12:8-16 | 6:10-13 | 14:12-19 | 4:12-16 | 8:13-16 | 15:16-21 | 5:16-18 | 13:17-21 | 9:17-21 | 17:21-31 | 19:31-40 | 16:36-38 | 11:37-40 | 18:39-40 | 20:40-40
1;0;164;141,578125;0;0;4;12;6;0;5;13;14;12;28;8;14;16;16;38;21;39;31;40;True;40;3;44;3;1:0-0 | 2:0-5 | 6:0-3 | 3:4-8 | 7:5-8 | 5:6-8 | 12:8-16 | 10:12-19 | 4:12-16 | 8:13-16 | 13:14-18 | 9:14-18 | 14:16-23 | 15:16-21 | 17:21-31 | 11:28-31 | 19:31-40 | 16:38-40 | 18:39-40 | 20:40-40
1;0;165;135,028125;0;0;4;12;8;24;5;13;12;18;19;8;17;28;16;29;21;39;31;40;True;40;3;45;3;1:0-0 | 2:0-5 | 3:4-8 | 7:5-8 | 12:8-16 | 5:8-10 | 4:12-16 | 9:12-16 | 8:13-16 | 15:16-21 | 13:17-21 | 10:18-25 | 11:19-22 | 17:21-31 | 6:24-27 | 14:28-35 | 16:29-31 | 19:31-40 | 18:39-40 | 20:40-40
1;0;166;130,978125;0;0;4;12;19;16;5;13;17;13;24;8;12;33;16;38;21;39;31;40;True;40;3;46;3;1:0-0 | 2:0-5 | 3:4-8 | 7:5-8 | 12:8-16 | 13:12-16 | 4:12-16 | 10:13-20 | 8:13-16 | 15:16-21 | 6:16-19 | 9:17-21 | 5:19-21 | 17:21-31 | 11:24-27 | 19:31-40 | 14:33-40 | 16:38-40 | 18:39-40 | 20:40-40
1;0;167;140,028125;0;0;4;12;12;1;5;13;17;8;11;8;17;33;16;37;21;39;31;40;True;40;3;47;3;1:0-0 | 2:0-5 | 6:1-4 | 3:4-8 | 7:5-8 | 10:8-15 | 12:8-16 | 11:11-14 | 4:12-16 | 5:12-14 | 8:13-16 | 15:16-21 | 13:17-21 | 9:17-21 | 17:21-31 | 19:31-40 | 14:33-40 | 16:37-39 | 18:39-40 | 20:40-40
1;0;168;105,628125;0;0;4;12;11;5;5;13;17;10;27;8;17;26;16;25;21;39;31;40;True;40;3;48;3;1:0-0 | 2:0-5 | 3:4-8 | 6:5-8 | 7:5-8 | 12:8-16 | 10:10-17 | 5:11-13 | 4:12-16 | 8:13-16 | 15:16-21 | 13:17-21 | 9:17-21 | 17:21-31 | 16:25-27 | 14:26-33 | 11:27-30 | 19:31-40 | 18:39-40 | 20:40-40
1;0;169;137,278125;0;0;4;12;10;2;5;13;17;8;16;8;17;14;16;24;21;39;31;40;True;40;3;51;3;1:0-0 | 2:0-5 | 6:2-5 | 3:4-8 | 7:5-8 | 10:8-15 | 12:8-16 | 5:10-12 | 4:12-16 | 8:13-16 | 14:14-21 | 11:16-19 | 15:16-21 | 13:17-21 | 9:17-21 | 17:21-31 | 16:24-26 | 19:31-40 | 18:39-40 | 20:40-40
1;0;170;116,678125;0;0;4;12;7;2;5;13;17;18;29;8;17;32;16;34;21;39;31;40;True;40;3;52;3;1:0-0 | 2:0-5 | 6:2-5 | 3:4-8 | 7:5-8 | 5:7-9 | 12:8-16 | 4:12-16 | 8:13-16 | 15:16-21 | 13:17-21 | 9:17-21 | 10:18-25 | 17:21-31 | 11:29-32 | 19:31-40 | 14:32-39 | 16:34-36 | 18:39-40 | 20:40-40
1;0;171;161,978125;0;0;4;12;19;2;5;13;17;22;19;8;17;23;16;30;21;39;31;40;True;40;3;53;3;1:0-0 | 2:0-5 | 6:2-5 | 3:4-8 | 7:5-8 | 12:8-16 | 4:12-16 | 8:13-16 | 15:16-21 | 13:17-21 | 9:17-21 | 11:19-22 | 5:19-21 | 17:21-31 | 10:22-29 | 14:23-30 | 16:30-32 | 19:31-40 | 18:39-40 | 20:40-40
1;0;172;165,578125;0;0;4;12;16;9;5;13;17;21;13;8;12;14;16;23;21;39;31;40;True;40;3;55;3;1:0-0 | 2:0-5 | 3:4-8 | 7:5-8 | 12:8-16 | 6:9-12 | 13:12-16 | 4:12-16 | 11:13-16 | 8:13-16 | 14:14-21 | 15:16-21 | 5:16-18 | 9:17-21 | 10:21-28 | 17:21-31 | 16:23-25 | 19:31-40 | 18:39-40 | 20:40-40
1;0;173;119,728125;0;0;4;9;5;12;5;13;8;11;11;8;17;27;16;35;21;39;31;40;True;40;3;56;3;1:0-0 | 2:0-5 | 3:4-8 | 5:5-7 | 7:5-8 | 12:8-16 | 9:8-12 | 4:9-13 | 10:11-18 | 11:11-14 | 6:12-15 | 8:13-16 | 15:16-21 | 13:17-21 | 17:21-31 | 14:27-34 | 19:31-40 | 16:35-37 | 18:39-40 | 20:40-40
1;0;174;137,478125;0;0;4;12;17;14;5;13;13;11;20;8;17;33;16;38;21;33;31;40;True;40;3;57;3;1:0-0 | 2:0-5 | 3:4-8 | 7:5-8 | 12:8-16 | 10:11-18 | 4:12-16 | 8:13-16 | 9:13-17 | 6:14-17 | 15:16-21 | 13:17-21 | 5:17-19 | 11:20-23 | 17:21-31 | 19:31-40 | 14:33-40 | 18:33-34 | 16:38-40 | 20:40-40
1;0;175;120,928125;0;0;4;12;16;9;5;13;17;14;28;8;17;28;16;38;21;38;31;40;True;40;3;58;3;1:0-0 | 2:0-5 | 3:4-8 | 7:5-8 | 12:8-16 | 6:9-12 | 4:12-16 | 8:13-16 | 10:14-21 | 15:16-21 | 5:16-18 | 13:17-21 | 9:17-21 | 17:21-31 | 11:28-31 | 14:28-35 | 19:31-40 | 16:38-40 | 18:38-39 | 20:40-40
1;0;176;138,178125;0;0;4;12;19;9;5;12;11;6;11;8;17;15;16;38;21;33;31;40;True;40;3;61;3;1:0-0 | 2:0-5 | 3:4-8 | 7:5-8 | 10:6-13 | 12:8-16 | 6:9-12 | 11:11-14 | 9:11-15 | 4:12-16 | 8:12-15 | 14:15-22 | 15:16-21 | 13:17-21 | 5:19-21 | 17:21-31 | 19:31-40 | 18:33-34 | 16:38-40 | 20:40-40
1;1;1;127,328125;0;0;4;12;19;16;5;13;17;7;21;8;17;21;16;27;21;39;31;40;True;40;0;0;0;1:0-0 | 2:0-5 | 3:4-8 | 7:5-8 | 10:7-14 | 12:8-16 | 4:12-16 | 8:13-16 | 15:16-21 | 6:16-19 | 13:17-21 | 9:17-21 | 5:19-21 | 11:21-24 | 14:21-28 | 17:21-31 | 16:27-29 | 19:31-40 | 18:39-40 | 20:40-40
1;1;2;124,628125;0;0;4;12;19;12;5;13;6;7;24;8;17;28;16;29;21;39;31;40;True;40;0;1;0;1:0-0 | 2:0-5 | 3:4-8 | 7:5-8 | 9:6-10 | 10:7-14 | 12:8-16 | 4:12-16 | 6:12-15 | 8:13-16 | 15:16-21 | 13:17-21 | 5:19-21 | 17:21-31 | 11:24-27 | 14:28-35 | 16:29-31 | 19:31-40 | 18:39-40 | 20:40-40
1;1;3;97,378125;0;0;1;11;19;4;5;13;16;12;27;8;15;27;16;33;21;39;31;40;True;40;0;2;0;1:0-0 | 2:0-5 | 3:1-5 | 6:4-7 | 7:5-8 | 12:8-16 | 4:11-15 | 10:12-19 | 8:13-16 | 13:15-19 | 15:16-21 | 9:16-20 | 5:19-21 | 17:21-31 | 11:27-30 | 14:27-34 | 19:31-40 | 16:33-35 | 18:39-40 | 20:40-40
1;1;4;125,628125;0;0;4;12;19;18;5;13;12;9;22;8;17;15;16;38;21;37;31;40;True;40;0;3;0;1:0-0 | 2:0-5 | 3:4-8 | 7:5-8 | 12:8-16 | 10:9-16 | 4:12-16 | 9:12-16 | 8:13-16 | 14:15-22 | 15:16-21 | 13:17-21 | 6:18-21 | 5:19-21 | 17:21-31 | 11:22-25 | 19:31-40 | 18:37-38 | 16:38-40 | 20:40-40
1;1;5;108,378125;0;0;3;12;10;6;5;13;13;24;10;8;17;16;16;24;21;31;31;40;True;40;0;4;0;1:0-0 | 2:0-5 | 3:3-7 | 7:5-8 | 6:6-9 | 12:8-16 | 11:10-13 | 5:10-12 | 4:12-16 | 8:13-16 | 9:13-17 | 14:16-23 | 15:16-21 | 13:17-21 | 17:21-31 | 10:24-31 | 16:24-26 | 18:31-32 | 19:31-40 | 20:40-40
1;1;6;124,478125;0;0;4;12;9;16;5;12;17;24;12;8;17;15;16;30;21;38;31;40;True;40;0;5;0;1:0-0 | 2:0-5 | 3:4-8 | 7:5-8 | 12:8-16 | 5:9-11 | 11:12-15 | 4:12-16 | 8:12-15 | 14:15-22 | 15:16-21 | 6:16-19 | 13:17-21 | 9:17-21 | 17:21-31 | 10:24-31 | 16:30-32 | 19:31-40 | 18:38-39 | 20:40-40
1;1;7;126,078125;0;0;4;12;19;23;5;13;7;10;37;8;17;28;16;16;21;39;31;40;True;40;0;6;0;1:0-0 | 2:0-5 | 3:4-8 | 7:5-8 | 9:7-11 | 12:8-16 | 10:10-17 | 4:12-16 | 8:13-16 | 15:16-21 | 16:16-18 | 13:17-21 | 5:19-21 | 17:21-31 | 6:23-26 | 14:28-35 | 19:31-40 | 11:37-40 | 18:39-40 | 20:40-40
1;1;8;145,678125;0;0;4;12;19;12;5;13;17;7;15;8;17;23;16;37;21;21;31;40;True;40;0;7;0;1:0-0 | 2:0-5 | 3:4-8 | 7:5-8 | 10:7-14 | 12:8-16 | 4:12-16 | 6:12-15 | 8:13-16 | 11:15-18 | 15:16-21 | 13:17-21 | 9:17-21 | 5:19-21 | 17:21-31 | 18:21-22 | 14:23-30 | 19:31-40 | 16:37-39 | 20:40-40
1;1;9;90,628125;0;0;2;12;9;11;5;13;17;16;31;8;17;19;16;34;21;38;31;40;True;40;0;8;0;1:0-0 | 2:0-5 | 3:2-6 | 7:5-8 | 12:8-16 | 5:9-11 | 6:11-14 | 4:12-16 | 8:13-16 | 10:16-23 | 15:16-21 | 13:17-21 | 9:17-21 | 14:19-26 | 17:21-31 | 11:31-34 | 19:31-40 | 16:34-36 | 18:38-39 | 20:40-40
1;1;10;128,028125;0;0;4;12;14;16;5;13;12;9;11;8;17;33;16;34;21;39;31;40;True;40;0;9;0;1:0-0 | 2:0-5 | 3:4-8 | 7:5-8 | 12:8-16 | 10:9-16 | 11:11-14 | 4:12-16 | 9:12-16 | 8:13-16 | 5:14-16 | 15:16-21 | 6:16-19 | 13:17-21 | 17:21-31 | 19:31-40 | 14:33-40 | 16:34-36 | 18:39-40 | 20:40-40
1;1;11;114,128125;0;0;4;9;9;1;5;13;8;9;28;8;17;17;16;34;21;39;31;40;True;40;0;10;0;1:0-0 | 2:0-5 | 6:1-4 | 3:4-8 | 7:5-8 | 12:8-16 | 9:8-12 | 10:9-16 | 4:9-13 | 5:9-11 | 8:13-16 | 15:16-21 | 13:17-21 | 14:17-24 | 17:21-31 | 11:28-31 | 19:31-40 | 16:34-36 | 18:39-40 | 20:40-40
1;1;12;130,628125;0;0;4;12;19;0;5;13;6;7;22;8;17;19;16;27;21;39;31;40;True;40;0;11;0;1:0-0 | 2:0-5 | 6:0-3 | 3:4-8 | 7:5-8 | 9:6-10 | 10:7-14 | 12:8-16 | 4:12-16 | 8:13-16 | 15:16-21 | 13:17-21 | 14:19-26 | 5:19-21 | 17:21-31 | 11:22-25 | 16:27-29 | 19:31-40 | 18:39-40 | 20:40-40
1;1;13;116,678125;0;0;4;10;11;0;5;13;8;11;25;8;17;17;16;32;21;39;31;40;True;40;0;12;0;1:0-0 | 2:0-5 | 6:0-3 | 3:4-8 | 7:5-8 | 12:8-16 | 9:8-12 | 4:10-14 | 10:11-18 | 5:11-13 | 8:13-16 | 15:16-21 | 13:17-21 | 14:17-24 | 17:21-31 | 11:25-28 | 19:31-40 | 16:32-34 | 18:39-40 | 20:40-40
1;1;14;128,828125;0;0;4;12;6;0;5;13;17;19;22;8;17;33;16;26;21;37;31;40;True;40;0;13;0;1:0-0 | 2:0-5 | 6:0-3 | 3:4-8 | 7:5-8 | 5:6-8 | 12:8-16 | 4:12-16 | 8:13-16 | 15:16-21 | 13:17-21 | 9:17-21 | 10:19-26 | 17:21-31 | 11:22-25 | 16:26-28 | 19:31-40 | 14:33-40 | 18:37-38 | 20:40-40
1;1;15;100,278125;0;0;4;11;9;18;5;12;17;12;32;8;16;23;16;38;21;39;31;40;True;40;0;14;0;1:0-0 | 2:0-5 | 3:4-8 | 7:5-8 | 12:8-16 | 5:9-11 | 4:11-15 | 10:12-19 | 8:12-15 | 13:16-20 | 15:16-21 | 9:17-21 | 6:18-21 | 17:21-31 | 14:23-30 | 19:31-40 | 11:32-35 | 16:38-40 | 18:39-40 | 20:40-40
1;1;16;105,678125;0;0;4;12;9;11;5;13;17;15;29;8;17;18;16;38;21;39;31;40;True;40;0;15;0;1:0-0 | 2:0-5 | 3:4-8 | 7:5-8 | 12:8-16 | 5:9-11 | 6:11-14 | 4:12-16 | 8:13-16 | 10:15-22 | 15:16-21 | 13:17-21 | 9:17-21 | 14:18-25 | 17:21-31 | 11:29-32 | 19:31-40 | 16:38-40 | 18:39-40 | 20:40-40
1;1;17;95,778125;0;0;0;8;13;7;5;12;11;9;20;8;15;16;16;31;21;36;31;40;True;40;0;16;0;1:0-0 | 2:0-5 | 3:0-4 | 7:5-8 | 6:7-10 | 12:8-16 | 4:8-12 | 10:9-16 | 9:11-15 | 8:12-15 | 5:13-15 | 13:15-19 | 14:16-23 | 15:16-21 | 11:20-23 | 17:21-31 | 16:31-33 | 19:31-40 | 18:36-37 | 20:40-40
1;1;18;101,228125;0;0;4;9;15;5;5;13;16;6;10;8;17;21;16;33;21;39;31;40;True;40;0;17;0;1:0-0 | 2:0-5 | 3:4-8 | 6:5-8 | 7:5-8 | 10:6-13 | 12:8-16 | 4:9-13 | 11:10-13 | 8:13-16 | 5:15-17 | 15:16-21 | 9:16-20 | 13:17-21 | 14:21-28 | 17:21-31 | 19:31-40 | 16:33-35 | 18:39-40 | 20:40-40
1;1;19;132,278125;0;0;4;12;19;0;5;13;7;6;22;8;17;19;16;27;21;39;31;40;True;40;0;18;0;1:0-0 | 2:0-5 | 6:0-3 | 3:4-8 | 7:5-8 | 10:6-13 | 9:7-11 | 12:8-16 | 4:12-16 | 8:13-16 | 15:16-21 | 13:17-21 | 14:19-26 | 5:19-21 | 17:21-31 | 11:22-25 | 16:27-29 | 19:31-40 | 18:39-40 | 20:40-40
1;1;20;85,278125;0;0;1;10;7;9;5;13;16;14;31;8;14;18;16;35;21;38;31;40;True;40;0;19;0;1:0-0 | 2:0-5 | 3:1-5 | 7:5-8 | 5:7-9 | 12:8-16 | 6:9-12 | 4:10-14 | 8:13-16 | 10:14-21 | 13:14-18 | 15:16-21 | 9:16-20 | 14:18-25 | 17:21-31 | 11:31-34 | 19:31-40 | 16:35-37 | 18:38-39 | 20:40-40
1;1;21;126,828125;0;0;4;12;19;13;5;13;12;9;37;8;17;20;16;16;21;39;31;40;True;40;0;20;0;1:0-0 | 2:0-5 | 3:4-8 | 7:5-8 | 12:8-16 | 10:9-16 | 4:12-16 | 9:12-16 | 6:13-16 | 8:13-16 | 15:16-21 | 16:16-18 | 13:17-21 | 5:19-21 | 14:20-27 | 17:21-31 | 19:31-40 | 11:37-40 | 18:39-40 | 20:40-40
1;1;22;96,128125;0;0;2;12;11;9;5;13;17;16;31;8;17;19;16;34;21;38;31;40;True;40;0;21;0;1:0-0 | 2:0-5 | 3:2-6 | 7:5-8 | 12:8-16 | 6:9-12 | 5:11-13 | 4:12-16 | 8:13-16 | 10:16-23 | 15:16-21 | 13:17-21 | 9:17-21 | 14:19-26 | 17:21-31 | 11:31-34 | 19:31-40 | 16:34-36 | 18:38-39 | 20:40-40
1;1;23;104,828125;0;0;2;8;10;15;5;13;17;7;11;8;16;14;16;23;21;33;31;40;True;40;0;22;0;1:0-0 | 2:0-5 | 3:2-6 | 7:5-8 | 10:7-14 | 12:8-16 | 4:8-12 | 5:10-12 | 11:11-14 | 8:13-16 | 14:14-21 | 6:15-18 | 13:16-20 | 15:16-21 | 9:17-21 | 17:21-31 | 16:23-25 | 19:31-40 | 18:33-34 | 20:40-40
1;1;24;87,328125;0;0;1;10;7;9;5;13;16;14;31;8;14;18;16;35;21;21;31;40;True;40;0;23;0;1:0-0 | 2:0-5 | 3:1-5 | 7:5-8 | 5:7-9 | 12:8-16 | 6:9-12 | 4:10-14 | 8:13-16 | 10:14-21 | 13:14-18 | 15:16-21 | 9:16-20 | 14:18-25 | 17:21-31 | 18:21-22 | 11:31-34 | 19:31-40 | 16:35-37 | 20:40-40
1;1;25;110,778125;0;0;0;9;15;13;5;11;13;7;21;8;17;21;16;18;21;29;31;40;True;40;0;24;0;1:0-0 | 2:0-5 | 3:0-4 | 7:5-8 | 10:7-14 | 12:8-16 | 4:9-13 | 8:11-14 | 6:13-16 | 9:13-17 | 5:15-17 | 15:16-21 | 13:17-21 | 16:18-20 | 11:21-24 | 14:21-28 | 17:21-31 | 18:29-30 | 19:31-40 | 20:40-40
1;1;26;136,228125;0;0;4;11;9;28;5;12;17;12;18;8;16;23;16;38;21;39;31;40;True;40;0;25;0;1:0-0 | 2:0-5 | 3:4-8 | 7:5-8 | 12:8-16 | 5:9-11 | 4:11-15 | 10:12-19 | 8:12-15 | 13:16-20 | 15:16-21 | 9:17-21 | 11:18-21 | 17:21-31 | 14:23-30 | 6:28-31 | 19:31-40 | 16:38-40 | 18:39-40 | 20:40-40
1;1;27;107,178125;0;0;1;11;19;4;5;13;16;12;27;8;13;27;16;33;21;39;31;40;True;40;0;26;0;1:0-0 | 2:0-5 | 3:1-5 | 6:4-7 | 7:5-8 | 12:8-16 | 4:11-15 | 10:12-19 | 13:13-17 | 8:13-16 | 15:16-21 | 9:16-20 | 5:19-21 | 17:21-31 | 11:27-30 | 14:27-34 | 19:31-40 | 16:33-35 | 18:39-40 | 20:40-40
1;1;28;97,678125;0;0;4;11;9;18;5;13;17;12;33;8;17;25;16;38;21;39;31;40;True;40;0;27;0;1:0-0 | 2:0-5 | 3:4-8 | 7:5-8 | 12:8-16 | 5:9-11 | 4:11-15 | 10:12-19 | 8:13-16 | 15:16-21 | 13:17-21 | 9:17-21 | 6:18-21 | 17:21-31 | 14:25-32 | 19:31-40 | 11:33-36 | 16:38-40 | 18:39-40 | 20:40-40
1;1;29;119,128125;0;0;2;11;9;1;5;13;14;8;13;8;16;11;16;26;21;33;31;40;True;40;0;28;0;1:0-0 | 2:0-5 | 6:1-4 | 3:2-6 | 7:5-8 | 10:8-15 | 12:8-16 | 5:9-11 | 14:11-18 | 4:11-15 | 11:13-16 | 8:13-16 | 9:14-18 | 13:16-20 | 15:16-21 | 17:21-31 | 16:26-28 | 19:31-40 | 18:33-34 | 20:40-40
1;1;30;97,678125;0;0;4;11;9;18;5;13;17;12;33;8;17;25;16;38;21;39;31;40;True;40;0;29;0;1:0-0 | 2:0-5 | 3:4-8 | 7:5-8 | 12:8-16 | 5:9-11 | 4:11-15 | 10:12-19 | 8:13-16 | 15:16-21 | 13:17-21 | 9:17-21 | 6:18-21 | 17:21-31 | 14:25-32 | 19:31-40 | 11:33-36 | 16:38-40 | 18:39-40 | 20:40-40
1;1;31;129,528125;0;0;4;9;16;0;5;13;17;9;14;8;17;27;16;29;21;39;31;40;True;40;0;30;0;1:0-0 | 2:0-5 | 6:0-3 | 3:4-8 | 7:5-8 | 12:8-16 | 10:9-16 | 4:9-13 | 8:13-16 | 11:14-17 | 15:16-21 | 5:16-18 | 13:17-21 | 9:17-21 | 17:21-31 | 14:27-34 | 16:29-31 | 19:31-40 | 18:39-40 | 20:40-40
1;1;32;143,128125;0;0;4;12;18;28;5;13;13;6;6;8;17;20;16;27;21;25;31;40;True;40;0;31;0;1:0-0 | 2:0-5 | 3:4-8 | 7:5-8 | 10:6-13 | 11:6-9 | 12:8-16 | 4:12-16 | 8:13-16 | 9:13-17 | 15:16-21 | 13:17-21 | 5:18-20 | 14:20-27 | 17:21-31 | 18:25-26 | 16:27-29 | 6:28-31 | 19:31-40 | 20:40-40
1;1;33;102,628125;0;0;4;12;14;5;5;11;17;11;30;8;17;27;16;29;21;39;31;40;True;40;0;32;0;1:0-0 | 2:0-5 | 3:4-8 | 6:5-8 | 7:5-8 | 12:8-16 | 10:11-18 | 8:11-14 | 4:12-16 | 5:14-16 | 15:16-21 | 13:17-21 | 9:17-21 | 17:21-31 | 14:27-34 | 16:29-31 | 11:30-33 | 19:31-40 | 18:39-40 | 20:40-40
1;1;34;97,878125;0;0;4;11;9;18;5;13;17;12;33;8;17;25;16;38;21;21;31;40;True;40;0;33;0;1:0-0 | 2:0-5 | 3:4-8 | 7:5-8 | 12:8-16 | 5:9-11 | 4:11-15 | 10:12-19 | 8:13-16 | 15:16-21 | 13:17-21 | 9:17-21 | 6:18-21 | 17:21-31 | 18:21-22 | 14:25-32 | 19:31-40 | 11:33-36 | 16:38-40 | 20:40-40
1;1;35;97,678125;0;0;4;11;9;18;5;13;17;12;33;8;17;25;16;38;21;39;31;40;True;40;0;34;0;1:0-0 | 2:0-5 | 3:4-8 | 7:5-8 | 12:8-16 | 5:9-11 | 4:11-15 | 10:12-19 | 8:13-16 | 15:16-21 | 13:17-21 | 9:17-21 | 6:18-21 | 17:21-31 | 14:25-32 | 19:31-40 | 11:33-36 | 16:38-40 | 18:39-40 | 20:40-40
1;1;36;134,328125;0;0;4;12;19;17;5;13;9;11;5;8;16;16;16;27;21;39;31;40;True;40;0;35;0;1:0-0 | 2:0-5 | 3:4-8 | 11:5-8 | 7:5-8 | 12:8-16 | 9:9-13 | 10:11-18 | 4:12-16 | 8:13-16 | 13:16-20 | 14:16-23 | 15:16-21 | 6:17-20 | 5:19-21 | 17:21-31 | 16:27-29 | 19:31-40 | 18:39-40 | 20:40-40
1;1;37;134,878125;0;0;4;12;19;0;5;13;6;10;11;8;17;33;16;38;21;21;31;40;True;40;0;36;0;1:0-0 | 2:0-5 | 6:0-3 | 3:4-8 | 7:5-8 | 9:6-10 | 12:8-16 | 10:10-17 | 11:11-14 | 4:12-16 | 8:13-16 | 15:16-21 | 13:17-21 | 5:19-21 | 17:21-31 | 18:21-22 | 19:31-40 | 14:33-40 | 16:38-40 | 20:40-40
1;1;38;125,628125;0;0;4;12;19;13;5;13;9;9;25;8;17;18;16;32;21;39;31;40;True;40;0;37;0;1:0-0 | 2:0-5 | 3:4-8 | 7:5-8 | 12:8-16 | 10:9-16 | 9:9-13 | 4:12-16 | 6:13-16 | 8:13-16 | 15:16-21 | 13:17-21 | 14:18-25 | 5:19-21 | 17:21-31 | 11:25-28 | 19:31-40 | 16:32-34 | 18:39-40 | 20:40-40
1;1;39;141,078125;0;0;4;12;18;25;5;13;13;6;6;8;17;20;16;27;21;39;31;40;True;40;0;38;0;1:0-0 | 2:0-5 | 3:4-8 | 7:5-8 | 10:6-13 | 11:6-9 | 12:8-16 | 4:12-16 | 8:13-16 | 9:13-17 | 15:16-21 | 13:17-21 | 5:18-20 | 14:20-27 | 17:21-31 | 6:25-28 | 16:27-29 | 19:31-40 | 18:39-40 | 20:40-40
1;1;40;123,778125;0;0;4;12;19;4;5;13;13;15;21;8;17;15;16;38;21;39;31;40;True;40;0;39;0;1:0-0 | 2:0-5 | 3:4-8 | 6:4-7 | 7:5-8 | 12:8-16 | 4:12-16 | 8:13-16 | 9:13-17 | 10:15-22 | 14:15-22 | 15:16-21 | 13:17-21 | 5:19-21 | 11:21-24 | 17:21-31 | 19:31-40 | 16:38-40 | 18:39-40 | 20:40-40
1;1;41;131,578125;0;0;4;10;17;17;5;12;11;6;20;8;17;24;16;34;21;37;31;40;True;40;0;40;0;1:0-0 | 2:0-5 | 3:4-8 | 7:5-8 | 10:6-13 | 12:8-16 | 4:10-14 | 9:11-15 | 8:12-15 | 15:16-21 | 13:17-21 | 5:17-19 | 6:17-20 | 11:20-23 | 17:21-31 | 14:24-31 | 19:31-40 | 16:34-36 | 18:37-38 | 20:40-40
1;1;42;104,778125;0;0;2;10;13;4;5;13;10;11;23;8;17;17;16;37;21;39;31;40;True;40;0;41;0;1:0-0 | 2:0-5 | 3:2-6 | 6:4-7 | 7:5-8 | 12:8-16 | 4:10-14 | 9:10-14 | 10:11-18 | 5:13-15 | 8:13-16 | 15:16-21 | 13:17-21 | 14:17-24 | 17:21-31 | 11:23-26 | 19:31-40 | 16:37-39 | 18:39-40 | 20:40-40
1;1;43;154,028125;0;0;4;12;19;10;5;13;17;13;13;8;17;33;16;19;21;36;31;40;True;40;0;42;0;1:0-0 | 2:0-5 | 3:4-8 | 7:5-8 | 12:8-16 | 6:10-13 | 4:12-16 | 10:13-20 | 11:13-16 | 8:13-16 | 15:16-21 | 13:17-21 | 9:17-21 | 16:19-21 | 5:19-21 | 17:21-31 | 19:31-40 | 14:33-40 | 18:36-37 | 20:40-40
1;1;44;143,228125;0;0;4;12;19;0;5;13;17;5;28;8;17;27;16;19;21;35;31;40;True;40;0;43;0;1:0-0 | 2:0-5 | 6:0-3 | 3:4-8 | 10:5-12 | 7:5-8 | 12:8-16 | 4:12-16 | 8:13-16 | 15:16-21 | 13:17-21 | 9:17-21 | 16:19-21 | 5:19-21 | 17:21-31 | 14:27-34 | 11:28-31 | 19:31-40 | 18:35-36 | 20:40-40
1;1;45;127,528125;0;0;4;11;3;3;5;13;14;11;5;8;16;24;16;34;21;39;31;40;True;40;0;44;0;1:0-0 | 2:0-5 | 5:3-5 | 6:3-6 | 3:4-8 | 11:5-8 | 7:5-8 | 12:8-16 | 10:11-18 | 4:11-15 | 8:13-16 | 9:14-18 | 13:16-20 | 15:16-21 | 17:21-31 | 14:24-31 | 19:31-40 | 16:34-36 | 18:39-40 | 20:40-40
1;1;46;125,628125;0;0;4;12;19;13;5;13;9;9;25;8;17;13;16;32;21;39;31;40;True;40;0;45;0;1:0-0 | 2:0-5 | 3:4-8 | 7:5-8 | 12:8-16 | 10:9-16 | 9:9-13 | 4:12-16 | 14:13-20 | 6:13-16 | 8:13-16 | 15:16-21 | 13:17-21 | 5:19-21 | 17:21-31 | 11:25-28 | 19:31-40 | 16:32-34 | 18:39-40 | 20:40-40
1;1;47;122,378125;0;0;4;12;12;17;5;13;17;12;5;8;8;26;16;38;21;30;31;40;True;40;0;46;0;1:0-0 | 2:0-5 | 3:4-8 | 11:5-8 | 7:5-8 | 12:8-16 | 13:8-12 | 10:12-19 | 4:12-16 | 5:12-14 | 8:13-16 | 15:16-21 | 6:17-20 | 9:17-21 | 17:21-31 | 14:26-33 | 18:30-31 | 19:31-40 | 16:38-40 | 20:40-40
1;1;48;146,178125;0;0;4;12;19;2;5;8;17;20;16;8;17;29;16;22;21;39;31;40;True;40;0;47;0;1:0-0 | 2:0-5 | 6:2-5 | 3:4-8 | 7:5-8 | 12:8-16 | 8:8-11 | 4:12-16 | 11:16-19 | 15:16-21 | 13:17-21 | 9:17-21 | 5:19-21 | 10:20-27 | 17:21-31 | 16:22-24 | 14:29-36 | 19:31-40 | 18:39-40 | 20:40-40
1;1;49;119,778125;0;0;2;12;19;9;5;13;13;10;23;8;17;20;16;37;21;26;31;40;True;40;0;48;0;1:0-0 | 2:0-5 | 3:2-6 | 7:5-8 | 12:8-16 | 6:9-12 | 10:10-17 | 4:12-16 | 8:13-16 | 9:13-17 | 15:16-21 | 13:17-21 | 5:19-21 | 14:20-27 | 17:21-31 | 11:23-26 | 18:26-27 | 19:31-40 | 16:37-39 | 20:40-40
1;1;50;132,878125;0;0;4;12;15;15;5;13;17;5;12;8;17;15;16;37;21;39;31;40;True;40;0;49;0;1:0-0 | 2:0-5 | 3:4-8 | 10:5-12 | 7:5-8 | 12:8-16 | 11:12-15 | 4:12-16 | 8:13-16 | 14:15-22 | 5:15-17 | 6:15-18 | 15:16-21 | 13:17-21 | 9:17-21 | 17:21-31 | 19:31-40 | 16:37-39 | 18:39-40 | 20:40-40
1;1;51;115,928125;0;0;4;9;13;3;5;13;10;7;6;8;17;20;16;32;21;36;31;40;True;40;0;50;0;1:0-0 | 2:0-5 | 6:3-6 | 3:4-8 | 7:5-8 | 11:6-9 | 10:7-14 | 12:8-16 | 4:9-13 | 9:10-14 | 5:13-15 | 8:13-16 | 15:16-21 | 13:17-21 | 14:20-27 | 17:21-31 | 19:31-40 | 16:32-34 | 18:36-37 | 20:40-40
1;1;52;131,028125;0;0;4;12;6;23;5;13;17;13;7;8;17;17;16;38;21;36;31;40;True;40;0;51;0;1:0-0 | 2:0-5 | 3:4-8 | 7:5-8 | 5:6-8 | 11:7-10 | 12:8-16 | 4:12-16 | 10:13-20 | 8:13-16 | 15:16-21 | 13:17-21 | 14:17-24 | 9:17-21 | 17:21-31 | 6:23-26 | 19:31-40 | 18:36-37 | 16:38-40 | 20:40-40
1;1;53;144,928125;0;0;4;12;19;14;5;13;17;9;15;8;17;31;16;32;21;39;31;40;True;40;0;52;0;1:0-0 | 2:0-5 | 3:4-8 | 7:5-8 | 12:8-16 | 10:9-16 | 4:12-16 | 8:13-16 | 6:14-17 | 11:15-18 | 15:16-21 | 13:17-21 | 9:17-21 | 5:19-21 | 17:21-31 | 14:31-38 | 19:31-40 | 16:32-34 | 18:39-40 | 20:40-40
1;1;54;126,728125;0;0;2;12;16;10;5;13;5;6;20;8;15;25;16;22;21;33;31;40;True;40;0;53;0;1:0-0 | 2:0-5 | 3:2-6 | 7:5-8 | 9:5-9 | 10:6-13 | 12:8-16 | 6:10-13 | 4:12-16 | 8:13-16 | 13:15-19 | 15:16-21 | 5:16-18 | 11:20-23 | 17:21-31 | 16:22-24 | 14:25-32 | 19:31-40 | 18:33-34 | 20:40-40
1;1;55;107,128125;0;0;4;12;19;4;5;13;17;14;31;8;16;30;16;36;21;39;31;40;True;40;0;54;0;1:0-0 | 2:0-5 | 3:4-8 | 6:4-7 | 7:5-8 | 12:8-16 | 4:12-16 | 8:13-16 | 10:14-21 | 13:16-20 | 15:16-21 | 9:17-21 | 5:19-21 | 17:21-31 | 14:30-37 | 11:31-34 | 19:31-40 | 16:36-38 | 18:39-40 | 20:40-40
1;1;56;90,028125;0;0;3;9;8;13;5;13;15;5;35;8;17;31;16;33;21;38;31;40;True;40;0;55;0;1:0-0 | 2:0-5 | 3:3-7 | 10:5-12 | 7:5-8 | 12:8-16 | 5:8-10 | 4:9-13 | 6:13-16 | 8:13-16 | 9:15-19 | 15:16-21 | 13:17-21 | 17:21-31 | 14:31-38 | 19:31-40 | 16:33-35 | 11:35-38 | 18:38-39 | 20:40-40
1;1;57;125,278125;0;0;4;12;6;24;5;7;17;13;10;8;17;33;16;38;21;39;31;40;True;40;0;56;0;1:0-0 | 2:0-5 | 3:4-8 | 7:5-8 | 5:6-8 | 8:7-10 | 12:8-16 | 11:10-13 | 4:12-16 | 10:13-20 | 15:16-21 | 13:17-21 | 9:17-21 | 17:21-31 | 6:24-27 | 19:31-40 | 14:33-40 | 16:38-40 | 18:39-40 | 20:40-40
1;1;58;105,928125;0;0;2;11;19;4;5;6;16;5;10;8;16;27;16;32;21;34;31;40;True;40;0;57;0;1:0-0 | 2:0-5 | 3:2-6 | 6:4-7 | 10:5-12 | 7:5-8 | 8:6-9 | 12:8-16 | 11:10-13 | 4:11-15 | 13:16-20 | 15:16-21 | 9:16-20 | 5:19-21 | 17:21-31 | 14:27-34 | 19:31-40 | 16:32-34 | 18:34-35 | 20:40-40
1;1;59;94,528125;0;0;3;9;8;1;5;13;15;13;35;8;17;31;16;33;21;38;31;40;True;40;0;58;0;1:0-0 | 2:0-5 | 6:1-4 | 3:3-7 | 7:5-8 | 12:8-16 | 5:8-10 | 4:9-13 | 10:13-20 | 8:13-16 | 9:15-19 | 15:16-21 | 13:17-21 | 17:21-31 | 14:31-38 | 19:31-40 | 16:33-35 | 11:35-38 | 18:38-39 | 20:40-40
1;1;60;103,028125;0;0;4;8;13;7;5;12;5;9;20;8;15;16;16;31;21;36;31;40;True;40;0;59;0;1:0-0 | 2:0-5 | 3:4-8 | 7:5-8 | 9:5-9 | 6:7-10 | 12:8-16 | 4:8-12 | 10:9-16 | 8:12-15 | 5:13-15 | 13:15-19 | 14:16-23 | 15:16-21 | 11:20-23 | 17:21-31 | 16:31-33 | 19:31-40 | 18:36-37 | 20:40-40
1;1;61;148,078125;0;0;4;3;9;21;5;13;17;8;17;8;17;21;16;33;21;39;31;40;True;40;0;60;0;1:0-0 | 2:0-5 | 4:3-7 | 3:4-8 | 7:5-8 | 10:8-15 | 12:8-16 | 5:9-11 | 8:13-16 | 15:16-21 | 11:17-20 | 13:17-21 | 9:17-21 | 14:21-28 | 17:21-31 | 6:21-24 | 19:31-40 | 16:33-35 | 18:39-40 | 20:40-40
1;1;62;117,278125;0;0;4;12;2;1;5;13;13;12;37;8;17;33;16;38;21;39;31;40;True;40;0;61;0;1:0-0 | 2:0-5 | 6:1-4 | 5:2-4 | 3:4-8 | 7:5-8 | 12:8-16 | 10:12-19 | 4:12-16 | 8:13-16 | 9:13-17 | 15:16-21 | 13:17-21 | 17:21-31 | 19:31-40 | 14:33-40 | 11:37-40 | 16:38-40 | 18:39-40 | 20:40-40
1;1;63;124,428125;0;0;4;12;6;24;5;13;17;7;10;8;17;33;16;38;21;39;31;40;True;40;0;62;0;1:0-0 | 2:0-5 | 3:4-8 | 7:5-8 | 5:6-8 | 10:7-14 | 12:8-16 | 11:10-13 | 4:12-16 | 8:13-16 | 15:16-21 | 13:17-21 | 9:17-21 | 17:21-31 | 6:24-27 | 19:31-40 | 14:33-40 | 16:38-40 | 18:39-40 | 20:40-40
1;1;64;142,178125;0;0;4;12;19;13;5;13;17;15;14;8;17;12;16;38;21;36;31;40;True;40;0;63;0;1:0-0 | 2:0-5 | 3:4-8 | 7:5-8 | 12:8-16 | 14:12-19 | 4:12-16 | 6:13-16 | 8:13-16 | 11:14-17 | 10:15-22 | 15:16-21 | 13:17-21 | 9:17-21 | 5:19-21 | 17:21-31 | 19:31-40 | 18:36-37 | 16:38-40 | 20:40-40
1;1;65;116,678125;0;0;4;12;19;14;5;13;7;16;30;8;14;12;16;37;21;39;31;40;True;40;1;0;1;1:0-0 | 2:0-5 | 3:4-8 | 7:5-8 | 9:7-11 | 12:8-16 | 14:12-19 | 4:12-16 | 8:13-16 | 13:14-18 | 6:14-17 | 10:16-23 | 15:16-21 | 5:19-21 | 17:21-31 | 11:30-33 | 19:31-40 | 16:37-39 | 18:39-40 | 20:40-40
1;1;66;116,428125;0;0;2;11;10;11;5;13;17;14;10;8;17;10;16;30;21;33;31;40;True;40;1;1;1;1:0-0 | 2:0-5 | 3:2-6 | 7:5-8 | 12:8-16 | 11:10-13 | 14:10-17 | 5:10-12 | 4:11-15 | 6:11-14 | 8:13-16 | 10:14-21 | 15:16-21 | 13:17-21 | 9:17-21 | 17:21-31 | 16:30-32 | 19:31-40 | 18:33-34 | 20:40-40
1;1;67;109,528125;0;0;4;10;10;16;5;13;15;11;24;8;17;30;16;38;21;37;31;40;True;40;1;2;1;1:0-0 | 2:0-5 | 3:4-8 | 7:5-8 | 12:8-16 | 4:10-14 | 5:10-12 | 10:11-18 | 8:13-16 | 9:15-19 | 15:16-21 | 6:16-19 | 13:17-21 | 17:21-31 | 11:24-27 | 14:30-37 | 19:31-40 | 18:37-38 | 16:38-40 | 20:40-40
1;1;68;123,478125;0;0;4;12;12;3;5;13;7;7;10;8;16;27;16;30;21;34;31;40;True;40;1;3;1;1:0-0 | 2:0-5 | 6:3-6 | 3:4-8 | 7:5-8 | 10:7-14 | 9:7-11 | 12:8-16 | 11:10-13 | 4:12-16 | 5:12-14 | 8:13-16 | 13:16-20 | 15:16-21 | 17:21-31 | 14:27-34 | 16:30-32 | 19:31-40 | 18:34-35 | 20:40-40
1;1;69;128,278125;0;0;4;12;19;1;5;8;13;24;12;8;17;32;16;24;21;37;31;40;True;40;1;4;1;1:0-0 | 2:0-5 | 6:1-4 | 3:4-8 | 7:5-8 | 12:8-16 | 8:8-11 | 11:12-15 | 4:12-16 | 9:13-17 | 15:16-21 | 13:17-21 | 5:19-21 | 17:21-31 | 10:24-31 | 16:24-26 | 19:31-40 | 14:32-39 | 18:37-38 | 20:40-40
1;1;70;120,778125;0;0;2;8;14;16;5;13;10;8;14;8;16;8;16;31;21;36;31;40;True;40;1;5;1;1:0-0 | 2:0-5 | 3:2-6 | 7:5-8 | 10:8-15 | 12:8-16 | 14:8-15 | 4:8-12 | 9:10-14 | 8:13-16 | 11:14-17 | 5:14-16 | 13:16-20 | 15:16-21 | 6:16-19 | 17:21-31 | 16:31-33 | 19:31-40 | 18:36-37 | 20:40-40
1;1;71;104,928125;0;0;1;12;17;16;5;8;11;14;22;8;16;11;16;34;21;38;31;40;True;40;1;6;1;1:0-0 | 2:0-5 | 3:1-5 | 7:5-8 | 12:8-16 | 8:8-11 | 14:11-18 | 9:11-15 | 4:12-16 | 10:14-21 | 13:16-20 | 15:16-21 | 6:16-19 | 5:17-19 | 17:21-31 | 11:22-25 | 19:31-40 | 16:34-36 | 18:38-39 | 20:40-40
1;1;72;112,478125;0;0;4;12;12;16;5;13;5;17;30;8;17;24;16;28;21;32;31;40;True;40;1;7;1;1:0-0 | 2:0-5 | 3:4-8 | 7:5-8 | 9:5-9 | 12:8-16 | 4:12-16 | 5:12-14 | 8:13-16 | 15:16-21 | 6:16-19 | 10:17-24 | 13:17-21 | 17:21-31 | 14:24-31 | 16:28-30 | 11:30-33 | 19:31-40 | 18:32-33 | 20:40-40
1;1;73;119,728125;0;0;4;12;19;20;5;13;11;7;36;8;11;20;16;16;21;39;31;40;True;40;1;8;1;1:0-0 | 2:0-5 | 3:4-8 | 7:5-8 | 10:7-14 | 12:8-16 | 13:11-15 | 9:11-15 | 4:12-16 | 8:13-16 | 15:16-21 | 16:16-18 | 5:19-21 | 14:20-27 | 6:20-23 | 17:21-31 | 19:31-40 | 11:36-39 | 18:39-40 | 20:40-40
1;1;74;132,178125;0;0;4;4;19;11;5;9;17;12;35;8;17;19;16;38;21;39;31;40;True;40;1;9;1;1:0-0 | 2:0-5 | 3:4-8 | 4:4-8 | 7:5-8 | 12:8-16 | 8:9-12 | 6:11-14 | 10:12-19 | 15:16-21 | 13:17-21 | 9:17-21 | 14:19-26 | 5:19-21 | 17:21-31 | 19:31-40 | 11:35-38 | 16:38-40 | 18:39-40 | 20:40-40
1;1;75;102,528125;0;0;2;12;8;15;5;13;6;9;27;8;15;10;16;31;21;37;31;40;True;40;1;10;1;1:0-0 | 2:0-5 | 3:2-6 | 7:5-8 | 9:6-10 | 12:8-16 | 5:8-10 | 10:9-16 | 14:10-17 | 4:12-16 | 8:13-16 | 13:15-19 | 6:15-18 | 15:16-21 | 17:21-31 | 11:27-30 | 16:31-33 | 19:31-40 | 18:37-38 | 20:40-40
1;1;76;88,428125;0;0;2;9;6;15;5;12;17;8;31;8;14;24;16;28;21;34;31;40;True;40;1;11;1;1:0-0 | 2:0-5 | 3:2-6 | 7:5-8 | 5:6-8 | 10:8-15 | 12:8-16 | 4:9-13 | 8:12-15 | 13:14-18 | 6:15-18 | 15:16-21 | 9:17-21 | 17:21-31 | 14:24-31 | 16:28-30 | 11:31-34 | 19:31-40 | 18:34-35 | 20:40-40
1;1;77;114,078125;0;0;4;10;19;5;5;13;11;16;12;8;15;15;16;24;21;35;31;40;True;40;1;12;1;1:0-0 | 2:0-5 | 3:4-8 | 6:5-8 | 7:5-8 | 12:8-16 | 4:10-14 | 9:11-15 | 11:12-15 | 8:13-16 | 13:15-19 | 14:15-22 | 10:16-23 | 15:16-21 | 5:19-21 | 17:21-31 | 16:24-26 | 19:31-40 | 18:35-36 | 20:40-40
1;1;78;108,078125;0;0;1;12;19;0;5;13;11;9;9;8;16;26;16;31;21;38;31;40;True;40;1;13;1;1:0-0 | 2:0-5 | 6:0-3 | 3:1-5 | 7:5-8 | 12:8-16 | 10:9-16 | 11:9-12 | 9:11-15 | 4:12-16 | 8:13-16 | 13:16-20 | 15:16-21 | 5:19-21 | 17:21-31 | 14:26-33 | 16:31-33 | 19:31-40 | 18:38-39 | 20:40-40
1;1;79;106,128125;0;0;4;12;9;15;5;13;17;17;22;8;17;31;16;38;21;35;31;40;True;40;1;14;1;1:0-0 | 2:0-5 | 3:4-8 | 7:5-8 | 12:8-16 | 5:9-11 | 4:12-16 | 8:13-16 | 6:15-18 | 15:16-21 | 10:17-24 | 13:17-21 | 9:17-21 | 17:21-31 | 11:22-25 | 14:31-38 | 19:31-40 | 18:35-36 | 16:38-40 | 20:40-40
1;1;80;139,878125;0;0;4;3;18;0;5;13;17;7;7;8;17;19;16;38;21;39;31;40;True;40;1;15;1;1:0-0 | 2:0-5 | 6:0-3 | 4:3-7 | 3:4-8 | 7:5-8 | 10:7-14 | 11:7-10 | 12:8-16 | 8:13-16 | 15:16-21 | 13:17-21 | 9:17-21 | 5:18-20 | 14:19-26 | 17:21-31 | 19:31-40 | 16:38-40 | 18:39-40 | 20:40-40
1;1;81;116,228125;0;0;4;5;11;17;5;13;14;5;25;8;17;30;16;36;21;39;31;40;True;40;1;16;1;1:0-0 | 2:0-5 | 3:4-8 | 10:5-12 | 4:5-9 | 7:5-8 | 12:8-16 | 5:11-13 | 8:13-16 | 9:14-18 | 15:16-21 | 13:17-21 | 6:17-20 | 17:21-31 | 11:25-28 | 14:30-37 | 19:31-40 | 16:36-38 | 18:39-40 | 20:40-40
1;1;82;102,628125;0;0;4;12;14;5;5;11;17;11;30;8;17;27;16;29;21;39;31;40;True;40;1;17;1;1:0-0 | 2:0-5 | 3:4-8 | 6:5-8 | 7:5-8 | 12:8-16 | 10:11-18 | 8:11-14 | 4:12-16 | 5:14-16 | 15:16-21 | 13:17-21 | 9:17-21 | 17:21-31 | 14:27-34 | 16:29-31 | 11:30-33 | 19:31-40 | 18:39-40 | 20:40-40
1;1;83;106,128125;0;0;4;10;14;7;5;13;17;18;28;8;17;20;16;31;21;39;31;40;True;40;1;18;1;1:0-0 | 2:0-5 | 3:4-8 | 7:5-8 | 6:7-10 | 12:8-16 | 4:10-14 | 8:13-16 | 5:14-16 | 15:16-21 | 13:17-21 | 9:17-21 | 10:18-25 | 14:20-27 | 17:21-31 | 11:28-31 | 16:31-33 | 19:31-40 | 18:39-40 | 20:40-40
1;1;84;112,678125;0;0;2;11;7;12;5;13;16;11;10;8;13;24;16;30;21;35;31;40;True;40;1;19;1;1:0-0 | 2:0-5 | 3:2-6 | 7:5-8 | 5:7-9 | 12:8-16 | 11:10-13 | 10:11-18 | 4:11-15 | 6:12-15 | 13:13-17 | 8:13-16 | 15:16-21 | 9:16-20 | 17:21-31 | 14:24-31 | 16:30-32 | 19:31-40 | 18:35-36 | 20:40-40
1;1;85;135,928125;0;0;4;12;17;11;5;13;17;8;10;8;12;24;16;38;21;39;31;40;True;40;1;20;1;1:0-0 | 2:0-5 | 3:4-8 | 7:5-8 | 10:8-15 | 12:8-16 | 11:10-13 | 6:11-14 | 13:12-16 | 4:12-16 | 8:13-16 | 15:16-21 | 5:17-19 | 9:17-21 | 17:21-31 | 14:24-31 | 19:31-40 | 16:38-40 | 18:39-40 | 20:40-40
1;1;86;102,628125;0;0;4;12;14;5;5;11;17;11;30;8;17;27;16;29;21;39;31;40;True;40;1;21;1;1:0-0 | 2:0-5 | 3:4-8 | 6:5-8 | 7:5-8 | 12:8-16 | 10:11-18 | 8:11-14 | 4:12-16 | 5:14-16 | 15:16-21 | 13:17-21 | 9:17-21 | 17:21-31 | 14:27-34 | 16:29-31 | 11:30-33 | 19:31-40 | 18:39-40 | 20:40-40
1;1;87;98,828125;0;0;4;10;8;17;5;13;10;8;22;8;17;26;16;38;21;33;31;40;True;40;1;22;1;1:0-0 | 2:0-5 | 3:4-8 | 7:5-8 | 10:8-15 | 12:8-16 | 5:8-10 | 4:10-14 | 9:10-14 | 8:13-16 | 15:16-21 | 13:17-21 | 6:17-20 | 17:21-31 | 11:22-25 | 14:26-33 | 19:31-40 | 18:33-34 | 16:38-40 | 20:40-40
1;1;88;134,478125;0;0;4;12;10;13;5;13;7;24;17;8;15;32;16;31;21;39;31;40;True;40;1;23;1;1:0-0 | 2:0-5 | 3:4-8 | 7:5-8 | 9:7-11 | 12:8-16 | 5:10-12 | 4:12-16 | 6:13-16 | 8:13-16 | 13:15-19 | 15:16-21 | 11:17-20 | 17:21-31 | 10:24-31 | 16:31-33 | 19:31-40 | 14:32-39 | 18:39-40 | 20:40-40
1;1;89;98,528125;0;0;0;7;13;10;5;10;16;9;20;8;16;10;16;31;21;27;31;40;True;40;1;24;1;1:0-0 | 2:0-5 | 3:0-4 | 7:5-8 | 4:7-11 | 12:8-16 | 10:9-16 | 14:10-17 | 6:10-13 | 8:10-13 | 5:13-15 | 13:16-20 | 15:16-21 | 9:16-20 | 11:20-23 | 17:21-31 | 18:27-28 | 16:31-33 | 19:31-40 | 20:40-40
1;1;90;103,778125;0;0;4;12;4;10;5;13;17;11;21;8;8;27;16;35;21;34;31;40;True;40;1;25;1;1:0-0 | 2:0-5 | 3:4-8 | 5:4-6 | 7:5-8 | 12:8-16 | 13:8-12 | 6:10-13 | 10:11-18 | 4:12-16 | 8:13-16 | 15:16-21 | 9:17-21 | 11:21-24 | 17:21-31 | 14:27-34 | 19:31-40 | 18:34-35 | 16:35-37 | 20:40-40
1;1;91;139,378125;0;0;4;12;19;20;5;13;11;7;10;8;11;20;16;36;21;39;31;40;True;40;1;26;1;1:0-0 | 2:0-5 | 3:4-8 | 7:5-8 | 10:7-14 | 12:8-16 | 11:10-13 | 13:11-15 | 9:11-15 | 4:12-16 | 8:13-16 | 15:16-21 | 5:19-21 | 14:20-27 | 6:20-23 | 17:21-31 | 19:31-40 | 16:36-38 | 18:39-40 | 20:40-40
1;1;92;113,828125;0;0;4;12;15;19;5;13;16;8;8;8;17;10;16;25;21;36;31;40;True;40;1;27;1;1:0-0 | 2:0-5 | 3:4-8 | 7:5-8 | 10:8-15 | 11:8-11 | 12:8-16 | 14:10-17 | 4:12-16 | 8:13-16 | 5:15-17 | 15:16-21 | 9:16-20 | 13:17-21 | 6:19-22 | 17:21-31 | 16:25-27 | 19:31-40 | 18:36-37 | 20:40-40
1;1;93;100,228125;0;0;2;7;3;7;5;12;17;21;24;8;16;20;16;28;21;34;31;40;True;40;1;28;1;1:0-0 | 2:0-5 | 3:2-6 | 5:3-5 | 7:5-8 | 4:7-11 | 6:7-10 | 12:8-16 | 8:12-15 | 13:16-20 | 15:16-21 | 9:17-21 | 14:20-27 | 10:21-28 | 17:21-31 | 11:24-27 | 16:28-30 | 19:31-40 | 18:34-35 | 20:40-40
1;1;94;114,078125;0;0;4;12;3;21;5;6;7;23;37;8;17;18;16;33;21;39;31;40;True;40;1;29;1;1:0-0 | 2:0-5 | 5:3-5 | 3:4-8 | 7:5-8 | 8:6-9 | 9:7-11 | 12:8-16 | 4:12-16 | 15:16-21 | 13:17-21 | 14:18-25 | 17:21-31 | 6:21-24 | 10:23-30 | 19:31-40 | 16:33-35 | 11:37-40 | 18:39-40 | 20:40-40
1;1;95;103,828125;0;0;1;12;8;12;5;13;16;9;7;8;17;9;16;29;21;34;31;40;True;40;1;30;1;1:0-0 | 2:0-5 | 3:1-5 | 7:5-8 | 11:7-10 | 12:8-16 | 5:8-10 | 10:9-16 | 14:9-16 | 4:12-16 | 6:12-15 | 8:13-16 | 15:16-21 | 9:16-20 | 13:17-21 | 17:21-31 | 16:29-31 | 19:31-40 | 18:34-35 | 20:40-40
1;1;96;147,778125;0;0;4;12;19;25;5;13;17;17;13;8;16;10;16;16;21;35;31;40;True;40;1;31;1;1:0-0 | 2:0-5 | 3:4-8 | 7:5-8 | 12:8-16 | 14:10-17 | 4:12-16 | 11:13-16 | 8:13-16 | 13:16-20 | 15:16-21 | 16:16-18 | 10:17-24 | 9:17-21 | 5:19-21 | 17:21-31 | 6:25-28 | 19:31-40 | 18:35-36 | 20:40-40
1;1;97;138,328125;0;0;4;4;10;15;5;8;6;8;8;8;17;15;16;17;21;39;31;40;True;40;1;32;1;1:0-0 | 2:0-5 | 3:4-8 | 4:4-8 | 7:5-8 | 9:6-10 | 10:8-15 | 11:8-11 | 12:8-16 | 8:8-11 | 5:10-12 | 14:15-22 | 6:15-18 | 15:16-21 | 13:17-21 | 16:17-19 | 17:21-31 | 19:31-40 | 18:39-40 | 20:40-40
1;1;98;114,428125;0;0;4;12;13;1;5;11;17;13;32;8;16;15;16;29;21;39;31;40;True;40;1;33;1;1:0-0 | 2:0-5 | 6:1-4 | 3:4-8 | 7:5-8 | 12:8-16 | 8:11-14 | 4:12-16 | 10:13-20 | 5:13-15 | 14:15-22 | 13:16-20 | 15:16-21 | 9:17-21 | 17:21-31 | 16:29-31 | 19:31-40 | 11:32-35 | 18:39-40 | 20:40-40
1;1;99;133,328125;0;0;4;12;19;20;5;13;17;15;24;8;17;26;16;28;21;31;31;40;True;40;1;34;1;1:0-0 | 2:0-5 | 3:4-8 | 7:5-8 | 12:8-16 | 4:12-16 | 8:13-16 | 10:15-22 | 15:16-21 | 13:17-21 | 9:17-21 | 5:19-21 | 6:20-23 | 17:21-31 | 11:24-27 | 14:26-33 | 16:28-30 | 18:31-32 | 19:31-40 | 20:40-40
1;1;100;129,128125;0;0;2;12;19;24;5;13;17;8;28;8;17;31;16;24;21;38;31;40;True;40;1;35;1;1:0-0 | 2:0-5 | 3:2-6 | 7:5-8 | 10:8-15 | 12:8-16 | 4:12-16 | 8:13-16 | 15:16-21 | 13:17-21 | 9:17-21 | 5:19-21 | 17:21-31 | 16:24-26 | 6:24-27 | 11:28-31 | 14:31-38 | 19:31-40 | 18:38-39 | 20:40-40
1;1;101;152,878125;0;0;4;12;15;2;5;13;8;5;14;8;17;8;16;29;21;39;31;40;True;40;1;36;1;1:0-0 | 2:0-5 | 6:2-5 | 3:4-8 | 10:5-12 | 7:5-8 | 12:8-16 | 14:8-15 | 9:8-12 | 4:12-16 | 8:13-16 | 11:14-17 | 5:15-17 | 15:16-21 | 13:17-21 | 17:21-31 | 16:29-31 | 19:31-40 | 18:39-40 | 20:40-40
1;1;102;121,378125;0;0;3;12;16;8;5;13;16;8;16;8;8;24;16;30;21;26;31;40;True;40;1;37;1;1:0-0 | 2:0-5 | 3:3-7 | 7:5-8 | 10:8-15 | 12:8-16 | 13:8-12 | 6:8-11 | 4:12-16 | 8:13-16 | 11:16-19 | 15:16-21 | 5:16-18 | 9:16-20 | 17:21-31 | 14:24-31 | 18:26-27 | 16:30-32 | 19:31-40 | 20:40-40
1;1;103;117,578125;0;0;4;12;10;16;5;10;14;8;6;8;15;24;16;33;21;36;31;40;True;40;1;38;1;1:0-0 | 2:0-5 | 3:4-8 | 7:5-8 | 11:6-9 | 10:8-15 | 12:8-16 | 5:10-12 | 8:10-13 | 4:12-16 | 9:14-18 | 13:15-19 | 15:16-21 | 6:16-19 | 17:21-31 | 14:24-31 | 19:31-40 | 16:33-35 | 18:36-37 | 20:40-40
1;1;104;105,478125;0;0;4;12;15;17;5;8;11;13;10;8;17;29;16;38;21;39;31;40;True;40;1;39;1;1:0-0 | 2:0-5 | 3:4-8 | 7:5-8 | 12:8-16 | 8:8-11 | 11:10-13 | 9:11-15 | 4:12-16 | 10:13-20 | 5:15-17 | 15:16-21 | 13:17-21 | 6:17-20 | 17:21-31 | 14:29-36 | 19:31-40 | 16:38-40 | 18:39-40 | 20:40-40
1;1;105;104,428125;0;0;3;9;19;3;5;13;14;10;30;8;15;20;16;24;21;32;31;40;True;40;1;40;1;1:0-0 | 2:0-5 | 3:3-7 | 6:3-6 | 7:5-8 | 12:8-16 | 4:9-13 | 10:10-17 | 8:13-16 | 9:14-18 | 13:15-19 | 15:16-21 | 5:19-21 | 14:20-27 | 17:21-31 | 16:24-26 | 11:30-33 | 19:31-40 | 18:32-33 | 20:40-40
1;1;106;112,978125;0;0;4;12;7;4;5;13;17;19;24;8;17;21;16;27;21;39;31;40;True;40;1;41;1;1:0-0 | 2:0-5 | 3:4-8 | 6:4-7 | 7:5-8 | 5:7-9 | 12:8-16 | 4:12-16 | 8:13-16 | 15:16-21 | 13:17-21 | 9:17-21 | 10:19-26 | 14:21-28 | 17:21-31 | 11:24-27 | 16:27-29 | 19:31-40 | 18:39-40 | 20:40-40
1;1;107;154,828125;0;0;4;12;7;11;5;13;17;7;15;8;14;11;16;38;21;39;31;40;True;40;1;42;1;1:0-0 | 2:0-5 | 3:4-8 | 7:5-8 | 10:7-14 | 5:7-9 | 12:8-16 | 14:11-18 | 6:11-14 | 4:12-16 | 8:13-16 | 13:14-18 | 11:15-18 | 15:16-21 | 9:17-21 | 17:21-31 | 19:31-40 | 16:38-40 | 18:39-40 | 20:40-40
1;1;108;92,928125;0;0;2;9;8;15;5;13;6;17;27;8;15;10;16;31;21;37;31;40;True;40;1;43;1;1:0-0 | 2:0-5 | 3:2-6 | 7:5-8 | 9:6-10 | 12:8-16 | 5:8-10 | 4:9-13 | 14:10-17 | 8:13-16 | 13:15-19 | 6:15-18 | 15:16-21 | 10:17-24 | 17:21-31 | 11:27-30 | 16:31-33 | 19:31-40 | 18:37-38 | 20:40-40
1;1;109;125,278125;0;0;4;12;13;28;5;13;17;13;32;8;16;11;16;16;21;39;31;40;True;40;1;44;1;1:0-0 | 2:0-5 | 3:4-8 | 7:5-8 | 12:8-16 | 14:11-18 | 4:12-16 | 10:13-20 | 5:13-15 | 8:13-16 | 13:16-20 | 15:16-21 | 16:16-18 | 9:17-21 | 17:21-31 | 6:28-31 | 19:31-40 | 11:32-35 | 18:39-40 | 20:40-40
1;1;110;141,128125;0;0;4;12;11;4;5;13;17;7;17;8;17;18;16;16;21;39;31;40;True;40;1;45;1;1:0-0 | 2:0-5 | 3:4-8 | 6:4-7 | 7:5-8 | 10:7-14 | 12:8-16 | 5:11-13 | 4:12-16 | 8:13-16 | 15:16-21 | 16:16-18 | 11:17-20 | 13:17-21 | 9:17-21 | 14:18-25 | 17:21-31 | 19:31-40 | 18:39-40 | 20:40-40
1;1;111;98,528125;0;0;0;7;13;10;5;10;16;9;20;8;16;10;16;31;21;27;31;40;True;40;1;46;1;1:0-0 | 2:0-5 | 3:0-4 | 7:5-8 | 4:7-11 | 12:8-16 | 10:9-16 | 14:10-17 | 6:10-13 | 8:10-13 | 5:13-15 | 13:16-20 | 15:16-21 | 9:16-20 | 11:20-23 | 17:21-31 | 18:27-28 | 16:31-33 | 19:31-40 | 20:40-40
1;1;112;132,178125;0;0;4;4;19;9;5;11;17;12;35;8;17;19;16;38;21;39;31;40;True;40;1;47;1;1:0-0 | 2:0-5 | 3:4-8 | 4:4-8 | 7:5-8 | 12:8-16 | 6:9-12 | 8:11-14 | 10:12-19 | 15:16-21 | 13:17-21 | 9:17-21 | 14:19-26 | 5:19-21 | 17:21-31 | 19:31-40 | 11:35-38 | 16:38-40 | 18:39-40 | 20:40-40
1;1;113;113,678125;0;0;4;10;4;17;5;6;10;18;37;8;17;15;16;32;21;39;31;40;True;40;1;48;1;1:0-0 | 2:0-5 | 3:4-8 | 5:4-6 | 7:5-8 | 8:6-9 | 12:8-16 | 4:10-14 | 9:10-14 | 14:15-22 | 15:16-21 | 13:17-21 | 6:17-20 | 10:18-25 | 17:21-31 | 19:31-40 | 16:32-34 | 11:37-40 | 18:39-40 | 20:40-40
1;1;114;138,278125;0;0;4;12;2;10;5;13;10;18;22;8;13;27;16;22;21;28;31;40;True;40;1;49;1;1:0-0 | 2:0-5 | 5:2-4 | 3:4-8 | 7:5-8 | 12:8-16 | 6:10-13 | 9:10-14 | 4:12-16 | 13:13-17 | 8:13-16 | 15:16-21 | 10:18-25 | 17:21-31 | 11:22-25 | 16:22-24 | 14:27-34 | 18:28-29 | 19:31-40 | 20:40-40
1;1;115;92,628125;0;0;2;9;15;6;5;12;17;8;31;8;14;24;16;28;21;34;31;40;True;40;1;50;1;1:0-0 | 2:0-5 | 3:2-6 | 7:5-8 | 6:6-9 | 10:8-15 | 12:8-16 | 4:9-13 | 8:12-15 | 13:14-18 | 5:15-17 | 15:16-21 | 9:17-21 | 17:21-31 | 14:24-31 | 16:28-30 | 11:31-34 | 19:31-40 | 18:34-35 | 20:40-40
1;1;116;150,128125;0;0;4;12;17;22;5;13;17;5;13;8;17;19;16;26;21;39;31;40;True;40;1;51;1;1:0-0 | 2:0-5 | 3:4-8 | 10:5-12 | 7:5-8 | 12:8-16 | 4:12-16 | 11:13-16 | 8:13-16 | 15:16-21 | 13:17-21 | 5:17-19 | 9:17-21 | 14:19-26 | 17:21-31 | 6:22-25 | 16:26-28 | 19:31-40 | 18:39-40 | 20:40-40
1;1;117;156,778125;0;0;4;12;19;5;5;13;17;5;18;8;17;11;16;33;21;39;31;40;True;40;1;52;1;1:0-0 | 2:0-5 | 3:4-8 | 10:5-12 | 6:5-8 | 7:5-8 | 12:8-16 | 14:11-18 | 4:12-16 | 8:13-16 | 15:16-21 | 13:17-21 | 9:17-21 | 11:18-21 | 5:19-21 | 17:21-31 | 19:31-40 | 16:33-35 | 18:39-40 | 20:40-40
1;1;118;107,928125;0;0;4;10;9;6;5;13;17;9;11;8;17;25;16;37;21;39;31;40;True;40;1;53;1;1:0-0 | 2:0-5 | 3:4-8 | 7:5-8 | 6:6-9 | 12:8-16 | 10:9-16 | 5:9-11 | 4:10-14 | 11:11-14 | 8:13-16 | 15:16-21 | 13:17-21 | 9:17-21 | 17:21-31 | 14:25-32 | 19:31-40 | 16:37-39 | 18:39-40 | 20:40-40
1;1;119;148,978125;0;0;4;12;19;3;5;13;17;11;16;8;17;30;16;38;21;35;31;40;True;40;1;54;1;1:0-0 | 2:0-5 | 6:3-6 | 3:4-8 | 7:5-8 | 12:8-16 | 10:11-18 | 4:12-16 | 8:13-16 | 11:16-19 | 15:16-21 | 13:17-21 | 9:17-21 | 5:19-21 | 17:21-31 | 14:30-37 | 19:31-40 | 18:35-36 | 16:38-40 | 20:40-40
1;1;120;116,328125;0;0;3;8;17;20;5;13;17;12;26;8;17;31;16;38;21;36;31;40;True;40;1;55;1;1:0-0 | 2:0-5 | 3:3-7 | 7:5-8 | 12:8-16 | 4:8-12 | 10:12-19 | 8:13-16 | 15:16-21 | 13:17-21 | 5:17-19 | 9:17-21 | 6:20-23 | 17:21-31 | 11:26-29 | 14:31-38 | 19:31-40 | 18:36-37 | 16:38-40 | 20:40-40
1;1;121;143,678125;0;0;4;8;9;20;5;12;10;5;17;8;16;23;16;22;21;27;31;40;True;40;1;56;1;1:0-0 | 2:0-5 | 3:4-8 | 10:5-12 | 7:5-8 | 12:8-16 | 4:8-12 | 5:9-11 | 9:10-14 | 8:12-15 | 13:16-20 | 15:16-21 | 11:17-20 | 6:20-23 | 17:21-31 | 16:22-24 | 14:23-30 | 18:27-28 | 19:31-40 | 20:40-40
1;1;122;100,228125;0;0;2;7;3;7;5;12;16;21;24;8;17;20;16;28;21;34;31;40;True;40;1;57;1;1:0-0 | 2:0-5 | 3:2-6 | 5:3-5 | 7:5-8 | 4:7-11 | 6:7-10 | 12:8-16 | 8:12-15 | 15:16-21 | 9:16-20 | 13:17-21 | 14:20-27 | 10:21-28 | 17:21-31 | 11:24-27 | 16:28-30 | 19:31-40 | 18:34-35 | 20:40-40
1;1;123;131,278125;0;0;4;12;12;4;5;12;6;6;20;8;17;26;16;23;21;39;31;40;True;40;1;58;1;1:0-0 | 2:0-5 | 3:4-8 | 6:4-7 | 7:5-8 | 10:6-13 | 9:6-10 | 12:8-16 | 4:12-16 | 5:12-14 | 8:12-15 | 15:16-21 | 13:17-21 | 11:20-23 | 17:21-31 | 16:23-25 | 14:26-33 | 19:31-40 | 18:39-40 | 20:40-40
1;1;124;152,178125;0;0;4;12;17;22;5;13;17;5;13;8;17;19;16;26;21;21;31;40;True;40;1;59;1;1:0-0 | 2:0-5 | 3:4-8 | 10:5-12 | 7:5-8 | 12:8-16 | 4:12-16 | 11:13-16 | 8:13-16 | 15:16-21 | 13:17-21 | 5:17-19 | 9:17-21 | 14:19-26 | 17:21-31 | 18:21-22 | 6:22-25 | 16:26-28 | 19:31-40 | 20:40-40
1;1;125;143,128125;0;0;4;3;18;19;5;13;17;24;7;8;17;8;16;38;21;21;31;40;True;40;1;60;1;1:0-0 | 2:0-5 | 4:3-7 | 3:4-8 | 7:5-8 | 11:7-10 | 12:8-16 | 14:8-15 | 8:13-16 | 15:16-21 | 13:17-21 | 9:17-21 | 5:18-20 | 6:19-22 | 17:21-31 | 18:21-22 | 10:24-31 | 19:31-40 | 16:38-40 | 20:40-40
1;1;126;119,278125;0;0;4;12;5;9;5;13;17;18;10;8;17;13;16;31;21;36;31;40;True;40;1;61;1;1:0-0 | 2:0-5 | 3:4-8 | 5:5-7 | 7:5-8 | 12:8-16 | 6:9-12 | 11:10-13 | 4:12-16 | 14:13-20 | 8:13-16 | 15:16-21 | 13:17-21 | 9:17-21 | 10:18-25 | 17:21-31 | 16:31-33 | 19:31-40 | 18:36-37 | 20:40-40
1;1;127;104,728125;0;0;1;11;15;1;5;8;5;13;9;8;16;27;16;24;21;31;31;40;True;40;1;62;1;1:0-0 | 2:0-5 | 3:1-5 | 6:1-4 | 7:5-8 | 9:5-9 | 12:8-16 | 8:8-11 | 11:9-12 | 4:11-15 | 10:13-20 | 5:15-17 | 13:16-20 | 15:16-21 | 17:21-31 | 16:24-26 | 14:27-34 | 18:31-32 | 19:31-40 | 20:40-40
1;1;128;103,528125;0;0;4;12;8;5;5;12;9;10;27;8;17;31;16;38;21;39;31;40;True;40;1;63;1;1:0-0 | 2:0-5 | 3:4-8 | 6:5-8 | 7:5-8 | 12:8-16 | 5:8-10 | 9:9-13 | 10:10-17 | 4:12-16 | 8:12-15 | 15:16-21 | 13:17-21 | 17:21-31 | 11:27-30 | 14:31-38 | 19:31-40 | 16:38-40 | 18:39-40 | 20:40-40
1;1;129;98,828125;0;0;4;10;8;17;5;13;10;8;22;8;17;26;16;38;21;33;31;40;True;40;2;0;2;1:0-0 | 2:0-5 | 3:4-8 | 7:5-8 | 10:8-15 | 12:8-16 | 5:8-10 | 4:10-14 | 9:10-14 | 8:13-16 | 15:16-21 | 13:17-21 | 6:17-20 | 17:21-31 | 11:22-25 | 14:26-33 | 19:31-40 | 18:33-34 | 16:38-40 | 20:40-40
1;1;130;115,328125;0;0;4;11;12;17;5;13;15;7;22;8;17;31;16;33;21;35;31;40;True;40;2;1;2;1:0-0 | 2:0-5 | 3:4-8 | 7:5-8 | 10:7-14 | 12:8-16 | 4:11-15 | 5:12-14 | 8:13-16 | 9:15-19 | 15:16-21 | 13:17-21 | 6:17-20 | 17:21-31 | 11:22-25 | 14:31-38 | 19:31-40 | 16:33-35 | 18:35-36 | 20:40-40
1;1;131;115,328125;0;0;4;10;18;4;5;13;17;10;27;8;16;18;16;35;21;39;31;40;True;40;2;2;2;1:0-0 | 2:0-5 | 3:4-8 | 6:4-7 | 7:5-8 | 12:8-16 | 10:10-17 | 4:10-14 | 8:13-16 | 13:16-20 | 15:16-21 | 9:17-21 | 14:18-25 | 5:18-20 | 17:21-31 | 11:27-30 | 19:31-40 | 16:35-37 | 18:39-40 | 20:40-40
1;1;132;105,928125;0;0;4;12;15;6;5;9;16;22;9;8;17;26;16;38;21;39;31;40;True;40;2;3;2;1:0-0 | 2:0-5 | 3:4-8 | 7:5-8 | 6:6-9 | 12:8-16 | 11:9-12 | 8:9-12 | 4:12-16 | 5:15-17 | 15:16-21 | 9:16-20 | 13:17-21 | 17:21-31 | 10:22-29 | 14:26-33 | 19:31-40 | 16:38-40 | 18:39-40 | 20:40-40
1;1;133;139,528125;0;0;4;12;19;24;5;13;17;10;6;8;17;15;16;38;21;39;31;40;True;40;2;4;2;1:0-0 | 2:0-5 | 3:4-8 | 7:5-8 | 11:6-9 | 12:8-16 | 10:10-17 | 4:12-16 | 8:13-16 | 14:15-22 | 15:16-21 | 13:17-21 | 9:17-21 | 5:19-21 | 17:21-31 | 6:24-27 | 19:31-40 | 16:38-40 | 18:39-40 | 20:40-40
1;1;134;101,228125;0;0;4;9;15;5;5;13;16;6;10;8;17;21;16;33;21;39;31;40;True;40;2;5;2;1:0-0 | 2:0-5 | 3:4-8 | 6:5-8 | 7:5-8 | 10:6-13 | 12:8-16 | 4:9-13 | 11:10-13 | 8:13-16 | 5:15-17 | 15:16-21 | 9:16-20 | 13:17-21 | 14:21-28 | 17:21-31 | 19:31-40 | 16:33-35 | 18:39-40 | 20:40-40
1;1;135;98,828125;0;0;4;10;8;17;5;13;10;8;22;8;17;26;16;38;21;33;31;40;True;40;2;6;2;1:0-0 | 2:0-5 | 3:4-8 | 7:5-8 | 10:8-15 | 12:8-16 | 5:8-10 | 4:10-14 | 9:10-14 | 8:13-16 | 15:16-21 | 13:17-21 | 6:17-20 | 17:21-31 | 11:22-25 | 14:26-33 | 19:31-40 | 18:33-34 | 16:38-40 | 20:40-40
1;1;136;114,028125;0;0;4;12;11;14;5;13;17;5;27;8;15;30;16;37;21;35;31;40;True;40;2;7;2;1:0-0 | 2:0-5 | 3:4-8 | 10:5-12 | 7:5-8 | 12:8-16 | 5:11-13 | 4:12-16 | 8:13-16 | 6:14-17 | 13:15-19 | 15:16-21 | 9:17-21 | 17:21-31 | 11:27-30 | 14:30-37 | 19:31-40 | 18:35-36 | 16:37-39 | 20:40-40
1;1;137;103,528125;0;0;4;12;8;5;5;12;9;10;27;8;17;31;16;38;21;39;31;40;True;40;2;8;2;1:0-0 | 2:0-5 | 3:4-8 | 6:5-8 | 7:5-8 | 12:8-16 | 5:8-10 | 9:9-13 | 10:10-17 | 4:12-16 | 8:12-15 | 15:16-21 | 13:17-21 | 17:21-31 | 11:27-30 | 14:31-38 | 19:31-40 | 16:38-40 | 18:39-40 | 20:40-40
1;1;138;128,828125;0;0;4;12;18;16;5;13;17;5;22;8;17;33;16;26;21;39;31;40;True;40;2;9;2;1:0-0 | 2:0-5 | 3:4-8 | 10:5-12 | 7:5-8 | 12:8-16 | 4:12-16 | 8:13-16 | 15:16-21 | 6:16-19 | 13:17-21 | 9:17-21 | 5:18-20 | 17:21-31 | 11:22-25 | 16:26-28 | 19:31-40 | 14:33-40 | 18:39-40 | 20:40-40
1;1;139;118,528125;0;0;4;11;12;15;5;13;15;11;23;8;16;28;16;38;21;36;31;40;True;40;2;10;2;1:0-0 | 2:0-5 | 3:4-8 | 7:5-8 | 12:8-16 | 10:11-18 | 4:11-15 | 5:12-14 | 8:13-16 | 6:15-18 | 9:15-19 | 13:16-20 | 15:16-21 | 17:21-31 | 11:23-26 | 14:28-35 | 19:31-40 | 18:36-37 | 16:38-40 | 20:40-40
1;1;140;107,378125;0;0;4;12;16;6;5;13;17;5;31;8;17;26;16;21;21;39;31;40;True;40;2;11;2;1:0-0 | 2:0-5 | 3:4-8 | 10:5-12 | 7:5-8 | 6:6-9 | 12:8-16 | 4:12-16 | 8:13-16 | 15:16-21 | 5:16-18 | 13:17-21 | 9:17-21 | 16:21-23 | 17:21-31 | 14:26-33 | 11:31-34 | 19:31-40 | 18:39-40 | 20:40-40
1;1;141;121,978125;0;0;4;12;7;0;5;13;17;9;23;8;17;33;16;28;21;39;31;40;True;40;2;12;2;1:0-0 | 2:0-5 | 6:0-3 | 3:4-8 | 7:5-8 | 5:7-9 | 12:8-16 | 10:9-16 | 4:12-16 | 8:13-16 | 15:16-21 | 13:17-21 | 9:17-21 | 17:21-31 | 11:23-26 | 16:28-30 | 19:31-40 | 14:33-40 | 18:39-40 | 20:40-40
1;1;142;158,378125;0;0;4;11;19;5;5;13;14;11;17;8;17;15;16;19;21;39;31;40;True;40;2;13;2;1:0-0 | 2:0-5 | 3:4-8 | 6:5-8 | 7:5-8 | 12:8-16 | 10:11-18 | 4:11-15 | 8:13-16 | 9:14-18 | 14:15-22 | 15:16-21 | 11:17-20 | 13:17-21 | 16:19-21 | 5:19-21 | 17:21-31 | 19:31-40 | 18:39-40 | 20:40-40
1;1;143;123,378125;0;0;4;12;18;7;5;13;17;9;27;8;15;20;16;37;21;38;31;40;True;40;2;14;2;1:0-0 | 2:0-5 | 3:4-8 | 7:5-8 | 6:7-10 | 12:8-16 | 10:9-16 | 4:12-16 | 8:13-16 | 13:15-19 | 15:16-21 | 9:17-21 | 5:18-20 | 14:20-27 | 17:21-31 | 11:27-30 | 19:31-40 | 16:37-39 | 18:38-39 | 20:40-40
1;1;144;147,928125;0;0;4;12;18;28;5;13;14;7;5;8;17;9;16;16;21;39;31;40;True;40;2;15;2;1:0-0 | 2:0-5 | 3:4-8 | 11:5-8 | 7:5-8 | 10:7-14 | 12:8-16 | 14:9-16 | 4:12-16 | 8:13-16 | 9:14-18 | 15:16-21 | 16:16-18 | 13:17-21 | 5:18-20 | 17:21-31 | 6:28-31 | 19:31-40 | 18:39-40 | 20:40-40
1;1;145;149,678125;0;0;4;12;16;0;5;13;5;11;18;8;17;29;16;30;21;39;31;40;True;40;2;16;2;1:0-0 | 2:0-5 | 6:0-3 | 3:4-8 | 7:5-8 | 9:5-9 | 12:8-16 | 10:11-18 | 4:12-16 | 8:13-16 | 15:16-21 | 5:16-18 | 13:17-21 | 11:18-21 | 17:21-31 | 14:29-36 | 16:30-32 | 19:31-40 | 18:39-40 | 20:40-40
1;1;146;110,678125;0;0;4;8;19;13;5;13;7;14;30;8;17;17;16;23;21;39;31;40;True;40;2;17;2;1:0-0 | 2:0-5 | 3:4-8 | 7:5-8 | 9:7-11 | 12:8-16 | 4:8-12 | 6:13-16 | 8:13-16 | 10:14-21 | 15:16-21 | 13:17-21 | 14:17-24 | 5:19-21 | 17:21-31 | 16:23-25 | 11:30-33 | 19:31-40 | 18:39-40 | 20:40-40
1;1;147;108,628125;0;0;4;8;9;8;5;13;14;14;24;8;17;17;16;36;21;35;31;40;True;40;2;18;2;1:0-0 | 2:0-5 | 3:4-8 | 7:5-8 | 12:8-16 | 4:8-12 | 6:8-11 | 5:9-11 | 8:13-16 | 10:14-21 | 9:14-18 | 15:16-21 | 13:17-21 | 14:17-24 | 17:21-31 | 11:24-27 | 19:31-40 | 18:35-36 | 16:36-38 | 20:40-40
1;1;148;111,228125;0;0;4;10;8;10;5;13;8;24;22;8;17;26;16;17;21;33;31;40;True;40;2;19;2;1:0-0 | 2:0-5 | 3:4-8 | 7:5-8 | 12:8-16 | 5:8-10 | 9:8-12 | 4:10-14 | 6:10-13 | 8:13-16 | 15:16-21 | 13:17-21 | 16:17-19 | 17:21-31 | 11:22-25 | 10:24-31 | 14:26-33 | 19:31-40 | 18:33-34 | 20:40-40
1;1;149;154,928125;0;0;4;12;19;18;5;13;17;15;16;8;17;29;16;38;21;21;31;40;True;40;2;20;2;1:0-0 | 2:0-5 | 3:4-8 | 7:5-8 | 12:8-16 | 4:12-16 | 8:13-16 | 10:15-22 | 11:16-19 | 15:16-21 | 13:17-21 | 9:17-21 | 6:18-21 | 5:19-21 | 17:21-31 | 18:21-22 | 14:29-36 | 19:31-40 | 16:38-40 | 20:40-40
1;1;150;122,428125;0;0;4;12;13;9;5;13;17;11;25;8;16;24;16;37;21;36;31;40;True;40;2;21;2;1:0-0 | 2:0-5 | 3:4-8 | 7:5-8 | 12:8-16 | 6:9-12 | 10:11-18 | 4:12-16 | 5:13-15 | 8:13-16 | 13:16-20 | 15:16-21 | 9:17-21 | 17:21-31 | 14:24-31 | 11:25-28 | 19:31-40 | 18:36-37 | 16:37-39 | 20:40-40
1;1;151;150,628125;0;0;4;12;19;18;5;13;15;8;16;8;17;29;16;38;21;39;31;40;True;40;2;22;2;1:0-0 | 2:0-5 | 3:4-8 | 7:5-8 | 10:8-15 | 12:8-16 | 4:12-16 | 8:13-16 | 9:15-19 | 11:16-19 | 15:16-21 | 13:17-21 | 6:18-21 | 5:19-21 | 17:21-31 | 14:29-36 | 19:31-40 | 16:38-40 | 18:39-40 | 20:40-40
1;1;152;124,028125;0;0;4;12;12;21;5;13;16;6;25;8;17;13;16;36;21;39;31;40;True;40;2;23;2;1:0-0 | 2:0-5 | 3:4-8 | 7:5-8 | 10:6-13 | 12:8-16 | 4:12-16 | 5:12-14 | 14:13-20 | 8:13-16 | 15:16-21 | 9:16-20 | 13:17-21 | 17:21-31 | 6:21-24 | 11:25-28 | 19:31-40 | 16:36-38 | 18:39-40 | 20:40-40
1;1;153;126,478125;0;0;4;12;19;8;5;13;17;16;37;8;17;33;16;38;21;39;31;40;True;40;2;24;2;1:0-0 | 2:0-5 | 3:4-8 | 7:5-8 | 12:8-16 | 6:8-11 | 4:12-16 | 8:13-16 | 10:16-23 | 15:16-21 | 13:17-21 | 9:17-21 | 5:19-21 | 17:21-31 | 19:31-40 | 14:33-40 | 11:37-40 | 16:38-40 | 18:39-40 | 20:40-40
1;1;154;108,028125;0;0;4;10;8;17;5;13;10;17;22;8;8;26;16;38;21;33;31;40;True;40;2;25;2;1:0-0 | 2:0-5 | 3:4-8 | 7:5-8 | 12:8-16 | 13:8-12 | 5:8-10 | 4:10-14 | 9:10-14 | 8:13-16 | 15:16-21 | 10:17-24 | 6:17-20 | 17:21-31 | 11:22-25 | 14:26-33 | 19:31-40 | 18:33-34 | 16:38-40 | 20:40-40
1;1;155;139,528125;0;0;4;12;19;24;5;13;17;10;6;8;17;15;16;38;21;38;31;40;True;40;2;26;2;1:0-0 | 2:0-5 | 3:4-8 | 7:5-8 | 11:6-9 | 12:8-16 | 10:10-17 | 4:12-16 | 8:13-16 | 14:15-22 | 15:16-21 | 13:17-21 | 9:17-21 | 5:19-21 | 17:21-31 | 6:24-27 | 19:31-40 | 16:38-40 | 18:38-39 | 20:40-40
1;1;156;115,678125;0;0;4;10;14;10;5;12;8;13;28;8;17;21;16;30;21;39;31;40;True;40;2;27;2;1:0-0 | 2:0-5 | 3:4-8 | 7:5-8 | 12:8-16 | 9:8-12 | 4:10-14 | 6:10-13 | 8:12-15 | 10:13-20 | 5:14-16 | 15:16-21 | 13:17-21 | 14:21-28 | 17:21-31 | 11:28-31 | 16:30-32 | 19:31-40 | 18:39-40 | 20:40-40
1;1;157;123,878125;0;0;4;12;19;2;5;11;7;6;9;8;17;14;16;35;21;39;31;40;True;40;2;28;2;1:0-0 | 2:0-5 | 6:2-5 | 3:4-8 | 7:5-8 | 10:6-13 | 9:7-11 | 12:8-16 | 11:9-12 | 8:11-14 | 4:12-16 | 14:14-21 | 15:16-21 | 13:17-21 | 5:19-21 | 17:21-31 | 19:31-40 | 16:35-37 | 18:39-40 | 20:40-40
1;1;158;116,278125;0;0;4;9;19;8;5;13;12;24;9;8;15;16;16;29;21;39;31;40;True;40;2;29;2;1:0-0 | 2:0-5 | 3:4-8 | 7:5-8 | 12:8-16 | 6:8-11 | 11:9-12 | 4:9-13 | 9:12-16 | 8:13-16 | 13:15-19 | 14:16-23 | 15:16-21 | 5:19-21 | 17:21-31 | 10:24-31 | 16:29-31 | 19:31-40 | 18:39-40 | 20:40-40
1;1;159;122,978125;0;0;4;12;11;9;5;12;11;12;26;8;16;31;16;38;21;38;31;40;True;40;2;30;2;1:0-0 | 2:0-5 | 3:4-8 | 7:5-8 | 12:8-16 | 6:9-12 | 5:11-13 | 9:11-15 | 10:12-19 | 4:12-16 | 8:12-15 | 13:16-20 | 15:16-21 | 17:21-31 | 11:26-29 | 14:31-38 | 19:31-40 | 16:38-40 | 18:38-39 | 20:40-40
1;1;160;116,978125;0;0;4;12;13;9;5;13;7;21;31;8;17;9;16;34;21;39;31;40;True;40;2;31;2;1:0-0 | 2:0-5 | 3:4-8 | 7:5-8 | 9:7-11 | 12:8-16 | 14:9-16 | 6:9-12 | 4:12-16 | 5:13-15 | 8:13-16 | 15:16-21 | 13:17-21 | 10:21-28 | 17:21-31 | 11:31-34 | 19:31-40 | 16:34-36 | 18:39-40 | 20:40-40
1;1;161;111,628125;0;0;4;12;8;9;5;13;11;9;25;8;17;27;16;38;21;37;31;40;True;40;2;32;2;1:0-0 | 2:0-5 | 3:4-8 | 7:5-8 | 12:8-16 | 5:8-10 | 10:9-16 | 6:9-12 | 9:11-15 | 4:12-16 | 8:13-16 | 15:16-21 | 13:17-21 | 17:21-31 | 11:25-28 | 14:27-34 | 19:31-40 | 18:37-38 | 16:38-40 | 20:40-40
1;1;162;125,328125;0;0;4;12;18;10;5;13;17;10;23;8;17;27;16;31;21;39;31;40;True;40;2;33;2;1:0-0 | 2:0-5 | 3:4-8 | 7:5-8 | 12:8-16 | 10:10-17 | 6:10-13 | 4:12-16 | 8:13-16 | 15:16-21 | 13:17-21 | 9:17-21 | 5:18-20 | 17:21-31 | 11:23-26 | 14:27-34 | 16:31-33 | 19:31-40 | 18:39-40 | 20:40-40
1;1;163;138,428125;0;0;4;12;19;28;5;13;17;7;21;8;17;25;16;17;21;39;31;40;True;40;2;34;2;1:0-0 | 2:0-5 | 3:4-8 | 7:5-8 | 10:7-14 | 12:8-16 | 4:12-16 | 8:13-16 | 15:16-21 | 13:17-21 | 16:17-19 | 9:17-21 | 5:19-21 | 11:21-24 | 17:21-31 | 14:25-32 | 6:28-31 | 19:31-40 | 18:39-40 | 20:40-40
1;1;164;127,628125;0;0;4;12;19;8;5;13;17;16;37;8;17;33;16;17;21;39;31;40;True;40;2;35;2;1:0-0 | 2:0-5 | 3:4-8 | 7:5-8 | 12:8-16 | 6:8-11 | 4:12-16 | 8:13-16 | 10:16-23 | 15:16-21 | 13:17-21 | 16:17-19 | 9:17-21 | 5:19-21 | 17:21-31 | 19:31-40 | 14:33-40 | 11:37-40 | 18:39-40 | 20:40-40
1;1;165;124,578125;0;0;4;12;19;4;5;10;17;5;11;8;17;33;16;38;21;36;31;40;True;40;2;36;2;1:0-0 | 2:0-5 | 3:4-8 | 6:4-7 | 10:5-12 | 7:5-8 | 12:8-16 | 8:10-13 | 11:11-14 | 4:12-16 | 15:16-21 | 13:17-21 | 9:17-21 | 5:19-21 | 17:21-31 | 19:31-40 | 14:33-40 | 18:36-37 | 16:38-40 | 20:40-40
1;1;166;98,828125;0;0;4;10;8;17;5;13;10;8;22;8;17;26;16;38;21;33;31;40;True;40;2;37;2;1:0-0 | 2:0-5 | 3:4-8 | 7:5-8 | 10:8-15 | 12:8-16 | 5:8-10 | 4:10-14 | 9:10-14 | 8:13-16 | 15:16-21 | 13:17-21 | 6:17-20 | 17:21-31 | 11:22-25 | 14:26-33 | 19:31-40 | 18:33-34 | 16:38-40 | 20:40-40
1;1;167;124,978125;0;0;4;9;17;12;5;13;15;7;13;8;17;16;16;38;21;39;31;40;True;40;2;38;2;1:0-0 | 2:0-5 | 3:4-8 | 7:5-8 | 10:7-14 | 12:8-16 | 4:9-13 | 6:12-15 | 11:13-16 | 8:13-16 | 9:15-19 | 14:16-23 | 15:16-21 | 13:17-21 | 5:17-19 | 17:21-31 | 19:31-40 | 16:38-40 | 18:39-40 | 20:40-40
1;1;168;117,228125;0;0;4;8;19;3;5;13;17;16;25;8;17;20;16;31;21;39;31;40;True;40;2;39;2;1:0-0 | 2:0-5 | 6:3-6 | 3:4-8 | 7:5-8 | 12:8-16 | 4:8-12 | 8:13-16 | 10:16-23 | 15:16-21 | 13:17-21 | 9:17-21 | 5:19-21 | 14:20-27 | 17:21-31 | 11:25-28 | 16:31-33 | 19:31-40 | 18:39-40 | 20:40-40
1;1;169;127,978125;0;0;4;12;11;21;5;13;15;7;20;8;17;33;16;34;21;39;31;40;True;40;2;40;2;1:0-0 | 2:0-5 | 3:4-8 | 7:5-8 | 10:7-14 | 12:8-16 | 5:11-13 | 4:12-16 | 8:13-16 | 9:15-19 | 15:16-21 | 13:17-21 | 11:20-23 | 17:21-31 | 6:21-24 | 19:31-40 | 14:33-40 | 16:34-36 | 18:39-40 | 20:40-40
1;1;170;142,728125;0;0;4;12;19;12;5;13;17;17;12;8;17;8;16;30;21;39;31;40;True;40;2;41;2;1:0-0 | 2:0-5 | 3:4-8 | 7:5-8 | 12:8-16 | 14:8-15 | 11:12-15 | 4:12-16 | 6:12-15 | 8:13-16 | 15:16-21 | 10:17-24 | 13:17-21 | 9:17-21 | 5:19-21 | 17:21-31 | 16:30-32 | 19:31-40 | 18:39-40 | 20:40-40
1;1;171;125,728125;0;0;4;12;3;28;5;13;14;14;26;8;17;17;16;27;21;32;31;40;True;40;2;42;2;1:0-0 | 2:0-5 | 5:3-5 | 3:4-8 | 7:5-8 | 12:8-16 | 4:12-16 | 8:13-16 | 10:14-21 | 9:14-18 | 15:16-21 | 13:17-21 | 14:17-24 | 17:21-31 | 11:26-29 | 16:27-29 | 6:28-31 | 19:31-40 | 18:32-33 | 20:40-40
1;1;172;112,978125;0;0;4;7;4;18;5;13;10;8;23;8;17;14;16;38;21;31;31;40;True;40;2;43;2;1:0-0 | 2:0-5 | 3:4-8 | 5:4-6 | 7:5-8 | 4:7-11 | 10:8-15 | 12:8-16 | 9:10-14 | 8:13-16 | 14:14-21 | 15:16-21 | 13:17-21 | 6:18-21 | 17:21-31 | 11:23-26 | 18:31-32 | 19:31-40 | 16:38-40 | 20:40-40
1;1;173;115,378125;0;0;4;12;17;4;5;13;14;6;31;8;17;27;16;28;21;38;31;40;True;40;2;44;2;1:0-0 | 2:0-5 | 3:4-8 | 6:4-7 | 7:5-8 | 10:6-13 | 12:8-16 | 4:12-16 | 8:13-16 | 9:14-18 | 15:16-21 | 13:17-21 | 5:17-19 | 17:21-31 | 14:27-34 | 16:28-30 | 11:31-34 | 19:31-40 | 18:38-39 | 20:40-40
1;1;174;117,978125;0;0;4;12;15;12;5;13;16;12;21;8;17;22;16;36;21;39;31;40;True;40;2;45;2;1:0-0 | 2:0-5 | 3:4-8 | 7:5-8 | 12:8-16 | 10:12-19 | 4:12-16 | 6:12-15 | 8:13-16 | 5:15-17 | 15:16-21 | 9:16-20 | 13:17-21 | 11:21-24 | 17:21-31 | 14:22-29 | 19:31-40 | 16:36-38 | 18:39-40 | 20:40-40
1;1;175;104,828125;0;0;4;11;10;12;5;13;13;6;31;8;17;26;16;26;21;36;31;40;True;40;2;46;2;1:0-0 | 2:0-5 | 3:4-8 | 7:5-8 | 10:6-13 | 12:8-16 | 5:10-12 | 4:11-15 | 6:12-15 | 8:13-16 | 9:13-17 | 15:16-21 | 13:17-21 | 17:21-31 | 14:26-33 | 16:26-28 | 11:31-34 | 19:31-40 | 18:36-37 | 20:40-40
1;1;176;100,528125;0;0;4;9;19;8;5;13;12;9;31;8;15;16;16;29;21;39;31;40;True;40;2;47;2;1:0-0 | 2:0-5 | 3:4-8 | 7:5-8 | 12:8-16 | 6:8-11 | 10:9-16 | 4:9-13 | 9:12-16 | 8:13-16 | 13:15-19 | 14:16-23 | 15:16-21 | 5:19-21 | 17:21-31 | 16:29-31 | 11:31-34 | 19:31-40 | 18:39-40 | 20:40-40
1;1;177;133,178125;0;0;4;12;13;2;5;11;17;7;14;8;17;33;16;32;21;37;31;40;True;40;2;48;2;1:0-0 | 2:0-5 | 6:2-5 | 3:4-8 | 7:5-8 | 10:7-14 | 12:8-16 | 8:11-14 | 4:12-16 | 5:13-15 | 11:14-17 | 15:16-21 | 13:17-21 | 9:17-21 | 17:21-31 | 19:31-40 | 16:32-34 | 14:33-40 | 18:37-38 | 20:40-40
1;1;178;119,628125;0;0;4;9;19;7;5;12;11;5;14;8;17;33;16;34;21;32;31;40;True;40;2;49;2;1:0-0 | 2:0-5 | 3:4-8 | 10:5-12 | 7:5-8 | 6:7-10 | 12:8-16 | 4:9-13 | 9:11-15 | 8:12-15 | 11:14-17 | 15:16-21 | 13:17-21 | 5:19-21 | 17:21-31 | 19:31-40 | 18:32-33 | 14:33-40 | 16:34-36 | 20:40-40
1;1;179;158,928125;0;0;4;10;19;7;5;13;8;20;18;8;17;12;16;30;21;39;31;40;True;40;2;50;2;1:0-0 | 2:0-5 | 3:4-8 | 7:5-8 | 6:7-10 | 12:8-16 | 9:8-12 | 4:10-14 | 14:12-19 | 8:13-16 | 15:16-21 | 13:17-21 | 11:18-21 | 5:19-21 | 10:20-27 | 17:21-31 | 16:30-32 | 19:31-40 | 18:39-40 | 20:40-40
1;1;180;139,678125;0;0;4;12;19;0;5;13;8;15;10;8;10;14;16;27;21;39;31;40;True;40;2;51;2;1:0-0 | 2:0-5 | 6:0-3 | 3:4-8 | 7:5-8 | 12:8-16 | 9:8-12 | 11:10-13 | 13:10-14 | 4:12-16 | 8:13-16 | 14:14-21 | 10:15-22 | 15:16-21 | 5:19-21 | 17:21-31 | 16:27-29 | 19:31-40 | 18:39-40 | 20:40-40
1;1;181;124,028125;0;0;4;12;12;21;5;13;16;6;25;8;17;28;16;36;21;39;31;40;True;40;2;52;2;1:0-0 | 2:0-5 | 3:4-8 | 7:5-8 | 10:6-13 | 12:8-16 | 4:12-16 | 5:12-14 | 8:13-16 | 15:16-21 | 9:16-20 | 13:17-21 | 17:21-31 | 6:21-24 | 11:25-28 | 14:28-35 | 19:31-40 | 16:36-38 | 18:39-40 | 20:40-40
1;1;182;118,428125;0;0;4;12;19;11;5;13;17;13;24;8;15;30;16;38;21;37;31;40;True;40;2;53;2;1:0-0 | 2:0-5 | 3:4-8 | 7:5-8 | 12:8-16 | 6:11-14 | 4:12-16 | 10:13-20 | 8:13-16 | 13:15-19 | 15:16-21 | 9:17-21 | 5:19-21 | 17:21-31 | 11:24-27 | 14:30-37 | 19:31-40 | 18:37-38 | 16:38-40 | 20:40-40
1;1;183;109,478125;0;0;4;12;15;11;5;8;12;8;28;8;17;32;16;38;21;35;31;40;True;40;2;54;2;1:0-0 | 2:0-5 | 3:4-8 | 7:5-8 | 10:8-15 | 12:8-16 | 8:8-11 | 6:11-14 | 4:12-16 | 9:12-16 | 5:15-17 | 15:16-21 | 13:17-21 | 17:21-31 | 11:28-31 | 19:31-40 | 14:32-39 | 18:35-36 | 16:38-40 | 20:40-40
1;1;184;103,528125;0;0;4;12;8;5;5;12;9;10;27;8;17;31;16;38;21;39;31;40;True;40;2;55;2;1:0-0 | 2:0-5 | 3:4-8 | 6:5-8 | 7:5-8 | 12:8-16 | 5:8-10 | 9:9-13 | 10:10-17 | 4:12-16 | 8:12-15 | 15:16-21 | 13:17-21 | 17:21-31 | 11:27-30 | 14:31-38 | 19:31-40 | 16:38-40 | 18:39-40 | 20:40-40
1;1;185;112,728125;0;0;4;10;16;12;5;13;16;15;25;8;17;23;16;34;21;37;31;40;True;40;2;56;2;1:0-0 | 2:0-5 | 3:4-8 | 7:5-8 | 12:8-16 | 4:10-14 | 6:12-15 | 8:13-16 | 10:15-22 | 15:16-21 | 5:16-18 | 9:16-20 | 13:17-21 | 17:21-31 | 14:23-30 | 11:25-28 | 19:31-40 | 16:34-36 | 18:37-38 | 20:40-40
1;1;186;133,478125;0;0;4;12;19;1;5;13;9;7;27;8;17;27;16;38;21;38;31;40;True;40;2;57;2;1:0-0 | 2:0-5 | 6:1-4 | 3:4-8 | 7:5-8 | 10:7-14 | 12:8-16 | 9:9-13 | 4:12-16 | 8:13-16 | 15:16-21 | 13:17-21 | 5:19-21 | 17:21-31 | 11:27-30 | 14:27-34 | 19:31-40 | 16:38-40 | 18:38-39 | 20:40-40
1;1;187;133,178125;0;0;4;12;19;2;5;13;17;22;28;8;17;16;16;34;21;34;31;40;True;40;2;58;2;1:0-0 | 2:0-5 | 6:2-5 | 3:4-8 | 7:5-8 | 12:8-16 | 4:12-16 | 8:13-16 | 14:16-23 | 15:16-21 | 13:17-21 | 9:17-21 | 5:19-21 | 17:21-31 | 10:22-29 | 11:28-31 | 19:31-40 | 16:34-36 | 18:34-35 | 20:40-40
1;1;188;104,428125;0;0;4;10;5;7;5;13;11;12;32;8;17;16;16;37;21;39;31;40;True;40;2;59;2;1:0-0 | 2:0-5 | 3:4-8 | 5:5-7 | 7:5-8 | 6:7-10 | 12:8-16 | 4:10-14 | 9:11-15 | 10:12-19 | 8:13-16 | 14:16-23 | 15:16-21 | 13:17-21 | 17:21-31 | 19:31-40 | 11:32-35 | 16:37-39 | 18:39-40 | 20:40-40
1;1;189;116,478125;0;0;4;10;17;6;5;13;17;6;29;8;17;25;16;30;21;39;31;40;True;40;2;60;2;1:0-0 | 2:0-5 | 3:4-8 | 7:5-8 | 10:6-13 | 6:6-9 | 12:8-16 | 4:10-14 | 8:13-16 | 15:16-21 | 13:17-21 | 5:17-19 | 9:17-21 | 17:21-31 | 14:25-32 | 11:29-32 | 16:30-32 | 19:31-40 | 18:39-40 | 20:40-40
1;1;190;122,328125;0;0;4;12;19;17;5;13;10;11;30;8;17;31;16;31;21;34;31;40;True;40;2;61;2;1:0-0 | 2:0-5 | 3:4-8 | 7:5-8 | 12:8-16 | 9:10-14 | 10:11-18 | 4:12-16 | 8:13-16 | 15:16-21 | 13:17-21 | 6:17-20 | 5:19-21 | 17:21-31 | 11:30-33 | 14:31-38 | 16:31-33 | 19:31-40 | 18:34-35 | 20:40-40
1;1;191;118,928125;0;0;4;11;8;16;5;13;12;17;15;8;17;25;16;38;21;36;31;40;True;40;2;62;2;1:0-0 | 2:0-5 | 3:4-8 | 7:5-8 | 12:8-16 | 5:8-10 | 4:11-15 | 9:12-16 | 8:13-16 | 11:15-18 | 15:16-21 | 6:16-19 | 10:17-24 | 13:17-21 | 17:21-31 | 14:25-32 | 19:31-40 | 18:36-37 | 16:38-40 | 20:40-40
1;1;192;108,328125;0;0;4;12;19;18;5;9;14;8;30;8;17;32;16;35;21;34;31;40;True;40;2;63;2;1:0-0 | 2:0-5 | 3:4-8 | 7:5-8 | 10:8-15 | 12:8-16 | 8:9-12 | 4:12-16 | 9:14-18 | 15:16-21 | 13:17-21 | 6:18-21 | 5:19-21 | 17:21-31 | 11:30-33 | 19:31-40 | 14:32-39 | 18:34-35 | 16:35-37 | 20:40-40
1;1;193;103,428125;0;0;2;12;7;28;5;13;17;16;32;8;17;8;16;34;21;21;31;40;True;40;3;0;3;1:0-0 | 2:0-5 | 3:2-6 | 7:5-8 | 5:7-9 | 12:8-16 | 14:8-15 | 4:12-16 | 8:13-16 | 10:16-23 | 15:16-21 | 13:17-21 | 9:17-21 | 17:21-31 | 18:21-22 | 6:28-31 | 19:31-40 | 11:32-35 | 16:34-36 | 20:40-40
1;1;194;110,078125;0;0;4;12;11;2;5;13;14;5;31;8;17;13;16;38;21;39;31;40;True;40;3;1;3;1:0-0 | 2:0-5 | 6:2-5 | 3:4-8 | 10:5-12 | 7:5-8 | 12:8-16 | 5:11-13 | 4:12-16 | 14:13-20 | 8:13-16 | 9:14-18 | 15:16-21 | 13:17-21 | 17:21-31 | 11:31-34 | 19:31-40 | 16:38-40 | 18:39-40 | 20:40-40
1;1;195;118,678125;0;0;4;12;15;2;5;12;17;6;29;8;17;29;16;38;21;39;31;40;True;40;3;2;3;1:0-0 | 2:0-5 | 6:2-5 | 3:4-8 | 7:5-8 | 10:6-13 | 12:8-16 | 4:12-16 | 8:12-15 | 5:15-17 | 15:16-21 | 13:17-21 | 9:17-21 | 17:21-31 | 11:29-32 | 14:29-36 | 19:31-40 | 16:38-40 | 18:39-40 | 20:40-40
1;1;196;121,378125;0;0;4;12;19;19;5;13;17;9;9;8;14;31;16;34;21;38;31;40;True;40;3;3;3;1:0-0 | 2:0-5 | 3:4-8 | 7:5-8 | 12:8-16 | 10:9-16 | 11:9-12 | 4:12-16 | 8:13-16 | 13:14-18 | 15:16-21 | 9:17-21 | 5:19-21 | 6:19-22 | 17:21-31 | 14:31-38 | 19:31-40 | 16:34-36 | 18:38-39 | 20:40-40
1;1;197;120,278125;0;0;4;12;14;5;5;13;8;11;7;8;17;22;16;38;21;39;31;40;True;40;3;4;3;1:0-0 | 2:0-5 | 3:4-8 | 6:5-8 | 7:5-8 | 11:7-10 | 12:8-16 | 9:8-12 | 10:11-18 | 4:12-16 | 8:13-16 | 5:14-16 | 15:16-21 | 13:17-21 | 17:21-31 | 14:22-29 | 19:31-40 | 16:38-40 | 18:39-40 | 20:40-40
1;1;198;140,028125;0;0;4;12;12;1;5;13;17;8;11;8;17;33;16;37;21;39;31;40;True;40;3;5;3;1:0-0 | 2:0-5 | 6:1-4 | 3:4-8 | 7:5-8 | 10:8-15 | 12:8-16 | 11:11-14 | 4:12-16 | 5:12-14 | 8:13-16 | 15:16-21 | 13:17-21 | 9:17-21 | 17:21-31 | 19:31-40 | 14:33-40 | 16:37-39 | 18:39-40 | 20:40-40
1;1;199;92,678125;0;0;2;12;7;4;5;13;17;16;32;8;17;18;16;34;21;39;31;40;True;40;3;6;3;1:0-0 | 2:0-5 | 3:2-6 | 6:4-7 | 7:5-8 | 5:7-9 | 12:8-16 | 4:12-16 | 8:13-16 | 10:16-23 | 15:16-21 | 13:17-21 | 9:17-21 | 14:18-25 | 17:21-31 | 19:31-40 | 11:32-35 | 16:34-36 | 18:39-40 | 20:40-40
1;1;200;109,378125;0;0;0;9;18;13;5;12;16;5;22;8;17;8;16;38;21;39;31;40;True;40;3;7;3;1:0-0 | 2:0-5 | 3:0-4 | 10:5-12 | 7:5-8 | 12:8-16 | 14:8-15 | 4:9-13 | 8:12-15 | 6:13-16 | 15:16-21 | 9:16-20 | 13:17-21 | 5:18-20 | 17:21-31 | 11:22-25 | 19:31-40 | 16:38-40 | 18:39-40 | 20:40-40
1;1;201;127,828125;0;0;4;12;17;20;5;13;7;16;24;8;17;32;16;30;21;35;31;40;True;40;3;8;3;1:0-0 | 2:0-5 | 3:4-8 | 7:5-8 | 9:7-11 | 12:8-16 | 4:12-16 | 8:13-16 | 10:16-23 | 15:16-21 | 13:17-21 | 5:17-19 | 6:20-23 | 17:21-31 | 11:24-27 | 16:30-32 | 19:31-40 | 14:32-39 | 18:35-36 | 20:40-40
1;1;202;115,828125;0;0;4;6;8;4;5;13;17;8;26;8;17;27;16;33;21;39;31;40;True;40;3;9;3;1:0-0 | 2:0-5 | 3:4-8 | 6:4-7 | 7:5-8 | 4:6-10 | 10:8-15 | 12:8-16 | 5:8-10 | 8:13-16 | 15:16-21 | 13:17-21 | 9:17-21 | 17:21-31 | 11:26-29 | 14:27-34 | 19:31-40 | 16:33-35 | 18:39-40 | 20:40-40
1;1;203;104,428125;0;0;4;10;5;7;5;13;11;12;32;8;17;16;16;37;21;39;31;40;True;40;3;10;3;1:0-0 | 2:0-5 | 3:4-8 | 5:5-7 | 7:5-8 | 6:7-10 | 12:8-16 | 4:10-14 | 9:11-15 | 10:12-19 | 8:13-16 | 14:16-23 | 15:16-21 | 13:17-21 | 17:21-31 | 19:31-40 | 11:32-35 | 16:37-39 | 18:39-40 | 20:40-40
1;1;204;126,828125;0;0;4;6;19;4;5;12;7;11;24;8;17;14;16;38;21;38;31;40;True;40;3;11;3;1:0-0 | 2:0-5 | 3:4-8 | 6:4-7 | 7:5-8 | 4:6-10 | 9:7-11 | 12:8-16 | 10:11-18 | 8:12-15 | 14:14-21 | 15:16-21 | 13:17-21 | 5:19-21 | 17:21-31 | 11:24-27 | 19:31-40 | 16:38-40 | 18:38-39 | 20:40-40
1;1;205;119,928125;0;0;4;3;15;0;5;13;7;20;35;8;17;33;16;38;21;38;31;40;True;40;3;12;3;1:0-0 | 2:0-5 | 6:0-3 | 4:3-7 | 3:4-8 | 7:5-8 | 9:7-11 | 12:8-16 | 8:13-16 | 5:15-17 | 15:16-21 | 13:17-21 | 10:20-27 | 17:21-31 | 19:31-40 | 14:33-40 | 11:35-38 | 16:38-40 | 18:38-39 | 20:40-40
1;1;206;115,828125;0;0;4;12;19;28;5;13;9;11;27;8;9;28;16;17;21;39;31;40;True;40;3;13;3;1:0-0 | 2:0-5 | 3:4-8 | 7:5-8 | 12:8-16 | 13:9-13 | 9:9-13 | 10:11-18 | 4:12-16 | 8:13-16 | 15:16-21 | 16:17-19 | 5:19-21 | 17:21-31 | 11:27-30 | 14:28-35 | 6:28-31 | 19:31-40 | 18:39-40 | 20:40-40
1;1;207;115,228125;0;0;4;12;4;8;5;13;6;13;8;8;17;27;16;33;21;39;31;40;True;40;3;14;3;1:0-0 | 2:0-5 | 3:4-8 | 5:4-6 | 7:5-8 | 9:6-10 | 11:8-11 | 12:8-16 | 6:8-11 | 4:12-16 | 10:13-20 | 8:13-16 | 15:16-21 | 13:17-21 | 17:21-31 | 14:27-34 | 19:31-40 | 16:33-35 | 18:39-40 | 20:40-40
1;1;208;102,828125;0;0;4;12;17;12;5;13;17;13;24;8;8;12;16;29;21;39;31;40;True;40;3;15;3;1:0-0 | 2:0-5 | 3:4-8 | 7:5-8 | 12:8-16 | 13:8-12 | 14:12-19 | 4:12-16 | 6:12-15 | 10:13-20 | 8:13-16 | 15:16-21 | 5:17-19 | 9:17-21 | 17:21-31 | 11:24-27 | 16:29-31 | 19:31-40 | 18:39-40 | 20:40-40
1;1;209;130,128125;0;0;4;12;19;9;5;13;9;11;27;8;17;28;16;32;21;39;31;40;True;40;3;16;3;1:0-0 | 2:0-5 | 3:4-8 | 7:5-8 | 12:8-16 | 6:9-12 | 9:9-13 | 10:11-18 | 4:12-16 | 8:13-16 | 15:16-21 | 13:17-21 | 5:19-21 | 17:21-31 | 11:27-30 | 14:28-35 | 19:31-40 | 16:32-34 | 18:39-40 | 20:40-40
1;1;210;119,478125;0;0;4;12;10;26;5;13;17;9;10;8;17;33;16;37;21;39;31;40;True;40;3;17;3;1:0-0 | 2:0-5 | 3:4-8 | 7:5-8 | 12:8-16 | 10:9-16 | 11:10-13 | 5:10-12 | 4:12-16 | 8:13-16 | 15:16-21 | 13:17-21 | 9:17-21 | 17:21-31 | 6:26-29 | 19:31-40 | 14:33-40 | 16:37-39 | 18:39-40 | 20:40-40
1;1;211;118,528125;0;0;4;10;19;18;5;13;17;10;37;8;17;21;16;38;21;36;31;40;True;40;3;18;3;1:0-0 | 2:0-5 | 3:4-8 | 7:5-8 | 12:8-16 | 10:10-17 | 4:10-14 | 8:13-16 | 15:16-21 | 13:17-21 | 9:17-21 | 6:18-21 | 5:19-21 | 14:21-28 | 17:21-31 | 19:31-40 | 18:36-37 | 11:37-40 | 16:38-40 | 20:40-40
1;1;212;117,528125;0;0;4;9;2;16;5;13;17;12;5;8;17;23;16;19;21;39;31;40;True;40;3;19;3;1:0-0 | 2:0-5 | 5:2-4 | 3:4-8 | 11:5-8 | 7:5-8 | 12:8-16 | 4:9-13 | 10:12-19 | 8:13-16 | 15:16-21 | 6:16-19 | 13:17-21 | 9:17-21 | 16:19-21 | 17:21-31 | 14:23-30 | 19:31-40 | 18:39-40 | 20:40-40
1;1;213;121,378125;0;0;4;10;10;26;5;12;17;9;13;8;16;33;16;37;21;39;31;40;True;40;3;20;3;1:0-0 | 2:0-5 | 3:4-8 | 7:5-8 | 12:8-16 | 10:9-16 | 4:10-14 | 5:10-12 | 8:12-15 | 11:13-16 | 13:16-20 | 15:16-21 | 9:17-21 | 17:21-31 | 6:26-29 | 19:31-40 | 14:33-40 | 16:37-39 | 18:39-40 | 20:40-40
1;1;214;98,428125;0;0;4;12;10;17;5;13;17;8;31;8;16;21;16;37;21;39;31;40;True;40;3;21;3;1:0-0 | 2:0-5 | 3:4-8 | 7:5-8 | 10:8-15 | 12:8-16 | 5:10-12 | 4:12-16 | 8:13-16 | 13:16-20 | 15:16-21 | 6:17-20 | 9:17-21 | 14:21-28 | 17:21-31 | 11:31-34 | 19:31-40 | 16:37-39 | 18:39-40 | 20:40-40
1;1;215;119,728125;0;0;4;11;19;4;5;13;16;14;28;8;17;21;16;38;21;39;31;40;True;40;3;22;3;1:0-0 | 2:0-5 | 3:4-8 | 6:4-7 | 7:5-8 | 12:8-16 | 4:11-15 | 8:13-16 | 10:14-21 | 15:16-21 | 9:16-20 | 13:17-21 | 5:19-21 | 14:21-28 | 17:21-31 | 11:28-31 | 19:31-40 | 16:38-40 | 18:39-40 | 20:40-40
1;1;216;114,228125;0;0;4;9;19;5;5;12;8;10;13;8;17;18;16;38;21;39;31;40;True;40;3;23;3;1:0-0 | 2:0-5 | 3:4-8 | 6:5-8 | 7:5-8 | 12:8-16 | 9:8-12 | 4:9-13 | 10:10-17 | 8:12-15 | 11:13-16 | 15:16-21 | 13:17-21 | 14:18-25 | 5:19-21 | 17:21-31 | 19:31-40 | 16:38-40 | 18:39-40 | 20:40-40
1;1;217;118,828125;0;0;4;8;5;21;5;8;17;17;31;8;16;8;16;33;21;39;31;40;True;40;3;24;3;1:0-0 | 2:0-5 | 3:4-8 | 5:5-7 | 7:5-8 | 12:8-16 | 14:8-15 | 4:8-12 | 8:8-11 | 13:16-20 | 15:16-21 | 10:17-24 | 9:17-21 | 17:21-31 | 6:21-24 | 11:31-34 | 19:31-40 | 16:33-35 | 18:39-40 | 20:40-40
1;1;218;128,778125;0;0;4;12;17;13;5;13;10;5;7;8;17;20;16;33;21;30;31;40;True;40;3;25;3;1:0-0 | 2:0-5 | 3:4-8 | 10:5-12 | 7:5-8 | 11:7-10 | 12:8-16 | 9:10-14 | 4:12-16 | 6:13-16 | 8:13-16 | 15:16-21 | 13:17-21 | 5:17-19 | 14:20-27 | 17:21-31 | 18:30-31 | 19:31-40 | 16:33-35 | 20:40-40
1;1;219;110,828125;0;0;4;10;5;8;5;13;11;12;37;8;16;13;16;32;21;39;31;40;True;40;3;26;3;1:0-0 | 2:0-5 | 3:4-8 | 5:5-7 | 7:5-8 | 12:8-16 | 6:8-11 | 4:10-14 | 9:11-15 | 10:12-19 | 14:13-20 | 8:13-16 | 13:16-20 | 15:16-21 | 17:21-31 | 19:31-40 | 16:32-34 | 11:37-40 | 18:39-40 | 20:40-40
1;1;220;104,528125;0;0;4;9;14;8;5;12;17;13;21;8;17;27;16;37;21;34;31;40;True;40;3;27;3;1:0-0 | 2:0-5 | 3:4-8 | 7:5-8 | 12:8-16 | 6:8-11 | 4:9-13 | 8:12-15 | 10:13-20 | 5:14-16 | 15:16-21 | 13:17-21 | 9:17-21 | 11:21-24 | 17:21-31 | 14:27-34 | 19:31-40 | 18:34-35 | 16:37-39 | 20:40-40
1;1;221;136,278125;0;0;4;12;16;28;5;13;17;21;9;8;14;12;16;23;21;21;31;40;True;40;3;28;3;1:0-0 | 2:0-5 | 3:4-8 | 7:5-8 | 12:8-16 | 11:9-12 | 14:12-19 | 4:12-16 | 8:13-16 | 13:14-18 | 15:16-21 | 5:16-18 | 9:17-21 | 10:21-28 | 17:21-31 | 18:21-22 | 16:23-25 | 6:28-31 | 19:31-40 | 20:40-40
1;1;222;101,228125;0;0;4;12;10;17;5;13;17;16;31;8;17;13;16;33;21;39;31;40;True;40;3;29;3;1:0-0 | 2:0-5 | 3:4-8 | 7:5-8 | 12:8-16 | 5:10-12 | 4:12-16 | 14:13-20 | 8:13-16 | 10:16-23 | 15:16-21 | 13:17-21 | 6:17-20 | 9:17-21 | 17:21-31 | 11:31-34 | 19:31-40 | 16:33-35 | 18:39-40 | 20:40-40
1;1;223;109,128125;0;0;4;6;8;4;5;13;17;5;33;8;17;27;16;26;21;39;31;40;True;40;3;30;3;1:0-0 | 2:0-5 | 3:4-8 | 6:4-7 | 10:5-12 | 7:5-8 | 4:6-10 | 12:8-16 | 5:8-10 | 8:13-16 | 15:16-21 | 13:17-21 | 9:17-21 | 17:21-31 | 16:26-28 | 14:27-34 | 19:31-40 | 11:33-36 | 18:39-40 | 20:40-40
1;1;224;102,028125;0;0;4;12;10;17;5;13;17;7;30;8;17;20;16;33;21;39;31;40;True;40;3;31;3;1:0-0 | 2:0-5 | 3:4-8 | 7:5-8 | 10:7-14 | 12:8-16 | 5:10-12 | 4:12-16 | 8:13-16 | 15:16-21 | 13:17-21 | 6:17-20 | 9:17-21 | 14:20-27 | 17:21-31 | 11:30-33 | 19:31-40 | 16:33-35 | 18:39-40 | 20:40-40
1;1;225;109,778125;0;0;4;8;17;17;5;13;5;17;13;8;8;8;16;31;21;39;31;40;True;40;3;32;3;1:0-0 | 2:0-5 | 3:4-8 | 7:5-8 | 9:5-9 | 12:8-16 | 13:8-12 | 14:8-15 | 4:8-12 | 11:13-16 | 8:13-16 | 15:16-21 | 10:17-24 | 5:17-19 | 6:17-20 | 17:21-31 | 16:31-33 | 19:31-40 | 18:39-40 | 20:40-40
1;1;226;108,628125;0;0;4;12;11;8;5;13;17;21;8;8;17;19;16;38;21;39;31;40;True;40;3;33;3;1:0-0 | 2:0-5 | 3:4-8 | 7:5-8 | 11:8-11 | 12:8-16 | 6:8-11 | 5:11-13 | 4:12-16 | 8:13-16 | 15:16-21 | 13:17-21 | 9:17-21 | 14:19-26 | 10:21-28 | 17:21-31 | 19:31-40 | 16:38-40 | 18:39-40 | 20:40-40
1;1;227;112,478125;0;0;4;9;13;19;5;12;17;17;37;8;17;12;16;38;21;39;31;40;True;40;3;34;3;1:0-0 | 2:0-5 | 3:4-8 | 7:5-8 | 12:8-16 | 4:9-13 | 14:12-19 | 8:12-15 | 5:13-15 | 15:16-21 | 10:17-24 | 13:17-21 | 9:17-21 | 6:19-22 | 17:21-31 | 19:31-40 | 11:37-40 | 16:38-40 | 18:39-40 | 20:40-40
1;1;228;91,178125;0;0;4;12;10;17;5;13;5;8;31;8;16;21;16;37;21;39;31;40;True;40;3;35;3;1:0-0 | 2:0-5 | 3:4-8 | 7:5-8 | 9:5-9 | 10:8-15 | 12:8-16 | 5:10-12 | 4:12-16 | 8:13-16 | 13:16-20 | 15:16-21 | 6:17-20 | 14:21-28 | 17:21-31 | 11:31-34 | 19:31-40 | 16:37-39 | 18:39-40 | 20:40-40
1;1;229;113,428125;0;0;4;10;5;7;5;13;11;12;21;8;16;31;16;37;21;39;31;40;True;40;3;36;3;1:0-0 | 2:0-5 | 3:4-8 | 5:5-7 | 7:5-8 | 6:7-10 | 12:8-16 | 4:10-14 | 9:11-15 | 10:12-19 | 8:13-16 | 13:16-20 | 15:16-21 | 11:21-24 | 17:21-31 | 14:31-38 | 19:31-40 | 16:37-39 | 18:39-40 | 20:40-40
1;1;230;121,678125;0;0;4;8;8;4;5;13;17;5;6;8;17;27;16;26;21;39;31;40;True;40;3;37;3;1:0-0 | 2:0-5 | 3:4-8 | 6:4-7 | 10:5-12 | 7:5-8 | 11:6-9 | 12:8-16 | 4:8-12 | 5:8-10 | 8:13-16 | 15:16-21 | 13:17-21 | 9:17-21 | 17:21-31 | 16:26-28 | 14:27-34 | 19:31-40 | 18:39-40 | 20:40-40
1;1;231;133,578125;0;0;4;12;17;14;5;13;13;13;20;8;11;33;16;17;21;33;31;40;True;40;3;38;3;1:0-0 | 2:0-5 | 3:4-8 | 7:5-8 | 12:8-16 | 13:11-15 | 4:12-16 | 10:13-20 | 8:13-16 | 9:13-17 | 6:14-17 | 15:16-21 | 16:17-19 | 5:17-19 | 11:20-23 | 17:21-31 | 19:31-40 | 14:33-40 | 18:33-34 | 20:40-40
1;1;232;111,878125;0;0;4;12;9;19;5;13;17;19;9;8;16;31;16;34;21;38;31;40;True;40;3;39;3;1:0-0 | 2:0-5 | 3:4-8 | 7:5-8 | 12:8-16 | 11:9-12 | 5:9-11 | 4:12-16 | 8:13-16 | 13:16-20 | 15:16-21 | 9:17-21 | 10:19-26 | 6:19-22 | 17:21-31 | 14:31-38 | 19:31-40 | 16:34-36 | 18:38-39 | 20:40-40
1;1;233;117,178125;0;0;4;12;13;12;5;13;6;8;32;8;17;25;16;38;21;39;31;40;True;40;3;40;3;1:0-0 | 2:0-5 | 3:4-8 | 7:5-8 | 9:6-10 | 10:8-15 | 12:8-16 | 4:12-16 | 6:12-15 | 5:13-15 | 8:13-16 | 15:16-21 | 13:17-21 | 17:21-31 | 14:25-32 | 19:31-40 | 11:32-35 | 16:38-40 | 18:39-40 | 20:40-40
1;1;234;138,028125;0;0;4;12;9;10;5;13;11;11;13;8;9;21;16;28;21;39;31;40;True;40;3;41;3;1:0-0 | 2:0-5 | 3:4-8 | 7:5-8 | 12:8-16 | 13:9-13 | 5:9-11 | 6:10-13 | 10:11-18 | 9:11-15 | 4:12-16 | 11:13-16 | 8:13-16 | 15:16-21 | 14:21-28 | 17:21-31 | 16:28-30 | 19:31-40 | 18:39-40 | 20:40-40
1;1;235;132,878125;0;0;4;12;19;13;5;13;17;9;11;8;17;28;16;33;21;33;31;40;True;40;3;42;3;1:0-0 | 2:0-5 | 3:4-8 | 7:5-8 | 12:8-16 | 10:9-16 | 11:11-14 | 4:12-16 | 6:13-16 | 8:13-16 | 15:16-21 | 13:17-21 | 9:17-21 | 5:19-21 | 17:21-31 | 14:28-35 | 19:31-40 | 16:33-35 | 18:33-34 | 20:40-40
1;1;236;116,178125;0;0;4;12;16;10;5;13;17;6;37;8;17;12;16;36;21;39;31;40;True;40;3;43;3;1:0-0 | 2:0-5 | 3:4-8 | 7:5-8 | 10:6-13 | 12:8-16 | 6:10-13 | 14:12-19 | 4:12-16 | 8:13-16 | 15:16-21 | 5:16-18 | 13:17-21 | 9:17-21 | 17:21-31 | 19:31-40 | 16:36-38 | 11:37-40 | 18:39-40 | 20:40-40
1;1;237;125,028125;0;0;4;11;19;21;5;13;5;13;28;8;17;16;16;38;21;39;31;40;True;40;3;44;3;1:0-0 | 2:0-5 | 3:4-8 | 7:5-8 | 9:5-9 | 12:8-16 | 4:11-15 | 10:13-20 | 8:13-16 | 14:16-23 | 15:16-21 | 13:17-21 | 5:19-21 | 17:21-31 | 6:21-24 | 11:28-31 | 19:31-40 | 16:38-40 | 18:39-40 | 20:40-40
1;1;238;101,378125;0;0;2;12;7;21;5;13;17;18;32;8;17;8;16;34;21;39;31;40;True;40;3;45;3;1:0-0 | 2:0-5 | 3:2-6 | 7:5-8 | 5:7-9 | 12:8-16 | 14:8-15 | 4:12-16 | 8:13-16 | 15:16-21 | 13:17-21 | 9:17-21 | 10:18-25 | 17:21-31 | 6:21-24 | 19:31-40 | 11:32-35 | 16:34-36 | 18:39-40 | 20:40-40
1;1;239;130,978125;0;0;4;12;19;16;5;13;17;13;24;8;12;33;16;38;21;39;31;40;True;40;3;46;3;1:0-0 | 2:0-5 | 3:4-8 | 7:5-8 | 12:8-16 | 13:12-16 | 4:12-16 | 10:13-20 | 8:13-16 | 15:16-21 | 6:16-19 | 9:17-21 | 5:19-21 | 17:21-31 | 11:24-27 | 19:31-40 | 14:33-40 | 16:38-40 | 18:39-40 | 20:40-40
1;1;240;129,178125;0;0;4;8;8;23;5;13;17;5;6;8;17;27;16;28;21;39;31;40;True;40;3;47;3;1:0-0 | 2:0-5 | 3:4-8 | 10:5-12 | 7:5-8 | 11:6-9 | 12:8-16 | 4:8-12 | 5:8-10 | 8:13-16 | 15:16-21 | 13:17-21 | 9:17-21 | 17:21-31 | 6:23-26 | 14:27-34 | 16:28-30 | 19:31-40 | 18:39-40 | 20:40-40
1;1;241;105,628125;0;0;4;12;11;5;5;13;17;10;27;8;17;26;16;25;21;39;31;40;True;40;3;48;3;1:0-0 | 2:0-5 | 3:4-8 | 6:5-8 | 7:5-8 | 12:8-16 | 10:10-17 | 5:11-13 | 4:12-16 | 8:13-16 | 15:16-21 | 13:17-21 | 9:17-21 | 17:21-31 | 16:25-27 | 14:26-33 | 11:27-30 | 19:31-40 | 18:39-40 | 20:40-40
1;1;242;97,628125;0;0;4;12;10;17;5;13;13;16;31;8;17;20;16;33;21;39;31;40;True;40;3;49;3;1:0-0 | 2:0-5 | 3:4-8 | 7:5-8 | 12:8-16 | 5:10-12 | 4:12-16 | 8:13-16 | 9:13-17 | 10:16-23 | 15:16-21 | 13:17-21 | 6:17-20 | 14:20-27 | 17:21-31 | 11:31-34 | 19:31-40 | 16:33-35 | 18:39-40 | 20:40-40
1;1;243;133,278125;0;0;4;5;19;6;5;8;17;24;34;8;17;17;16;33;21;34;31;40;True;40;3;50;3;1:0-0 | 2:0-5 | 3:4-8 | 4:5-9 | 7:5-8 | 6:6-9 | 12:8-16 | 8:8-11 | 15:16-21 | 13:17-21 | 14:17-24 | 9:17-21 | 5:19-21 | 17:21-31 | 10:24-31 | 19:31-40 | 16:33-35 | 11:34-37 | 18:34-35 | 20:40-40
1;1;244;120,028125;0;0;4;12;19;15;5;13;17;15;31;8;17;33;16;31;21;38;31;40;True;40;3;51;3;1:0-0 | 2:0-5 | 3:4-8 | 7:5-8 | 12:8-16 | 4:12-16 | 8:13-16 | 10:15-22 | 6:15-18 | 15:16-21 | 13:17-21 | 9:17-21 | 5:19-21 | 17:21-31 | 11:31-34 | 16:31-33 | 19:31-40 | 14:33-40 | 18:38-39 | 20:40-40
1;1;245;103,928125;0;0;2;12;8;17;5;12;17;5;29;8;16;31;16;29;21;39;31;40;True;40;3;52;3;1:0-0 | 2:0-5 | 3:2-6 | 10:5-12 | 7:5-8 | 12:8-16 | 5:8-10 | 4:12-16 | 8:12-15 | 13:16-20 | 15:16-21 | 6:17-20 | 9:17-21 | 17:21-31 | 11:29-32 | 16:29-31 | 14:31-38 | 19:31-40 | 18:39-40 | 20:40-40
1;1;246;102,028125;0;0;4;12;10;17;5;13;17;7;30;8;17;20;16;33;21;39;31;40;True;40;3;53;3;1:0-0 | 2:0-5 | 3:4-8 | 7:5-8 | 10:7-14 | 12:8-16 | 5:10-12 | 4:12-16 | 8:13-16 | 15:16-21 | 13:17-21 | 6:17-20 | 9:17-21 | 14:20-27 | 17:21-31 | 11:30-33 | 19:31-40 | 16:33-35 | 18:39-40 | 20:40-40
1;1;247;101,728125;0;0;4;8;17;6;5;13;17;5;33;8;17;8;16;31;21;39;31;40;True;40;3;54;3;1:0-0 | 2:0-5 | 3:4-8 | 10:5-12 | 7:5-8 | 6:6-9 | 12:8-16 | 14:8-15 | 4:8-12 | 8:13-16 | 15:16-21 | 13:17-21 | 5:17-19 | 9:17-21 | 17:21-31 | 16:31-33 | 19:31-40 | 11:33-36 | 18:39-40 | 20:40-40
1;1;248;107,528125;0;0;4;9;17;5;5;13;14;6;8;8;14;22;16;34;21;39;31;40;True;40;3;55;3;1:0-0 | 2:0-5 | 3:4-8 | 6:5-8 | 7:5-8 | 10:6-13 | 11:8-11 | 12:8-16 | 4:9-13 | 8:13-16 | 13:14-18 | 9:14-18 | 15:16-21 | 5:17-19 | 17:21-31 | 14:22-29 | 19:31-40 | 16:34-36 | 18:39-40 | 20:40-40
1;1;249;119,728125;0;0;4;9;5;12;5;13;8;11;11;8;17;27;16;35;21;39;31;40;True;40;3;56;3;1:0-0 | 2:0-5 | 3:4-8 | 5:5-7 | 7:5-8 | 12:8-16 | 9:8-12 | 4:9-13 | 10:11-18 | 11:11-14 | 6:12-15 | 8:13-16 | 15:16-21 | 13:17-21 | 17:21-31 | 14:27-34 | 19:31-40 | 16:35-37 | 18:39-40 | 20:40-40
1;1;250;105,628125;0;0;4;11;13;5;5;13;17;6;31;8;17;28;16;26;21;39;31;40;True;40;3;57;3;1:0-0 | 2:0-5 | 3:4-8 | 6:5-8 | 7:5-8 | 10:6-13 | 12:8-16 | 4:11-15 | 5:13-15 | 8:13-16 | 15:16-21 | 13:17-21 | 9:17-21 | 17:21-31 | 16:26-28 | 14:28-35 | 11:31-34 | 19:31-40 | 18:39-40 | 20:40-40
1;1;251;99,528125;0;0;4;12;10;17;5;12;7;12;33;8;17;33;16;33;21;39;31;40;True;40;3;58;3;1:0-0 | 2:0-5 | 3:4-8 | 7:5-8 | 9:7-11 | 12:8-16 | 5:10-12 | 10:12-19 | 4:12-16 | 8:12-15 | 15:16-21 | 13:17-21 | 6:17-20 | 17:21-31 | 19:31-40 | 11:33-36 | 14:33-40 | 16:33-35 | 18:39-40 | 20:40-40
1;1;252;105,028125;0;0;4;12;11;5;5;13;17;10;27;8;16;26;16;25;21;39;31;40;True;40;3;59;3;1:0-0 | 2:0-5 | 3:4-8 | 6:5-8 | 7:5-8 | 12:8-16 | 10:10-17 | 5:11-13 | 4:12-16 | 8:13-16 | 13:16-20 | 15:16-21 | 9:17-21 | 17:21-31 | 16:25-27 | 14:26-33 | 11:27-30 | 19:31-40 | 18:39-40 | 20:40-40
1;1;253;138,178125;0;0;4;12;19;9;5;12;11;6;11;8;17;15;16;38;21;33;31;40;True;40;3;60;3;1:0-0 | 2:0-5 | 3:4-8 | 7:5-8 | 10:6-13 | 12:8-16 | 6:9-12 | 11:11-14 | 9:11-15 | 4:12-16 | 8:12-15 | 14:15-22 | 15:16-21 | 13:17-21 | 5:19-21 | 17:21-31 | 19:31-40 | 18:33-34 | 16:38-40 | 20:40-40
1;1;254;119,728125;0;0;4;9;5;12;5;13;8;11;11;8;17;27;16;35;21;39;31;40;True;40;3;61;3;1:0-0 | 2:0-5 | 3:4-8 | 5:5-7 | 7:5-8 | 12:8-16 | 9:8-12 | 4:9-13 | 10:11-18 | 11:11-14 | 6:12-15 | 8:13-16 | 15:16-21 | 13:17-21 | 17:21-31 | 14:27-34 | 19:31-40 | 16:35-37 | 18:39-40 | 20:40-40
1;1;255;124,578125;0;0;4;2;19;2;5;13;17;10;35;8;17;20;16;38;21;39;31;40;True;40;3;62;3;1:0-0 | 2:0-5 | 4:2-6 | 6:2-5 | 3:4-8 | 7:5-8 | 12:8-16 | 10:10-17 | 8:13-16 | 15:16-21 | 13:17-21 | 9:17-21 | 5:19-21 | 14:20-27 | 17:21-31 | 19:31-40 | 11:35-38 | 16:38-40 | 18:39-40 | 20:40-40
1;1;256;105,478125;0;0;4;12;15;17;5;8;11;13;10;8;17;29;16;38;21;39;31;40;True;40;3;63;3;1:0-0 | 2:0-5 | 3:4-8 | 7:5-8 | 12:8-16 | 8:8-11 | 11:10-13 | 9:11-15 | 4:12-16 | 10:13-20 | 5:15-17 | 15:16-21 | 13:17-21 | 6:17-20 | 17:21-31 | 14:29-36 | 19:31-40 | 16:38-40 | 18:39-40 | 20:40-40
1;2;1;114,578125;0;0;1;7;19;9;5;13;12;12;9;8;17;18;16;16;21;37;31;40;True;40;0;0;0;1:0-0 | 2:0-5 | 3:1-5 | 7:5-8 | 4:7-11 | 12:8-16 | 11:9-12 | 6:9-12 | 10:12-19 | 9:12-16 | 8:13-16 | 15:16-21 | 16:16-18 | 13:17-21 | 14:18-25 | 5:19-21 | 17:21-31 | 19:31-40 | 18:37-38 | 20:40-40
1;2;2;124,628125;0;0;4;12;19;12;5;13;6;7;24;8;17;28;16;29;21;39;31;40;True;40;0;1;0;1:0-0 | 2:0-5 | 3:4-8 | 7:5-8 | 9:6-10 | 10:7-14 | 12:8-16 | 4:12-16 | 6:12-15 | 8:13-16 | 15:16-21 | 13:17-21 | 5:19-21 | 17:21-31 | 11:24-27 | 14:28-35 | 16:29-31 | 19:31-40 | 18:39-40 | 20:40-40
1;2;3;95,078125;0;0;1;9;7;10;5;11;17;14;22;8;16;25;16;34;21;36;31;40;True;40;0;2;0;1:0-0 | 2:0-5 | 3:1-5 | 7:5-8 | 5:7-9 | 12:8-16 | 4:9-13 | 6:10-13 | 8:11-14 | 10:14-21 | 13:16-20 | 15:16-21 | 9:17-21 | 17:21-31 | 11:22-25 | 14:25-32 | 19:31-40 | 16:34-36 | 18:36-37 | 20:40-40
1;2;4;115,578125;0;0;0;9;12;12;5;11;8;11;21;8;13;17;16;27;21;24;31;40;True;40;0;3;0;1:0-0 | 2:0-5 | 3:0-4 | 7:5-8 | 12:8-16 | 9:8-12 | 4:9-13 | 10:11-18 | 8:11-14 | 5:12-14 | 6:12-15 | 13:13-17 | 15:16-21 | 14:17-24 | 11:21-24 | 17:21-31 | 18:24-25 | 16:27-29 | 19:31-40 | 20:40-40
1;2;5;102,028125;0;0;0;8;12;3;5;11;11;9;23;8;15;22;16;27;21;32;31;40;True;40;0;4;0;1:0-0 | 2:0-5 | 3:0-4 | 6:3-6 | 7:5-8 | 12:8-16 | 4:8-12 | 10:9-16 | 8:11-14 | 9:11-15 | 5:12-14 | 13:15-19 | 15:16-21 | 17:21-31 | 14:22-29 | 11:23-26 | 16:27-29 | 19:31-40 | 18:32-33 | 20:40-40
1;2;6;91,228125;0;0;1;10;7;9;5;13;13;14;31;8;14;18;16;35;21;21;31;40;True;40;0;5;0;1:0-0 | 2:0-5 | 3:1-5 | 7:5-8 | 5:7-9 | 12:8-16 | 6:9-12 | 4:10-14 | 8:13-16 | 9:13-17 | 10:14-21 | 13:14-18 | 15:16-21 | 14:18-25 | 17:21-31 | 18:21-22 | 11:31-34 | 19:31-40 | 16:35-37 | 20:40-40
1;2;7;126,078125;0;0;4;12;19;23;5;13;7;10;37;8;17;28;16;16;21;39;31;40;True;40;0;6;0;1:0-0 | 2:0-5 | 3:4-8 | 7:5-8 | 9:7-11 | 12:8-16 | 10:10-17 | 4:12-16 | 8:13-16 | 15:16-21 | 16:16-18 | 13:17-21 | 5:19-21 | 17:21-31 | 6:23-26 | 14:28-35 | 19:31-40 | 11:37-40 | 18:39-40 | 20:40-40
1;2;8;85,278125;0;0;1;10;7;9;5;13;16;14;31;8;14;18;16;35;21;38;31;40;True;40;0;7;0;1:0-0 | 2:0-5 | 3:1-5 | 7:5-8 | 5:7-9 | 12:8-16 | 6:9-12 | 4:10-14 | 8:13-16 | 10:14-21 | 13:14-18 | 15:16-21 | 9:16-20 | 14:18-25 | 17:21-31 | 11:31-34 | 19:31-40 | 16:35-37 | 18:38-39 | 20:40-40
1;2;9;90,628125;0;0;2;12;9;11;5;13;17;16;31;8;17;19;16;34;21;38;31;40;True;40;0;8;0;1:0-0 | 2:0-5 | 3:2-6 | 7:5-8 | 12:8-16 | 5:9-11 | 6:11-14 | 4:12-16 | 8:13-16 | 10:16-23 | 15:16-21 | 13:17-21 | 9:17-21 | 14:19-26 | 17:21-31 | 11:31-34 | 19:31-40 | 16:34-36 | 18:38-39 | 20:40-40
1;2;10;121,278125;0;0;2;10;11;17;5;13;15;8;15;8;17;14;16;28;21;21;31;40;True;40;0;9;0;1:0-0 | 2:0-5 | 3:2-6 | 7:5-8 | 10:8-15 | 12:8-16 | 4:10-14 | 5:11-13 | 8:13-16 | 14:14-21 | 11:15-18 | 9:15-19 | 15:16-21 | 13:17-21 | 6:17-20 | 17:21-31 | 18:21-22 | 16:28-30 | 19:31-40 | 20:40-40
1;2;11;100,228125;0;0;3;12;10;10;5;13;17;15;30;8;17;18;16;36;21;39;31;40;True;40;0;10;0;1:0-0 | 2:0-5 | 3:3-7 | 7:5-8 | 12:8-16 | 5:10-12 | 6:10-13 | 4:12-16 | 8:13-16 | 10:15-22 | 15:16-21 | 13:17-21 | 9:17-21 | 14:18-25 | 17:21-31 | 11:30-33 | 19:31-40 | 16:36-38 | 18:39-40 | 20:40-40
1;2;12;99,878125;0;0;2;11;7;18;5;13;16;12;27;8;15;28;16;36;21;39;31;40;True;40;0;11;0;1:0-0 | 2:0-5 | 3:2-6 | 7:5-8 | 5:7-9 | 12:8-16 | 4:11-15 | 10:12-19 | 8:13-16 | 13:15-19 | 15:16-21 | 9:16-20 | 6:18-21 | 17:21-31 | 11:27-30 | 14:28-35 | 19:31-40 | 16:36-38 | 18:39-40 | 20:40-40
1;2;13;110,378125;0;0;1;11;10;28;5;13;16;15;9;8;15;19;16;34;21;38;31;40;True;40;0;12;0;1:0-0 | 2:0-5 | 3:1-5 | 7:5-8 | 12:8-16 | 11:9-12 | 5:10-12 | 4:11-15 | 8:13-16 | 10:15-22 | 13:15-19 | 15:16-21 | 9:16-20 | 14:19-26 | 17:21-31 | 6:28-31 | 19:31-40 | 16:34-36 | 18:38-39 | 20:40-40
1;2;14;98,628125;0;0;1;11;7;9;5;13;16;15;25;8;15;18;16;33;21;21;31;40;True;40;0;13;0;1:0-0 | 2:0-5 | 3:1-5 | 7:5-8 | 5:7-9 | 12:8-16 | 6:9-12 | 4:11-15 | 8:13-16 | 10:15-22 | 13:15-19 | 15:16-21 | 9:16-20 | 14:18-25 | 17:21-31 | 18:21-22 | 11:25-28 | 19:31-40 | 16:33-35 | 20:40-40
1;2;15;98,878125;0;0;4;9;8;1;5;13;5;10;31;8;16;20;16;30;21;34;31;40;True;40;0;14;0;1:0-0 | 2:0-5 | 6:1-4 | 3:4-8 | 7:5-8 | 9:5-9 | 12:8-16 | 5:8-10 | 4:9-13 | 10:10-17 | 8:13-16 | 13:16-20 | 15:16-21 | 14:20-27 | 17:21-31 | 16:30-32 | 11:31-34 | 19:31-40 | 18:34-35 | 20:40-40
1;2;16;105,678125;0;0;4;12;9;11;5;13;17;15;29;8;17;18;16;38;21;39;31;40;True;40;0;15;0;1:0-0 | 2:0-5 | 3:4-8 | 7:5-8 | 12:8-16 | 5:9-11 | 6:11-14 | 4:12-16 | 8:13-16 | 10:15-22 | 15:16-21 | 13:17-21 | 9:17-21 | 14:18-25 | 17:21-31 | 11:29-32 | 19:31-40 | 16:38-40 | 18:39-40 | 20:40-40
1;2;17;95,778125;0;0;0;8;13;7;5;12;11;9;20;8;15;16;16;31;21;36;31;40;True;40;0;16;0;1:0-0 | 2:0-5 | 3:0-4 | 7:5-8 | 6:7-10 | 12:8-16 | 4:8-12 | 10:9-16 | 9:11-15 | 8:12-15 | 5:13-15 | 13:15-19 | 14:16-23 | 15:16-21 | 11:20-23 | 17:21-31 | 16:31-33 | 19:31-40 | 18:36-37 | 20:40-40
1;2;18;101,228125;0;0;4;9;15;5;5;13;16;6;10;8;17;21;16;33;21;39;31;40;True;40;0;17;0;1:0-0 | 2:0-5 | 3:4-8 | 6:5-8 | 7:5-8 | 10:6-13 | 12:8-16 | 4:9-13 | 11:10-13 | 8:13-16 | 5:15-17 | 15:16-21 | 9:16-20 | 13:17-21 | 14:21-28 | 17:21-31 | 19:31-40 | 16:33-35 | 18:39-40 | 20:40-40
1;2;19;118,878125;0;0;4;12;19;13;5;13;9;24;9;8;17;13;16;32;21;39;31;40;True;40;0;18;0;1:0-0 | 2:0-5 | 3:4-8 | 7:5-8 | 12:8-16 | 11:9-12 | 9:9-13 | 4:12-16 | 14:13-20 | 6:13-16 | 8:13-16 | 15:16-21 | 13:17-21 | 5:19-21 | 17:21-31 | 10:24-31 | 19:31-40 | 16:32-34 | 18:39-40 | 20:40-40
1;2;20;85,278125;0;0;1;10;7;9;5;13;16;14;31;8;14;18;16;35;21;38;31;40;True;40;0;19;0;1:0-0 | 2:0-5 | 3:1-5 | 7:5-8 | 5:7-9 | 12:8-16 | 6:9-12 | 4:10-14 | 8:13-16 | 10:14-21 | 13:14-18 | 15:16-21 | 9:16-20 | 14:18-25 | 17:21-31 | 11:31-34 | 19:31-40 | 16:35-37 | 18:38-39 | 20:40-40
1;2;21;102,028125;0;0;1;12;10;8;5;13;14;22;5;8;17;16;16;27;21;31;31;40;True;40;0;20;0;1:0-0 | 2:0-5 | 3:1-5 | 11:5-8 | 7:5-8 | 12:8-16 | 6:8-11 | 5:10-12 | 4:12-16 | 8:13-16 | 9:14-18 | 14:16-23 | 15:16-21 | 13:17-21 | 17:21-31 | 10:22-29 | 16:27-29 | 18:31-32 | 19:31-40 | 20:40-40
1;2;22;96,128125;0;0;2;12;11;9;5;13;17;16;31;8;17;19;16;34;21;38;31;40;True;40;0;21;0;1:0-0 | 2:0-5 | 3:2-6 | 7:5-8 | 12:8-16 | 6:9-12 | 5:11-13 | 4:12-16 | 8:13-16 | 10:16-23 | 15:16-21 | 13:17-21 | 9:17-21 | 14:19-26 | 17:21-31 | 11:31-34 | 19:31-40 | 16:34-36 | 18:38-39 | 20:40-40
1;2;23;104,828125;0;0;2;8;10;15;5;13;17;7;11;8;16;14;16;23;21;33;31;40;True;40;0;22;0;1:0-0 | 2:0-5 | 3:2-6 | 7:5-8 | 10:7-14 | 12:8-16 | 4:8-12 | 5:10-12 | 11:11-14 | 8:13-16 | 14:14-21 | 6:15-18 | 13:16-20 | 15:16-21 | 9:17-21 | 17:21-31 | 16:23-25 | 19:31-40 | 18:33-34 | 20:40-40
1;2;24;87,328125;0;0;1;10;7;9;5;13;16;14;31;8;14;18;16;35;21;21;31;40;True;40;0;23;0;1:0-0 | 2:0-5 | 3:1-5 | 7:5-8 | 5:7-9 | 12:8-16 | 6:9-12 | 4:10-14 | 8:13-16 | 10:14-21 | 13:14-18 | 15:16-21 | 9:16-20 | 14:18-25 | 17:21-31 | 18:21-22 | 11:31-34 | 19:31-40 | 16:35-37 | 20:40-40
1;2;25;94,478125;0;0;2;10;19;6;5;11;16;13;22;8;14;18;16;34;21;31;31;40;True;40;0;24;0;1:0-0 | 2:0-5 | 3:2-6 | 7:5-8 | 6:6-9 | 12:8-16 | 4:10-14 | 8:11-14 | 10:13-20 | 13:14-18 | 15:16-21 | 9:16-20 | 14:18-25 | 5:19-21 | 17:21-31 | 11:22-25 | 18:31-32 | 19:31-40 | 16:34-36 | 20:40-40
1;2;26;92,528125;0;0;0;10;5;6;5;12;16;8;27;8;14;17;16;32;21;36;31;40;True;40;0;25;0;1:0-0 | 2:0-5 | 3:0-4 | 5:5-7 | 7:5-8 | 6:6-9 | 10:8-15 | 12:8-16 | 4:10-14 | 8:12-15 | 13:14-18 | 15:16-21 | 9:16-20 | 14:17-24 | 17:21-31 | 11:27-30 | 19:31-40 | 16:32-34 | 18:36-37 | 20:40-40
1;2;27;107,178125;0;0;1;11;19;4;5;13;16;12;27;8;13;27;16;33;21;39;31;40;True;40;0;26;0;1:0-0 | 2:0-5 | 3:1-5 | 6:4-7 | 7:5-8 | 12:8-16 | 4:11-15 | 10:12-19 | 13:13-17 | 8:13-16 | 15:16-21 | 9:16-20 | 5:19-21 | 17:21-31 | 11:27-30 | 14:27-34 | 19:31-40 | 16:33-35 | 18:39-40 | 20:40-40
1;2;28;97,678125;0;0;4;11;9;18;5;13;17;12;33;8;17;25;16;38;21;39;31;40;True;40;0;27;0;1:0-0 | 2:0-5 | 3:4-8 | 7:5-8 | 12:8-16 | 5:9-11 | 4:11-15 | 10:12-19 | 8:13-16 | 15:16-21 | 13:17-21 | 9:17-21 | 6:18-21 | 17:21-31 | 14:25-32 | 19:31-40 | 11:33-36 | 16:38-40 | 18:39-40 | 20:40-40
1;2;29;97,028125;0;0;0;10;5;6;5;12;16;8;14;8;17;17;16;32;21;36;31;40;True;40;0;28;0;1:0-0 | 2:0-5 | 3:0-4 | 5:5-7 | 7:5-8 | 6:6-9 | 10:8-15 | 12:8-16 | 4:10-14 | 8:12-15 | 11:14-17 | 15:16-21 | 9:16-20 | 13:17-21 | 14:17-24 | 17:21-31 | 19:31-40 | 16:32-34 | 18:36-37 | 20:40-40
1;2;30;97,678125;0;0;4;11;9;18;5;13;17;12;33;8;17;25;16;38;21;39;31;40;True;40;0;29;0;1:0-0 | 2:0-5 | 3:4-8 | 7:5-8 | 12:8-16 | 5:9-11 | 4:11-15 | 10:12-19 | 8:13-16 | 15:16-21 | 13:17-21 | 9:17-21 | 6:18-21 | 17:21-31 | 14:25-32 | 19:31-40 | 11:33-36 | 16:38-40 | 18:39-40 | 20:40-40
1;2;31;115,578125;0;0;4;9;7;1;5;12;15;13;21;8;13;16;16;29;21;35;31;40;True;40;0;30;0;1:0-0 | 2:0-5 | 6:1-4 | 3:4-8 | 7:5-8 | 5:7-9 | 12:8-16 | 4:9-13 | 8:12-15 | 10:13-20 | 13:13-17 | 9:15-19 | 14:16-23 | 15:16-21 | 11:21-24 | 17:21-31 | 16:29-31 | 19:31-40 | 18:35-36 | 20:40-40
1;2;32;92,728125;0;0;1;11;9;6;5;10;14;11;27;8;16;18;16;32;21;36;31;40;True;40;0;31;0;1:0-0 | 2:0-5 | 3:1-5 | 7:5-8 | 6:6-9 | 12:8-16 | 5:9-11 | 8:10-13 | 10:11-18 | 4:11-15 | 9:14-18 | 13:16-20 | 15:16-21 | 14:18-25 | 17:21-31 | 11:27-30 | 19:31-40 | 16:32-34 | 18:36-37 | 20:40-40
1;2;33;89,428125;0;0;1;9;17;5;5;12;15;11;24;8;13;25;16;32;21;37;31;40;True;40;0;32;0;1:0-0 | 2:0-5 | 3:1-5 | 6:5-8 | 7:5-8 | 12:8-16 | 4:9-13 | 10:11-18 | 8:12-15 | 13:13-17 | 9:15-19 | 15:16-21 | 5:17-19 | 17:21-31 | 11:24-27 | 14:25-32 | 19:31-40 | 16:32-34 | 18:37-38 | 20:40-40
1;2;34;97,878125;0;0;4;11;9;18;5;13;17;12;33;8;17;25;16;38;21;21;31;40;True;40;0;33;0;1:0-0 | 2:0-5 | 3:4-8 | 7:5-8 | 12:8-16 | 5:9-11 | 4:11-15 | 10:12-19 | 8:13-16 | 15:16-21 | 13:17-21 | 9:17-21 | 6:18-21 | 17:21-31 | 18:21-22 | 14:25-32 | 19:31-40 | 11:33-36 | 16:38-40 | 20:40-40
1;2;35;97,678125;0;0;4;11;9;18;5;13;17;12;33;8;17;25;16;38;21;39;31;40;True;40;0;34;0;1:0-0 | 2:0-5 | 3:4-8 | 7:5-8 | 12:8-16 | 5:9-11 | 4:11-15 | 10:12-19 | 8:13-16 | 15:16-21 | 13:17-21 | 9:17-21 | 6:18-21 | 17:21-31 | 14:25-32 | 19:31-40 | 11:33-36 | 16:38-40 | 18:39-40 | 20:40-40
1;2;36;117,878125;0;0;1;10;7;9;5;13;17;14;16;8;14;18;16;35;21;21;31;40;True;40;0;35;0;1:0-0 | 2:0-5 | 3:1-5 | 7:5-8 | 5:7-9 | 12:8-16 | 6:9-12 | 4:10-14 | 8:13-16 | 10:14-21 | 13:14-18 | 11:16-19 | 15:16-21 | 9:17-21 | 14:18-25 | 17:21-31 | 18:21-22 | 19:31-40 | 16:35-37 | 20:40-40
1;2;37;92,928125;0;0;2;9;8;15;5;13;6;17;27;8;15;10;16;31;21;37;31;40;True;40;0;36;0;1:0-0 | 2:0-5 | 3:2-6 | 7:5-8 | 9:6-10 | 12:8-16 | 5:8-10 | 4:9-13 | 14:10-17 | 8:13-16 | 13:15-19 | 6:15-18 | 15:16-21 | 10:17-24 | 17:21-31 | 11:27-30 | 16:31-33 | 19:31-40 | 18:37-38 | 20:40-40
1;2;38;94,928125;0;0;1;10;7;15;5;12;16;13;28;8;15;23;16;35;21;36;31;40;True;40;0;37;0;1:0-0 | 2:0-5 | 3:1-5 | 7:5-8 | 5:7-9 | 12:8-16 | 4:10-14 | 8:12-15 | 10:13-20 | 13:15-19 | 6:15-18 | 15:16-21 | 9:16-20 | 17:21-31 | 14:23-30 | 11:28-31 | 19:31-40 | 16:35-37 | 18:36-37 | 20:40-40
1;2;39;106,278125;0;0;1;9;8;4;5;10;11;14;14;8;15;17;16;31;21;33;31;40;True;40;0;38;0;1:0-0 | 2:0-5 | 3:1-5 | 6:4-7 | 7:5-8 | 12:8-16 | 5:8-10 | 4:9-13 | 8:10-13 | 9:11-15 | 10:14-21 | 11:14-17 | 13:15-19 | 15:16-21 | 14:17-24 | 17:21-31 | 16:31-33 | 19:31-40 | 18:33-34 | 20:40-40
1;2;40;90,628125;0;0;2;12;9;11;5;13;17;19;31;8;17;16;16;34;21;38;31;40;True;40;0;39;0;1:0-0 | 2:0-5 | 3:2-6 | 7:5-8 | 12:8-16 | 5:9-11 | 6:11-14 | 4:12-16 | 8:13-16 | 14:16-23 | 15:16-21 | 13:17-21 | 9:17-21 | 10:19-26 | 17:21-31 | 11:31-34 | 19:31-40 | 16:34-36 | 18:38-39 | 20:40-40
1;2;41;100,528125;0;0;3;9;10;17;5;11;16;9;30;8;14;21;16;36;21;39;31;40;True;40;0;40;0;1:0-0 | 2:0-5 | 3:3-7 | 7:5-8 | 12:8-16 | 10:9-16 | 4:9-13 | 5:10-12 | 8:11-14 | 13:14-18 | 15:16-21 | 9:16-20 | 6:17-20 | 14:21-28 | 17:21-31 | 11:30-33 | 19:31-40 | 16:36-38 | 18:39-40 | 20:40-40
1;2;42;101,728125;0;0;3;6;9;14;5;12;17;12;32;8;16;22;16;33;21;37;31;40;True;40;0;41;0;1:0-0 | 2:0-5 | 3:3-7 | 7:5-8 | 4:6-10 | 12:8-16 | 5:9-11 | 10:12-19 | 8:12-15 | 6:14-17 | 13:16-20 | 15:16-21 | 9:17-21 | 17:21-31 | 14:22-29 | 19:31-40 | 11:32-35 | 16:33-35 | 18:37-38 | 20:40-40
1;2;43;109,778125;0;0;1;10;19;4;5;11;16;12;9;8;16;29;16;32;21;35;31;40;True;40;0;42;0;1:0-0 | 2:0-5 | 3:1-5 | 6:4-7 | 7:5-8 | 12:8-16 | 11:9-12 | 4:10-14 | 8:11-14 | 10:12-19 | 13:16-20 | 15:16-21 | 9:16-20 | 5:19-21 | 17:21-31 | 14:29-36 | 19:31-40 | 16:32-34 | 18:35-36 | 20:40-40
1;2;44;103,628125;0;0;0;8;7;7;5;11;7;13;19;8;14;16;16;31;21;33;31;40;True;40;0;43;0;1:0-0 | 2:0-5 | 3:0-4 | 7:5-8 | 5:7-9 | 6:7-10 | 9:7-11 | 12:8-16 | 4:8-12 | 8:11-14 | 10:13-20 | 13:14-18 | 14:16-23 | 15:16-21 | 11:19-22 | 17:21-31 | 16:31-33 | 19:31-40 | 18:33-34 | 20:40-40
1;2;45;91,928125;0;0;1;12;18;4;5;8;16;5;22;8;14;25;16;32;21;34;31;40;True;40;0;44;0;1:0-0 | 2:0-5 | 3:1-5 | 6:4-7 | 10:5-12 | 7:5-8 | 12:8-16 | 8:8-11 | 4:12-16 | 13:14-18 | 15:16-21 | 9:16-20 | 5:18-20 | 17:21-31 | 11:22-25 | 14:25-32 | 19:31-40 | 16:32-34 | 18:34-35 | 20:40-40
1;2;46;125,628125;0;0;4;12;19;13;5;13;9;9;25;8;17;13;16;32;21;39;31;40;True;40;0;45;0;1:0-0 | 2:0-5 | 3:4-8 | 7:5-8 | 12:8-16 | 10:9-16 | 9:9-13 | 4:12-16 | 14:13-20 | 6:13-16 | 8:13-16 | 15:16-21 | 13:17-21 | 5:19-21 | 17:21-31 | 11:25-28 | 19:31-40 | 16:32-34 | 18:39-40 | 20:40-40
1;2;47;91,728125;0;0;1;11;10;9;5;13;16;15;31;8;15;19;16;34;21;38;31;40;True;40;0;46;0;1:0-0 | 2:0-5 | 3:1-5 | 7:5-8 | 12:8-16 | 6:9-12 | 5:10-12 | 4:11-15 | 8:13-16 | 10:15-22 | 13:15-19 | 15:16-21 | 9:16-20 | 14:19-26 | 17:21-31 | 11:31-34 | 19:31-40 | 16:34-36 | 18:38-39 | 20:40-40
1;2;48;110,128125;0;0;4;12;18;4;5;8;16;5;22;8;14;25;16;16;21;34;31;40;True;40;0;47;0;1:0-0 | 2:0-5 | 3:4-8 | 6:4-7 | 10:5-12 | 7:5-8 | 12:8-16 | 8:8-11 | 4:12-16 | 13:14-18 | 15:16-21 | 16:16-18 | 9:16-20 | 5:18-20 | 17:21-31 | 11:22-25 | 14:25-32 | 19:31-40 | 18:34-35 | 20:40-40
1;2;49;119,778125;0;0;2;12;19;9;5;13;13;10;23;8;17;20;16;37;21;26;31;40;True;40;0;48;0;1:0-0 | 2:0-5 | 3:2-6 | 7:5-8 | 12:8-16 | 6:9-12 | 10:10-17 | 4:12-16 | 8:13-16 | 9:13-17 | 15:16-21 | 13:17-21 | 5:19-21 | 14:20-27 | 17:21-31 | 11:23-26 | 18:26-27 | 19:31-40 | 16:37-39 | 20:40-40
1;2;50;120,128125;0;0;4;12;5;1;5;13;14;11;34;8;17;31;16;36;21;38;31;40;True;40;0;49;0;1:0-0 | 2:0-5 | 6:1-4 | 3:4-8 | 5:5-7 | 7:5-8 | 12:8-16 | 10:11-18 | 4:12-16 | 8:13-16 | 9:14-18 | 15:16-21 | 13:17-21 | 17:21-31 | 14:31-38 | 19:31-40 | 11:34-37 | 16:36-38 | 18:38-39 | 20:40-40
1;2;51;111,278125;0;0;4;10;12;7;5;13;16;9;24;8;17;20;16;35;21;35;31;40;True;40;0;50;0;1:0-0 | 2:0-5 | 3:4-8 | 7:5-8 | 6:7-10 | 12:8-16 | 10:9-16 | 4:10-14 | 5:12-14 | 8:13-16 | 15:16-21 | 9:16-20 | 13:17-21 | 14:20-27 | 17:21-31 | 11:24-27 | 19:31-40 | 16:35-37 | 18:35-36 | 20:40-40
1;2;52;100,178125;0;0;1;12;17;5;5;12;15;11;9;8;13;25;16;32;21;37;31;40;True;40;0;51;0;1:0-0 | 2:0-5 | 3:1-5 | 6:5-8 | 7:5-8 | 12:8-16 | 11:9-12 | 10:11-18 | 4:12-16 | 8:12-15 | 13:13-17 | 9:15-19 | 15:16-21 | 5:17-19 | 17:21-31 | 14:25-32 | 19:31-40 | 16:32-34 | 18:37-38 | 20:40-40
1;2;53;87,328125;0;0;1;10;7;9;5;13;16;14;31;8;14;18;16;35;21;21;31;40;True;40;0;52;0;1:0-0 | 2:0-5 | 3:1-5 | 7:5-8 | 5:7-9 | 12:8-16 | 6:9-12 | 4:10-14 | 8:13-16 | 10:14-21 | 13:14-18 | 15:16-21 | 9:16-20 | 14:18-25 | 17:21-31 | 18:21-22 | 11:31-34 | 19:31-40 | 16:35-37 | 20:40-40
1;2;54;92,678125;0;0;1;9;8;1;5;13;12;10;31;8;16;20;16;30;21;34;31;40;True;40;0;53;0;1:0-0 | 2:0-5 | 3:1-5 | 6:1-4 | 7:5-8 | 12:8-16 | 5:8-10 | 4:9-13 | 10:10-17 | 9:12-16 | 8:13-16 | 13:16-20 | 15:16-21 | 14:20-27 | 17:21-31 | 16:30-32 | 11:31-34 | 19:31-40 | 18:34-35 | 20:40-40
1;2;55;107,128125;0;0;4;12;19;4;5;13;17;14;31;8;16;30;16;36;21;39;31;40;True;40;0;54;0;1:0-0 | 2:0-5 | 3:4-8 | 6:4-7 | 7:5-8 | 12:8-16 | 4:12-16 | 8:13-16 | 10:14-21 | 13:16-20 | 15:16-21 | 9:17-21 | 5:19-21 | 17:21-31 | 14:30-37 | 11:31-34 | 19:31-40 | 16:36-38 | 18:39-40 | 20:40-40
1;2;56;90,028125;0;0;3;9;8;13;5;13;15;5;35;8;17;31;16;33;21;38;31;40;True;40;0;55;0;1:0-0 | 2:0-5 | 3:3-7 | 10:5-12 | 7:5-8 | 12:8-16 | 5:8-10 | 4:9-13 | 6:13-16 | 8:13-16 | 9:15-19 | 15:16-21 | 13:17-21 | 17:21-31 | 14:31-38 | 19:31-40 | 16:33-35 | 11:35-38 | 18:38-39 | 20:40-40
1;2;57;125,278125;0;0;4;12;6;24;5;7;17;13;10;8;17;33;16;38;21;39;31;40;True;40;0;56;0;1:0-0 | 2:0-5 | 3:4-8 | 7:5-8 | 5:6-8 | 8:7-10 | 12:8-16 | 11:10-13 | 4:12-16 | 10:13-20 | 15:16-21 | 13:17-21 | 9:17-21 | 17:21-31 | 6:24-27 | 19:31-40 | 14:33-40 | 16:38-40 | 18:39-40 | 20:40-40
1;2;58;105,928125;0;0;2;11;19;4;5;6;16;5;10;8;16;27;16;32;21;34;31;40;True;40;0;57;0;1:0-0 | 2:0-5 | 3:2-6 | 6:4-7 | 10:5-12 | 7:5-8 | 8:6-9 | 12:8-16 | 11:10-13 | 4:11-15 | 13:16-20 | 15:16-21 | 9:16-20 | 5:19-21 | 17:21-31 | 14:27-34 | 19:31-40 | 16:32-34 | 18:34-35 | 20:40-40
1;2;59;94,528125;0;0;3;9;8;1;5;13;15;13;35;8;17;31;16;33;21;38;31;40;True;40;0;58;0;1:0-0 | 2:0-5 | 6:1-4 | 3:3-7 | 7:5-8 | 12:8-16 | 5:8-10 | 4:9-13 | 10:13-20 | 8:13-16 | 9:15-19 | 15:16-21 | 13:17-21 | 17:21-31 | 14:31-38 | 19:31-40 | 16:33-35 | 11:35-38 | 18:38-39 | 20:40-40
1;2;60;98,878125;0;0;0;9;17;6;5;13;14;10;25;8;14;23;16;31;21;37;31;40;True;40;0;59;0;1:0-0 | 2:0-5 | 3:0-4 | 7:5-8 | 6:6-9 | 12:8-16 | 4:9-13 | 10:10-17 | 8:13-16 | 13:14-18 | 9:14-18 | 15:16-21 | 5:17-19 | 17:21-31 | 14:23-30 | 11:25-28 | 16:31-33 | 19:31-40 | 18:37-38 | 20:40-40
1;2;61;90,028125;0;0;3;9;8;13;5;13;15;5;35;8;17;13;16;33;21;38;31;40;True;40;0;60;0;1:0-0 | 2:0-5 | 3:3-7 | 10:5-12 | 7:5-8 | 12:8-16 | 5:8-10 | 4:9-13 | 14:13-20 | 6:13-16 | 8:13-16 | 9:15-19 | 15:16-21 | 13:17-21 | 17:21-31 | 19:31-40 | 16:33-35 | 11:35-38 | 18:38-39 | 20:40-40
1;2;62;106,978125;0;0;2;11;5;5;5;13;17;12;28;8;16;26;16;33;21;30;31;40;True;40;0;61;0;1:0-0 | 2:0-5 | 3:2-6 | 5:5-7 | 6:5-8 | 7:5-8 | 12:8-16 | 4:11-15 | 10:12-19 | 8:13-16 | 13:16-20 | 15:16-21 | 9:17-21 | 17:21-31 | 14:26-33 | 11:28-31 | 18:30-31 | 19:31-40 | 16:33-35 | 20:40-40
1;2;63;124,428125;0;0;4;12;6;24;5;13;17;7;10;8;17;33;16;38;21;39;31;40;True;40;0;62;0;1:0-0 | 2:0-5 | 3:4-8 | 7:5-8 | 5:6-8 | 10:7-14 | 12:8-16 | 11:10-13 | 4:12-16 | 8:13-16 | 15:16-21 | 13:17-21 | 9:17-21 | 17:21-31 | 6:24-27 | 19:31-40 | 14:33-40 | 16:38-40 | 18:39-40 | 20:40-40
1;2;64;90,628125;0;0;2;12;9;11;5;13;17;16;31;8;17;19;16;34;21;38;31;40;True;40;0;63;0;1:0-0 | 2:0-5 | 3:2-6 | 7:5-8 | 12:8-16 | 5:9-11 | 6:11-14 | 4:12-16 | 8:13-16 | 10:16-23 | 15:16-21 | 13:17-21 | 9:17-21 | 14:19-26 | 17:21-31 | 11:31-34 | 19:31-40 | 16:34-36 | 18:38-39 | 20:40-40
1;2;65;116,678125;0;0;4;12;19;14;5;13;7;16;30;8;14;12;16;37;21;39;31;40;True;40;1;0;1;1:0-0 | 2:0-5 | 3:4-8 | 7:5-8 | 9:7-11 | 12:8-16 | 14:12-19 | 4:12-16 | 8:13-16 | 13:14-18 | 6:14-17 | 10:16-23 | 15:16-21 | 5:19-21 | 17:21-31 | 11:30-33 | 19:31-40 | 16:37-39 | 18:39-40 | 20:40-40
1;2;66;116,428125;0;0;2;11;10;11;5;13;17;14;10;8;17;10;16;30;21;33;31;40;True;40;1;1;1;1:0-0 | 2:0-5 | 3:2-6 | 7:5-8 | 12:8-16 | 11:10-13 | 14:10-17 | 5:10-12 | 4:11-15 | 6:11-14 | 8:13-16 | 10:14-21 | 15:16-21 | 13:17-21 | 9:17-21 | 17:21-31 | 16:30-32 | 19:31-40 | 18:33-34 | 20:40-40
1;2;67;108,078125;0;0;1;9;11;11;5;5;16;10;7;8;14;21;16;22;21;26;31;40;True;40;1;2;1;1:0-0 | 2:0-5 | 3:1-5 | 7:5-8 | 8:5-8 | 11:7-10 | 12:8-16 | 4:9-13 | 10:10-17 | 5:11-13 | 6:11-14 | 13:14-18 | 15:16-21 | 9:16-20 | 14:21-28 | 17:21-31 | 16:22-24 | 18:26-27 | 19:31-40 | 20:40-40
1;2;68;105,378125;0;0;2;8;4;16;5;10;12;9;23;8;17;27;16;34;21;32;31;40;True;40;1;3;1;1:0-0 | 2:0-5 | 3:2-6 | 5:4-6 | 7:5-8 | 12:8-16 | 4:8-12 | 10:9-16 | 8:10-13 | 9:12-16 | 15:16-21 | 6:16-19 | 13:17-21 | 17:21-31 | 11:23-26 | 14:27-34 | 19:31-40 | 18:32-33 | 16:34-36 | 20:40-40
1;2;69;128,278125;0;0;4;12;19;1;5;8;13;24;12;8;17;32;16;24;21;37;31;40;True;40;1;4;1;1:0-0 | 2:0-5 | 6:1-4 | 3:4-8 | 7:5-8 | 12:8-16 | 8:8-11 | 11:12-15 | 4:12-16 | 9:13-17 | 15:16-21 | 13:17-21 | 5:19-21 | 17:21-31 | 10:24-31 | 16:24-26 | 19:31-40 | 14:32-39 | 18:37-38 | 20:40-40
1;2;70;120,778125;0;0;2;8;14;16;5;13;10;8;14;8;16;8;16;31;21;36;31;40;True;40;1;5;1;1:0-0 | 2:0-5 | 3:2-6 | 7:5-8 | 10:8-15 | 12:8-16 | 14:8-15 | 4:8-12 | 9:10-14 | 8:13-16 | 11:14-17 | 5:14-16 | 13:16-20 | 15:16-21 | 6:16-19 | 17:21-31 | 16:31-33 | 19:31-40 | 18:36-37 | 20:40-40
1;2;71;104,928125;0;0;1;12;17;16;5;8;11;14;22;8;16;11;16;34;21;38;31;40;True;40;1;6;1;1:0-0 | 2:0-5 | 3:1-5 | 7:5-8 | 12:8-16 | 8:8-11 | 14:11-18 | 9:11-15 | 4:12-16 | 10:14-21 | 13:16-20 | 15:16-21 | 6:16-19 | 5:17-19 | 17:21-31 | 11:22-25 | 19:31-40 | 16:34-36 | 18:38-39 | 20:40-40
1;2;72;112,478125;0;0;4;12;12;16;5;13;5;17;30;8;17;24;16;28;21;32;31;40;True;40;1;7;1;1:0-0 | 2:0-5 | 3:4-8 | 7:5-8 | 9:5-9 | 12:8-16 | 4:12-16 | 5:12-14 | 8:13-16 | 15:16-21 | 6:16-19 | 10:17-24 | 13:17-21 | 17:21-31 | 14:24-31 | 16:28-30 | 11:30-33 | 19:31-40 | 18:32-33 | 20:40-40
1;2;73;119,728125;0;0;4;12;19;20;5;13;11;7;36;8;11;20;16;16;21;39;31;40;True;40;1;8;1;1:0-0 | 2:0-5 | 3:4-8 | 7:5-8 | 10:7-14 | 12:8-16 | 13:11-15 | 9:11-15 | 4:12-16 | 8:13-16 | 15:16-21 | 16:16-18 | 5:19-21 | 14:20-27 | 6:20-23 | 17:21-31 | 19:31-40 | 11:36-39 | 18:39-40 | 20:40-40
1;2;74;105,228125;0;0;2;9;19;15;5;12;17;8;14;8;8;24;16;28;21;34;31;40;True;40;1;9;1;1:0-0 | 2:0-5 | 3:2-6 | 7:5-8 | 10:8-15 | 12:8-16 | 13:8-12 | 4:9-13 | 8:12-15 | 11:14-17 | 6:15-18 | 15:16-21 | 9:17-21 | 5:19-21 | 17:21-31 | 14:24-31 | 16:28-30 | 19:31-40 | 18:34-35 | 20:40-40
1;2;75;102,528125;0;0;2;12;8;15;5;13;6;9;27;8;15;10;16;31;21;37;31;40;True;40;1;10;1;1:0-0 | 2:0-5 | 3:2-6 | 7:5-8 | 9:6-10 | 12:8-16 | 5:8-10 | 10:9-16 | 14:10-17 | 4:12-16 | 8:13-16 | 13:15-19 | 6:15-18 | 15:16-21 | 17:21-31 | 11:27-30 | 16:31-33 | 19:31-40 | 18:37-38 | 20:40-40
1;2;76;88,428125;0;0;2;9;6;15;5;12;17;8;31;8;14;24;16;28;21;34;31;40;True;40;1;11;1;1:0-0 | 2:0-5 | 3:2-6 | 7:5-8 | 5:6-8 | 10:8-15 | 12:8-16 | 4:9-13 | 8:12-15 | 13:14-18 | 6:15-18 | 15:16-21 | 9:17-21 | 17:21-31 | 14:24-31 | 16:28-30 | 11:31-34 | 19:31-40 | 18:34-35 | 20:40-40
1;2;77;112,278125;0;0;1;12;7;10;5;8;16;19;18;8;15;10;16;31;21;24;31;40;True;40;1;12;1;1:0-0 | 2:0-5 | 3:1-5 | 7:5-8 | 5:7-9 | 12:8-16 | 8:8-11 | 14:10-17 | 6:10-13 | 4:12-16 | 13:15-19 | 15:16-21 | 9:16-20 | 11:18-21 | 10:19-26 | 17:21-31 | 18:24-25 | 16:31-33 | 19:31-40 | 20:40-40
1;2;78;108,028125;0;0;1;11;12;5;5;10;16;10;20;8;17;26;16;31;21;28;31;40;True;40;1;13;1;1:0-0 | 2:0-5 | 3:1-5 | 6:5-8 | 7:5-8 | 12:8-16 | 10:10-17 | 8:10-13 | 4:11-15 | 5:12-14 | 15:16-21 | 9:16-20 | 13:17-21 | 11:20-23 | 17:21-31 | 14:26-33 | 18:28-29 | 16:31-33 | 19:31-40 | 20:40-40
1;2;79;94,128125;0;0;1;9;6;15;5;11;6;8;28;8;13;12;16;26;21;34;31;40;True;40;1;14;1;1:0-0 | 2:0-5 | 3:1-5 | 7:5-8 | 5:6-8 | 9:6-10 | 10:8-15 | 12:8-16 | 4:9-13 | 8:11-14 | 14:12-19 | 13:13-17 | 6:15-18 | 15:16-21 | 17:21-31 | 16:26-28 | 11:28-31 | 19:31-40 | 18:34-35 | 20:40-40
1;2;80;95,678125;0;0;1;10;14;4;5;9;17;7;28;8;13;14;16;20;21;32;31;40;True;40;1;15;1;1:0-0 | 2:0-5 | 3:1-5 | 6:4-7 | 7:5-8 | 10:7-14 | 12:8-16 | 8:9-12 | 4:10-14 | 13:13-17 | 14:14-21 | 5:14-16 | 15:16-21 | 9:17-21 | 16:20-22 | 17:21-31 | 11:28-31 | 19:31-40 | 18:32-33 | 20:40-40
1;2;81;109,528125;0;0;3;6;10;7;5;11;16;15;27;8;17;23;16;29;21;36;31;40;True;40;1;16;1;1:0-0 | 2:0-5 | 3:3-7 | 7:5-8 | 4:6-10 | 6:7-10 | 12:8-16 | 5:10-12 | 8:11-14 | 10:15-22 | 15:16-21 | 9:16-20 | 13:17-21 | 17:21-31 | 14:23-30 | 11:27-30 | 16:29-31 | 19:31-40 | 18:36-37 | 20:40-40
1;2;82;100,228125;0;0;3;8;18;4;5;12;13;10;22;8;14;20;16;27;21;36;31;40;True;40;1;17;1;1:0-0 | 2:0-5 | 3:3-7 | 6:4-7 | 7:5-8 | 12:8-16 | 4:8-12 | 10:10-17 | 8:12-15 | 9:13-17 | 13:14-18 | 15:16-21 | 5:18-20 | 14:20-27 | 17:21-31 | 11:22-25 | 16:27-29 | 19:31-40 | 18:36-37 | 20:40-40
1;2;83;106,128125;0;0;4;10;14;7;5;13;17;18;28;8;17;20;16;31;21;39;31;40;True;40;1;18;1;1:0-0 | 2:0-5 | 3:4-8 | 7:5-8 | 6:7-10 | 12:8-16 | 4:10-14 | 8:13-16 | 5:14-16 | 15:16-21 | 13:17-21 | 9:17-21 | 10:18-25 | 14:20-27 | 17:21-31 | 11:28-31 | 16:31-33 | 19:31-40 | 18:39-40 | 20:40-40
1;2;84;108,278125;0;0;1;11;8;8;5;12;16;8;11;8;15;23;16;31;21;35;31;40;True;40;1;19;1;1:0-0 | 2:0-5 | 3:1-5 | 7:5-8 | 10:8-15 | 12:8-16 | 5:8-10 | 6:8-11 | 11:11-14 | 4:11-15 | 8:12-15 | 13:15-19 | 15:16-21 | 9:16-20 | 17:21-31 | 14:23-30 | 16:31-33 | 19:31-40 | 18:35-36 | 20:40-40
1;2;85;110,128125;0;0;3;12;19;8;5;13;16;8;16;8;8;16;16;30;21;26;31;40;True;40;1;20;1;1:0-0 | 2:0-5 | 3:3-7 | 7:5-8 | 10:8-15 | 12:8-16 | 13:8-12 | 6:8-11 | 4:12-16 | 8:13-16 | 11:16-19 | 14:16-23 | 15:16-21 | 9:16-20 | 5:19-21 | 17:21-31 | 18:26-27 | 16:30-32 | 19:31-40 | 20:40-40
1;2;86;98,878125;0;0;2;9;7;16;5;12;14;8;22;8;14;28;16;26;21;32;31;40;True;40;1;21;1;1:0-0 | 2:0-5 | 3:2-6 | 7:5-8 | 5:7-9 | 10:8-15 | 12:8-16 | 4:9-13 | 8:12-15 | 13:14-18 | 9:14-18 | 15:16-21 | 6:16-19 | 17:21-31 | 11:22-25 | 16:26-28 | 14:28-35 | 19:31-40 | 18:32-33 | 20:40-40
1;2;87;98,828125;0;0;4;10;8;17;5;13;10;8;22;8;17;26;16;38;21;33;31;40;True;40;1;22;1;1:0-0 | 2:0-5 | 3:4-8 | 7:5-8 | 10:8-15 | 12:8-16 | 5:8-10 | 4:10-14 | 9:10-14 | 8:13-16 | 15:16-21 | 13:17-21 | 6:17-20 | 17:21-31 | 11:22-25 | 14:26-33 | 19:31-40 | 18:33-34 | 16:38-40 | 20:40-40
1;2;88;134,478125;0;0;4;12;10;13;5;13;7;24;17;8;15;32;16;31;21;39;31;40;True;40;1;23;1;1:0-0 | 2:0-5 | 3:4-8 | 7:5-8 | 9:7-11 | 12:8-16 | 5:10-12 | 4:12-16 | 6:13-16 | 8:13-16 | 13:15-19 | 15:16-21 | 11:17-20 | 17:21-31 | 10:24-31 | 16:31-33 | 19:31-40 | 14:32-39 | 18:39-40 | 20:40-40
1;2;89;98,528125;0;0;0;7;13;10;5;10;16;9;20;8;16;10;16;31;21;27;31;40;True;40;1;24;1;1:0-0 | 2:0-5 | 3:0-4 | 7:5-8 | 4:7-11 | 12:8-16 | 10:9-16 | 14:10-17 | 6:10-13 | 8:10-13 | 5:13-15 | 13:16-20 | 15:16-21 | 9:16-20 | 11:20-23 | 17:21-31 | 18:27-28 | 16:31-33 | 19:31-40 | 20:40-40
1;2;90;103,778125;0;0;4;12;4;10;5;13;17;11;21;8;8;27;16;35;21;34;31;40;True;40;1;25;1;1:0-0 | 2:0-5 | 3:4-8 | 5:4-6 | 7:5-8 | 12:8-16 | 13:8-12 | 6:10-13 | 10:11-18 | 4:12-16 | 8:13-16 | 15:16-21 | 9:17-21 | 11:21-24 | 17:21-31 | 14:27-34 | 19:31-40 | 18:34-35 | 16:35-37 | 20:40-40
1;2;91;102,378125;0;0;0;12;6;6;5;13;16;11;9;8;8;19;16;28;21;28;31;40;True;40;1;26;1;1:0-0 | 2:0-5 | 3:0-4 | 7:5-8 | 5:6-8 | 6:6-9 | 12:8-16 | 13:8-12 | 11:9-12 | 10:11-18 | 4:12-16 | 8:13-16 | 15:16-21 | 9:16-20 | 14:19-26 | 17:21-31 | 16:28-30 | 18:28-29 | 19:31-40 | 20:40-40
1;2;92;103,928125;0;0;3;10;10;15;5;11;9;13;31;8;14;23;16;28;21;38;31;40;True;40;1;27;1;1:0-0 | 2:0-5 | 3:3-7 | 7:5-8 | 12:8-16 | 9:9-13 | 4:10-14 | 5:10-12 | 8:11-14 | 10:13-20 | 13:14-18 | 6:15-18 | 15:16-21 | 17:21-31 | 14:23-30 | 16:28-30 | 11:31-34 | 19:31-40 | 18:38-39 | 20:40-40
1;2;93;88,428125;0;0;2;9;6;15;5;12;17;8;31;8;14;24;16;28;21;34;31;40;True;40;1;28;1;1:0-0 | 2:0-5 | 3:2-6 | 7:5-8 | 5:6-8 | 10:8-15 | 12:8-16 | 4:9-13 | 8:12-15 | 13:14-18 | 6:15-18 | 15:16-21 | 9:17-21 | 17:21-31 | 14:24-31 | 16:28-30 | 11:31-34 | 19:31-40 | 18:34-35 | 20:40-40
1;2;94;113,328125;0;0;1;10;7;10;5;13;10;14;17;8;9;27;16;24;21;36;31;40;True;40;1;29;1;1:0-0 | 2:0-5 | 3:1-5 | 7:5-8 | 5:7-9 | 12:8-16 | 13:9-13 | 4:10-14 | 6:10-13 | 9:10-14 | 8:13-16 | 10:14-21 | 15:16-21 | 11:17-20 | 17:21-31 | 16:24-26 | 14:27-34 | 19:31-40 | 18:36-37 | 20:40-40
1;2;95;90,678125;0;0;2;8;19;5;5;12;5;17;25;8;14;9;16;28;21;34;31;40;True;40;1;30;1;1:0-0 | 2:0-5 | 3:2-6 | 6:5-8 | 7:5-8 | 9:5-9 | 12:8-16 | 4:8-12 | 14:9-16 | 8:12-15 | 13:14-18 | 15:16-21 | 10:17-24 | 5:19-21 | 17:21-31 | 11:25-28 | 16:28-30 | 19:31-40 | 18:34-35 | 20:40-40
1;2;96;98,828125;0;0;0;5;11;5;5;9;16;8;19;8;12;12;16;24;21;25;31;40;True;40;1;31;1;1:0-0 | 2:0-5 | 3:0-4 | 4:5-9 | 6:5-8 | 7:5-8 | 10:8-15 | 12:8-16 | 8:9-12 | 5:11-13 | 13:12-16 | 14:12-19 | 15:16-21 | 9:16-20 | 11:19-22 | 17:21-31 | 16:24-26 | 18:25-26 | 19:31-40 | 20:40-40
1;2;97;112,628125;0;0;4;10;13;15;5;11;16;7;8;8;17;14;16;30;21;37;31;40;True;40;1;32;1;1:0-0 | 2:0-5 | 3:4-8 | 7:5-8 | 10:7-14 | 11:8-11 | 12:8-16 | 4:10-14 | 8:11-14 | 5:13-15 | 14:14-21 | 6:15-18 | 15:16-21 | 9:16-20 | 13:17-21 | 17:21-31 | 16:30-32 | 19:31-40 | 18:37-38 | 20:40-40
1;2;98;114,428125;0;0;4;12;13;1;5;11;17;13;32;8;16;15;16;29;21;39;31;40;True;40;1;33;1;1:0-0 | 2:0-5 | 6:1-4 | 3:4-8 | 7:5-8 | 12:8-16 | 8:11-14 | 4:12-16 | 10:13-20 | 5:13-15 | 14:15-22 | 13:16-20 | 15:16-21 | 9:17-21 | 17:21-31 | 16:29-31 | 19:31-40 | 11:32-35 | 18:39-40 | 20:40-40
1;2;99;103,528125;0;0;4;12;8;5;5;12;9;10;27;8;17;31;16;38;21;39;31;40;True;40;1;34;1;1:0-0 | 2:0-5 | 3:4-8 | 6:5-8 | 7:5-8 | 12:8-16 | 5:8-10 | 9:9-13 | 10:10-17 | 4:12-16 | 8:12-15 | 15:16-21 | 13:17-21 | 17:21-31 | 11:27-30 | 14:31-38 | 19:31-40 | 16:38-40 | 18:39-40 | 20:40-40
1;2;100;114,978125;0;0;4;12;19;9;5;11;17;5;35;8;17;19;16;38;21;39;31;40;True;40;1;35;1;1:0-0 | 2:0-5 | 3:4-8 | 10:5-12 | 7:5-8 | 12:8-16 | 6:9-12 | 8:11-14 | 4:12-16 | 15:16-21 | 13:17-21 | 9:17-21 | 14:19-26 | 5:19-21 | 17:21-31 | 19:31-40 | 11:35-38 | 16:38-40 | 18:39-40 | 20:40-40
1;2;101;137,328125;0;0;4;8;19;1;5;12;13;24;5;8;17;32;16;24;21;37;31;40;True;40;1;36;1;1:0-0 | 2:0-5 | 6:1-4 | 3:4-8 | 11:5-8 | 7:5-8 | 12:8-16 | 4:8-12 | 8:12-15 | 9:13-17 | 15:16-21 | 13:17-21 | 5:19-21 | 17:21-31 | 10:24-31 | 16:24-26 | 19:31-40 | 14:32-39 | 18:37-38 | 20:40-40
1;2;102;100,828125;0;0;3;12;7;14;5;11;17;8;29;8;17;9;16;32;21;21;31;40;True;40;1;37;1;1:0-0 | 2:0-5 | 3:3-7 | 7:5-8 | 5:7-9 | 10:8-15 | 12:8-16 | 14:9-16 | 8:11-14 | 4:12-16 | 6:14-17 | 15:16-21 | 13:17-21 | 9:17-21 | 17:21-31 | 18:21-22 | 11:29-32 | 19:31-40 | 16:32-34 | 20:40-40
1;2;103;117,578125;0;0;4;12;10;16;5;10;14;8;6;8;15;24;16;33;21;36;31;40;True;40;1;38;1;1:0-0 | 2:0-5 | 3:4-8 | 7:5-8 | 11:6-9 | 10:8-15 | 12:8-16 | 5:10-12 | 8:10-13 | 4:12-16 | 9:14-18 | 13:15-19 | 15:16-21 | 6:16-19 | 17:21-31 | 14:24-31 | 19:31-40 | 16:33-35 | 18:36-37 | 20:40-40
1;2;104;103,828125;0;0;1;12;8;12;5;13;16;9;7;8;17;9;16;29;21;34;31;40;True;40;1;39;1;1:0-0 | 2:0-5 | 3:1-5 | 7:5-8 | 11:7-10 | 12:8-16 | 5:8-10 | 10:9-16 | 14:9-16 | 4:12-16 | 6:12-15 | 8:13-16 | 15:16-21 | 9:16-20 | 13:17-21 | 17:21-31 | 16:29-31 | 19:31-40 | 18:34-35 | 20:40-40
1;2;105;98,528125;0;0;0;7;13;10;5;10;16;9;20;8;16;10;16;31;21;27;31;40;True;40;1;40;1;1:0-0 | 2:0-5 | 3:0-4 | 7:5-8 | 4:7-11 | 12:8-16 | 10:9-16 | 14:10-17 | 6:10-13 | 8:10-13 | 5:13-15 | 13:16-20 | 15:16-21 | 9:16-20 | 11:20-23 | 17:21-31 | 18:27-28 | 16:31-33 | 19:31-40 | 20:40-40
1;2;106;96,928125;0;0;2;6;8;9;5;12;17;15;31;8;14;24;16;28;21;34;31;40;True;40;1;41;1;1:0-0 | 2:0-5 | 3:2-6 | 7:5-8 | 4:6-10 | 12:8-16 | 5:8-10 | 6:9-12 | 8:12-15 | 13:14-18 | 10:15-22 | 15:16-21 | 9:17-21 | 17:21-31 | 14:24-31 | 16:28-30 | 11:31-34 | 19:31-40 | 18:34-35 | 20:40-40
1;2;107;91,178125;0;0;4;12;10;17;5;13;5;8;31;8;16;21;16;37;21;39;31;40;True;40;1;42;1;1:0-0 | 2:0-5 | 3:4-8 | 7:5-8 | 9:5-9 | 10:8-15 | 12:8-16 | 5:10-12 | 4:12-16 | 8:13-16 | 13:16-20 | 15:16-21 | 6:17-20 | 14:21-28 | 17:21-31 | 11:31-34 | 19:31-40 | 16:37-39 | 18:39-40 | 20:40-40
1;2;108;90,978125;0;0;2;8;19;5;5;12;5;17;25;8;14;9;16;19;21;34;31;40;True;40;1;43;1;1:0-0 | 2:0-5 | 3:2-6 | 6:5-8 | 7:5-8 | 9:5-9 | 12:8-16 | 4:8-12 | 14:9-16 | 8:12-15 | 13:14-18 | 15:16-21 | 10:17-24 | 16:19-21 | 5:19-21 | 17:21-31 | 11:25-28 | 19:31-40 | 18:34-35 | 20:40-40
1;2;109;125,278125;0;0;4;12;13;28;5;13;17;13;32;8;16;11;16;16;21;39;31;40;True;40;1;44;1;1:0-0 | 2:0-5 | 3:4-8 | 7:5-8 | 12:8-16 | 14:11-18 | 4:12-16 | 10:13-20 | 5:13-15 | 8:13-16 | 13:16-20 | 15:16-21 | 16:16-18 | 9:17-21 | 17:21-31 | 6:28-31 | 19:31-40 | 11:32-35 | 18:39-40 | 20:40-40
1;2;110;99,528125;0;0;2;10;9;12;5;13;17;15;23;8;17;9;16;29;21;34;31;40;True;40;1;45;1;1:0-0 | 2:0-5 | 3:2-6 | 7:5-8 | 12:8-16 | 14:9-16 | 5:9-11 | 4:10-14 | 6:12-15 | 8:13-16 | 10:15-22 | 15:16-21 | 13:17-21 | 9:17-21 | 17:21-31 | 11:23-26 | 16:29-31 | 19:31-40 | 18:34-35 | 20:40-40
1;2;111;98,528125;0;0;0;7;13;10;5;10;16;9;20;8;16;10;16;31;21;27;31;40;True;40;1;46;1;1:0-0 | 2:0-5 | 3:0-4 | 7:5-8 | 4:7-11 | 12:8-16 | 10:9-16 | 14:10-17 | 6:10-13 | 8:10-13 | 5:13-15 | 13:16-20 | 15:16-21 | 9:16-20 | 11:20-23 | 17:21-31 | 18:27-28 | 16:31-33 | 19:31-40 | 20:40-40
1;2;112;109,728125;0;0;0;1;12;9;5;9;14;10;20;8;17;16;16;25;21;28;31;40;True;40;1;47;1;1:0-0 | 2:0-5 | 3:0-4 | 4:1-5 | 7:5-8 | 12:8-16 | 6:9-12 | 8:9-12 | 10:10-17 | 5:12-14 | 9:14-18 | 14:16-23 | 15:16-21 | 13:17-21 | 11:20-23 | 17:21-31 | 16:25-27 | 18:28-29 | 19:31-40 | 20:40-40
1;2;113;113,678125;0;0;4;10;4;17;5;6;10;18;37;8;17;15;16;32;21;39;31;40;True;40;1;48;1;1:0-0 | 2:0-5 | 3:4-8 | 5:4-6 | 7:5-8 | 8:6-9 | 12:8-16 | 4:10-14 | 9:10-14 | 14:15-22 | 15:16-21 | 13:17-21 | 6:17-20 | 10:18-25 | 17:21-31 | 19:31-40 | 16:32-34 | 11:37-40 | 18:39-40 | 20:40-40
1;2;114;115,728125;0;0;4;12;19;28;5;13;5;7;36;8;11;20;16;16;21;21;31;40;True;40;1;49;1;1:0-0 | 2:0-5 | 3:4-8 | 7:5-8 | 9:5-9 | 10:7-14 | 12:8-16 | 13:11-15 | 4:12-16 | 8:13-16 | 15:16-21 | 16:16-18 | 5:19-21 | 14:20-27 | 17:21-31 | 18:21-22 | 6:28-31 | 19:31-40 | 11:36-39 | 20:40-40
1;2;115;92,628125;0;0;2;9;15;6;5;12;17;8;31;8;14;24;16;28;21;34;31;40;True;40;1;50;1;1:0-0 | 2:0-5 | 3:2-6 | 7:5-8 | 6:6-9 | 10:8-15 | 12:8-16 | 4:9-13 | 8:12-15 | 13:14-18 | 5:15-17 | 15:16-21 | 9:17-21 | 17:21-31 | 14:24-31 | 16:28-30 | 11:31-34 | 19:31-40 | 18:34-35 | 20:40-40
1;2;116;92,628125;0;0;2;9;15;6;5;12;17;8;31;8;14;24;16;28;21;34;31;40;True;40;1;51;1;1:0-0 | 2:0-5 | 3:2-6 | 7:5-8 | 6:6-9 | 10:8-15 | 12:8-16 | 4:9-13 | 8:12-15 | 13:14-18 | 5:15-17 | 15:16-21 | 9:17-21 | 17:21-31 | 14:24-31 | 16:28-30 | 11:31-34 | 19:31-40 | 18:34-35 | 20:40-40
1;2;117;87,328125;0;0;1;10;7;9;5;13;16;14;31;8;14;18;16;35;21;21;31;40;True;40;1;52;1;1:0-0 | 2:0-5 | 3:1-5 | 7:5-8 | 5:7-9 | 12:8-16 | 6:9-12 | 4:10-14 | 8:13-16 | 10:14-21 | 13:14-18 | 15:16-21 | 9:16-20 | 14:18-25 | 17:21-31 | 18:21-22 | 11:31-34 | 19:31-40 | 16:35-37 | 20:40-40
1;2;118;107,928125;0;0;4;10;9;6;5;13;17;9;11;8;17;25;16;37;21;39;31;40;True;40;1;53;1;1:0-0 | 2:0-5 | 3:4-8 | 7:5-8 | 6:6-9 | 12:8-16 | 10:9-16 | 5:9-11 | 4:10-14 | 11:11-14 | 8:13-16 | 15:16-21 | 13:17-21 | 9:17-21 | 17:21-31 | 14:25-32 | 19:31-40 | 16:37-39 | 18:39-40 | 20:40-40
1;2;119;103,328125;0;0;3;9;2;12;5;13;11;8;22;8;16;25;16;36;21;32;31;40;True;40;1;54;1;1:0-0 | 2:0-5 | 5:2-4 | 3:3-7 | 7:5-8 | 10:8-15 | 12:8-16 | 4:9-13 | 9:11-15 | 6:12-15 | 8:13-16 | 13:16-20 | 15:16-21 | 17:21-31 | 11:22-25 | 14:25-32 | 19:31-40 | 18:32-33 | 16:36-38 | 20:40-40
1;2;120;100,878125;0;0;3;12;9;15;5;8;5;14;24;8;16;14;16;26;21;31;31;40;True;40;1;55;1;1:0-0 | 2:0-5 | 3:3-7 | 7:5-8 | 9:5-9 | 12:8-16 | 8:8-11 | 5:9-11 | 4:12-16 | 10:14-21 | 14:14-21 | 6:15-18 | 13:16-20 | 15:16-21 | 17:21-31 | 11:24-27 | 16:26-28 | 18:31-32 | 19:31-40 | 20:40-40
1;2;121;141,578125;0;0;4;12;10;13;5;13;7;24;17;8;15;32;16;16;21;39;31;40;True;40;1;56;1;1:0-0 | 2:0-5 | 3:4-8 | 7:5-8 | 9:7-11 | 12:8-16 | 5:10-12 | 4:12-16 | 6:13-16 | 8:13-16 | 13:15-19 | 15:16-21 | 16:16-18 | 11:17-20 | 17:21-31 | 10:24-31 | 19:31-40 | 14:32-39 | 18:39-40 | 20:40-40
1;2;122;100,228125;0;0;2;7;3;7;5;12;16;21;24;8;17;20;16;28;21;34;31;40;True;40;1;57;1;1:0-0 | 2:0-5 | 3:2-6 | 5:3-5 | 7:5-8 | 4:7-11 | 6:7-10 | 12:8-16 | 8:12-15 | 15:16-21 | 9:16-20 | 13:17-21 | 14:20-27 | 10:21-28 | 17:21-31 | 11:24-27 | 16:28-30 | 19:31-40 | 18:34-35 | 20:40-40
1;2;123;117,928125;0;0;4;6;9;15;5;11;14;5;21;8;16;26;16;33;21;35;31;40;True;40;1;58;1;1:0-0 | 2:0-5 | 3:4-8 | 10:5-12 | 7:5-8 | 4:6-10 | 12:8-16 | 5:9-11 | 8:11-14 | 9:14-18 | 6:15-18 | 13:16-20 | 15:16-21 | 11:21-24 | 17:21-31 | 14:26-33 | 19:31-40 | 16:33-35 | 18:35-36 | 20:40-40
1;2;124;94,528125;0;0;3;9;8;1;5;13;15;13;35;8;17;31;16;33;21;38;31;40;True;40;1;59;1;1:0-0 | 2:0-5 | 6:1-4 | 3:3-7 | 7:5-8 | 12:8-16 | 5:8-10 | 4:9-13 | 10:13-20 | 8:13-16 | 9:15-19 | 15:16-21 | 13:17-21 | 17:21-31 | 14:31-38 | 19:31-40 | 16:33-35 | 11:35-38 | 18:38-39 | 20:40-40
1;2;125;103,078125;0;0;3;7;3;7;5;11;15;21;25;8;17;18;16;30;21;33;31;40;True;40;1;60;1;1:0-0 | 2:0-5 | 3:3-7 | 5:3-5 | 7:5-8 | 4:7-11 | 6:7-10 | 12:8-16 | 8:11-14 | 9:15-19 | 15:16-21 | 13:17-21 | 14:18-25 | 10:21-28 | 17:21-31 | 11:25-28 | 16:30-32 | 19:31-40 | 18:33-34 | 20:40-40
1;2;126;119,278125;0;0;4;12;5;9;5;13;17;18;10;8;17;13;16;31;21;36;31;40;True;40;1;61;1;1:0-0 | 2:0-5 | 3:4-8 | 5:5-7 | 7:5-8 | 12:8-16 | 6:9-12 | 11:10-13 | 4:12-16 | 14:13-20 | 8:13-16 | 15:16-21 | 13:17-21 | 9:17-21 | 10:18-25 | 17:21-31 | 16:31-33 | 19:31-40 | 18:36-37 | 20:40-40
1;2;127;99,828125;0;0;3;12;8;5;5;13;9;9;23;8;16;27;16;33;21;34;31;40;True;40;1;62;1;1:0-0 | 2:0-5 | 3:3-7 | 6:5-8 | 7:5-8 | 12:8-16 | 5:8-10 | 10:9-16 | 9:9-13 | 4:12-16 | 8:13-16 | 13:16-20 | 15:16-21 | 17:21-31 | 11:23-26 | 14:27-34 | 19:31-40 | 16:33-35 | 18:34-35 | 20:40-40
1;2;128;92,278125;0;0;3;9;7;14;5;11;17;8;29;8;13;26;16;32;21;37;31;40;True;40;1;63;1;1:0-0 | 2:0-5 | 3:3-7 | 7:5-8 | 5:7-9 | 10:8-15 | 12:8-16 | 4:9-13 | 8:11-14 | 13:13-17 | 6:14-17 | 15:16-21 | 9:17-21 | 17:21-31 | 14:26-33 | 11:29-32 | 19:31-40 | 16:32-34 | 18:37-38 | 20:40-40
1;2;129;98,828125;0;0;4;10;8;17;5;13;10;8;22;8;17;26;16;38;21;33;31;40;True;40;2;0;2;1:0-0 | 2:0-5 | 3:4-8 | 7:5-8 | 10:8-15 | 12:8-16 | 5:8-10 | 4:10-14 | 9:10-14 | 8:13-16 | 15:16-21 | 13:17-21 | 6:17-20 | 17:21-31 | 11:22-25 | 14:26-33 | 19:31-40 | 18:33-34 | 16:38-40 | 20:40-40
1;2;130;115,328125;0;0;4;11;12;17;5;13;15;7;22;8;17;31;16;33;21;35;31;40;True;40;2;1;2;1:0-0 | 2:0-5 | 3:4-8 | 7:5-8 | 10:7-14 | 12:8-16 | 4:11-15 | 5:12-14 | 8:13-16 | 9:15-19 | 15:16-21 | 13:17-21 | 6:17-20 | 17:21-31 | 11:22-25 | 14:31-38 | 19:31-40 | 16:33-35 | 18:35-36 | 20:40-40
1;2;131;113,878125;0;0;4;8;14;12;5;13;11;11;27;8;17;24;16;31;21;38;31;40;True;40;2;2;2;1:0-0 | 2:0-5 | 3:4-8 | 7:5-8 | 12:8-16 | 4:8-12 | 10:11-18 | 9:11-15 | 6:12-15 | 8:13-16 | 5:14-16 | 15:16-21 | 13:17-21 | 17:21-31 | 14:24-31 | 11:27-30 | 16:31-33 | 19:31-40 | 18:38-39 | 20:40-40
1;2;132;105,928125;0;0;4;12;15;6;5;9;16;22;9;8;17;26;16;38;21;39;31;40;True;40;2;3;2;1:0-0 | 2:0-5 | 3:4-8 | 7:5-8 | 6:6-9 | 12:8-16 | 11:9-12 | 8:9-12 | 4:12-16 | 5:15-17 | 15:16-21 | 9:16-20 | 13:17-21 | 17:21-31 | 10:22-29 | 14:26-33 | 19:31-40 | 16:38-40 | 18:39-40 | 20:40-40
1;2;133;124,778125;0;0;4;10;16;9;5;13;16;9;14;8;17;22;16;34;21;38;31;40;True;40;2;4;2;1:0-0 | 2:0-5 | 3:4-8 | 7:5-8 | 12:8-16 | 10:9-16 | 6:9-12 | 4:10-14 | 8:13-16 | 11:14-17 | 15:16-21 | 5:16-18 | 9:16-20 | 13:17-21 | 17:21-31 | 14:22-29 | 19:31-40 | 16:34-36 | 18:38-39 | 20:40-40
1;2;134;101,228125;0;0;4;9;15;5;5;13;16;6;10;8;17;21;16;33;21;39;31;40;True;40;2;5;2;1:0-0 | 2:0-5 | 3:4-8 | 6:5-8 | 7:5-8 | 10:6-13 | 12:8-16 | 4:9-13 | 11:10-13 | 8:13-16 | 5:15-17 | 15:16-21 | 9:16-20 | 13:17-21 | 14:21-28 | 17:21-31 | 19:31-40 | 16:33-35 | 18:39-40 | 20:40-40
1;2;135;98,828125;0;0;4;10;8;17;5;13;10;8;22;8;17;26;16;38;21;33;31;40;True;40;2;6;2;1:0-0 | 2:0-5 | 3:4-8 | 7:5-8 | 10:8-15 | 12:8-16 | 5:8-10 | 4:10-14 | 9:10-14 | 8:13-16 | 15:16-21 | 13:17-21 | 6:17-20 | 17:21-31 | 11:22-25 | 14:26-33 | 19:31-40 | 18:33-34 | 16:38-40 | 20:40-40
1;2;136;114,028125;0;0;4;12;11;14;5;13;17;5;27;8;15;30;16;37;21;35;31;40;True;40;2;7;2;1:0-0 | 2:0-5 | 3:4-8 | 10:5-12 | 7:5-8 | 12:8-16 | 5:11-13 | 4:12-16 | 8:13-16 | 6:14-17 | 13:15-19 | 15:16-21 | 9:17-21 | 17:21-31 | 11:27-30 | 14:30-37 | 19:31-40 | 18:35-36 | 16:37-39 | 20:40-40
1;2;137;103,528125;0;0;4;12;8;5;5;12;9;10;27;8;17;31;16;38;21;39;31;40;True;40;2;8;2;1:0-0 | 2:0-5 | 3:4-8 | 6:5-8 | 7:5-8 | 12:8-16 | 5:8-10 | 9:9-13 | 10:10-17 | 4:12-16 | 8:12-15 | 15:16-21 | 13:17-21 | 17:21-31 | 11:27-30 | 14:31-38 | 19:31-40 | 16:38-40 | 18:39-40 | 20:40-40
1;2;138;128,828125;0;0;4;12;18;16;5;13;17;5;22;8;17;33;16;26;21;39;31;40;True;40;2;9;2;1:0-0 | 2:0-5 | 3:4-8 | 10:5-12 | 7:5-8 | 12:8-16 | 4:12-16 | 8:13-16 | 15:16-21 | 6:16-19 | 13:17-21 | 9:17-21 | 5:18-20 | 17:21-31 | 11:22-25 | 16:26-28 | 19:31-40 | 14:33-40 | 18:39-40 | 20:40-40
1;2;139;110,628125;0;0;4;11;14;5;5;12;12;8;28;8;17;28;16;34;21;39;31;40;True;40;2;10;2;1:0-0 | 2:0-5 | 3:4-8 | 6:5-8 | 7:5-8 | 10:8-15 | 12:8-16 | 4:11-15 | 8:12-15 | 9:12-16 | 5:14-16 | 15:16-21 | 13:17-21 | 17:21-31 | 11:28-31 | 14:28-35 | 19:31-40 | 16:34-36 | 18:39-40 | 20:40-40
1;2;140;107,378125;0;0;4;12;16;6;5;13;17;5;31;8;17;26;16;21;21;39;31;40;True;40;2;11;2;1:0-0 | 2:0-5 | 3:4-8 | 10:5-12 | 7:5-8 | 6:6-9 | 12:8-16 | 4:12-16 | 8:13-16 | 15:16-21 | 5:16-18 | 13:17-21 | 9:17-21 | 16:21-23 | 17:21-31 | 14:26-33 | 11:31-34 | 19:31-40 | 18:39-40 | 20:40-40
1;2;141;121,978125;0;0;4;12;7;0;5;13;17;9;23;8;17;33;16;28;21;39;31;40;True;40;2;12;2;1:0-0 | 2:0-5 | 6:0-3 | 3:4-8 | 7:5-8 | 5:7-9 | 12:8-16 | 10:9-16 | 4:12-16 | 8:13-16 | 15:16-21 | 13:17-21 | 9:17-21 | 17:21-31 | 11:23-26 | 16:28-30 | 19:31-40 | 14:33-40 | 18:39-40 | 20:40-40
1;2;142;119,828125;0;0;2;12;19;9;5;11;6;7;5;8;17;14;16;35;21;39;31;40;True;40;2;13;2;1:0-0 | 2:0-5 | 3:2-6 | 11:5-8 | 7:5-8 | 9:6-10 | 10:7-14 | 12:8-16 | 6:9-12 | 8:11-14 | 4:12-16 | 14:14-21 | 15:16-21 | 13:17-21 | 5:19-21 | 17:21-31 | 19:31-40 | 16:35-37 | 18:39-40 | 20:40-40
1;2;143;106,728125;0;0;4;12;16;15;5;9;12;12;30;8;17;21;16;34;21;37;31;40;True;40;2;14;2;1:0-0 | 2:0-5 | 3:4-8 | 7:5-8 | 12:8-16 | 8:9-12 | 10:12-19 | 4:12-16 | 9:12-16 | 6:15-18 | 15:16-21 | 5:16-18 | 13:17-21 | 14:21-28 | 17:21-31 | 11:30-33 | 19:31-40 | 16:34-36 | 18:37-38 | 20:40-40
1;2;144;105,428125;0;0;4;9;14;11;5;13;16;8;27;8;16;27;16;33;21;37;31;40;True;40;2;15;2;1:0-0 | 2:0-5 | 3:4-8 | 7:5-8 | 10:8-15 | 12:8-16 | 4:9-13 | 6:11-14 | 8:13-16 | 5:14-16 | 13:16-20 | 15:16-21 | 9:16-20 | 17:21-31 | 11:27-30 | 14:27-34 | 19:31-40 | 16:33-35 | 18:37-38 | 20:40-40
1;2;145;112,478125;0;0;4;9;13;13;5;13;14;14;23;8;17;24;16;37;21;34;31;40;True;40;2;16;2;1:0-0 | 2:0-5 | 3:4-8 | 7:5-8 | 12:8-16 | 4:9-13 | 5:13-15 | 6:13-16 | 8:13-16 | 10:14-21 | 9:14-18 | 15:16-21 | 13:17-21 | 17:21-31 | 11:23-26 | 14:24-31 | 19:31-40 | 18:34-35 | 16:37-39 | 20:40-40
1;2;146;108,878125;0;0;4;11;9;13;5;13;14;8;24;8;17;29;16;36;21;36;31;40;True;40;2;17;2;1:0-0 | 2:0-5 | 3:4-8 | 7:5-8 | 10:8-15 | 12:8-16 | 5:9-11 | 4:11-15 | 6:13-16 | 8:13-16 | 9:14-18 | 15:16-21 | 13:17-21 | 17:21-31 | 11:24-27 | 14:29-36 | 19:31-40 | 16:36-38 | 18:36-37 | 20:40-40
1;2;147;106,428125;0;0;4;9;9;15;5;13;12;13;23;8;17;23;16;34;21;36;31;40;True;40;2;18;2;1:0-0 | 2:0-5 | 3:4-8 | 7:5-8 | 12:8-16 | 4:9-13 | 5:9-11 | 9:12-16 | 10:13-20 | 8:13-16 | 6:15-18 | 15:16-21 | 13:17-21 | 17:21-31 | 11:23-26 | 14:23-30 | 19:31-40 | 16:34-36 | 18:36-37 | 20:40-40
1;2;148;111,228125;0;0;4;10;8;10;5;13;8;24;22;8;17;26;16;17;21;33;31;40;True;40;2;19;2;1:0-0 | 2:0-5 | 3:4-8 | 7:5-8 | 12:8-16 | 5:8-10 | 9:8-12 | 4:10-14 | 6:10-13 | 8:13-16 | 15:16-21 | 13:17-21 | 16:17-19 | 17:21-31 | 11:22-25 | 10:24-31 | 14:26-33 | 19:31-40 | 18:33-34 | 20:40-40
1;2;149;120,228125;0;0;4;12;14;6;5;13;13;7;27;8;17;27;16;35;21;37;31;40;True;40;2;20;2;1:0-0 | 2:0-5 | 3:4-8 | 7:5-8 | 6:6-9 | 10:7-14 | 12:8-16 | 4:12-16 | 8:13-16 | 9:13-17 | 5:14-16 | 15:16-21 | 13:17-21 | 17:21-31 | 11:27-30 | 14:27-34 | 19:31-40 | 16:35-37 | 18:37-38 | 20:40-40
1;2;150;122,428125;0;0;4;12;13;9;5;13;17;11;25;8;16;24;16;37;21;36;31;40;True;40;2;21;2;1:0-0 | 2:0-5 | 3:4-8 | 7:5-8 | 12:8-16 | 6:9-12 | 10:11-18 | 4:12-16 | 5:13-15 | 8:13-16 | 13:16-20 | 15:16-21 | 9:17-21 | 17:21-31 | 14:24-31 | 11:25-28 | 19:31-40 | 18:36-37 | 16:37-39 | 20:40-40
1;2;151;113,328125;0;0;4;11;8;10;5;13;13;14;23;8;14;30;16;32;21;35;31;40;True;40;2;22;2;1:0-0 | 2:0-5 | 3:4-8 | 7:5-8 | 12:8-16 | 5:8-10 | 6:10-13 | 4:11-15 | 8:13-16 | 9:13-17 | 10:14-21 | 13:14-18 | 15:16-21 | 17:21-31 | 11:23-26 | 14:30-37 | 19:31-40 | 16:32-34 | 18:35-36 | 20:40-40
1;2;152;118,178125;0;0;4;9;11;9;5;13;12;7;14;8;17;24;16;36;21;36;31;40;True;40;2;23;2;1:0-0 | 2:0-5 | 3:4-8 | 7:5-8 | 10:7-14 | 12:8-16 | 4:9-13 | 6:9-12 | 5:11-13 | 9:12-16 | 8:13-16 | 11:14-17 | 15:16-21 | 13:17-21 | 17:21-31 | 14:24-31 | 19:31-40 | 16:36-38 | 18:36-37 | 20:40-40
1;2;153;126,478125;0;0;4;12;19;8;5;13;17;16;37;8;17;33;16;38;21;39;31;40;True;40;2;24;2;1:0-0 | 2:0-5 | 3:4-8 | 7:5-8 | 12:8-16 | 6:8-11 | 4:12-16 | 8:13-16 | 10:16-23 | 15:16-21 | 13:17-21 | 9:17-21 | 5:19-21 | 17:21-31 | 19:31-40 | 14:33-40 | 11:37-40 | 16:38-40 | 18:39-40 | 20:40-40
1;2;154;108,028125;0;0;4;10;8;17;5;13;10;17;22;8;8;26;16;38;21;33;31;40;True;40;2;25;2;1:0-0 | 2:0-5 | 3:4-8 | 7:5-8 | 12:8-16 | 13:8-12 | 5:8-10 | 4:10-14 | 9:10-14 | 8:13-16 | 15:16-21 | 10:17-24 | 6:17-20 | 17:21-31 | 11:22-25 | 14:26-33 | 19:31-40 | 18:33-34 | 16:38-40 | 20:40-40
1;2;155;95,778125;0;0;0;8;13;7;5;12;11;9;20;8;15;16;16;31;21;36;31;40;True;40;2;26;2;1:0-0 | 2:0-5 | 3:0-4 | 7:5-8 | 6:7-10 | 12:8-16 | 4:8-12 | 10:9-16 | 9:11-15 | 8:12-15 | 5:13-15 | 13:15-19 | 14:16-23 | 15:16-21 | 11:20-23 | 17:21-31 | 16:31-33 | 19:31-40 | 18:36-37 | 20:40-40
1;2;156;112,628125;0;0;4;10;14;15;5;13;12;10;23;8;17;25;16;37;21;35;31;40;True;40;2;27;2;1:0-0 | 2:0-5 | 3:4-8 | 7:5-8 | 12:8-16 | 10:10-17 | 4:10-14 | 9:12-16 | 8:13-16 | 5:14-16 | 6:15-18 | 15:16-21 | 13:17-21 | 17:21-31 | 11:23-26 | 14:25-32 | 19:31-40 | 18:35-36 | 16:37-39 | 20:40-40
1;2;157;123,878125;0;0;4;12;19;2;5;11;7;6;9;8;17;14;16;35;21;39;31;40;True;40;2;28;2;1:0-0 | 2:0-5 | 6:2-5 | 3:4-8 | 7:5-8 | 10:6-13 | 9:7-11 | 12:8-16 | 11:9-12 | 8:11-14 | 4:12-16 | 14:14-21 | 15:16-21 | 13:17-21 | 5:19-21 | 17:21-31 | 19:31-40 | 16:35-37 | 18:39-40 | 20:40-40
1;2;158;116,278125;0;0;4;9;19;8;5;13;12;24;9;8;15;16;16;29;21;39;31;40;True;40;2;29;2;1:0-0 | 2:0-5 | 3:4-8 | 7:5-8 | 12:8-16 | 6:8-11 | 11:9-12 | 4:9-13 | 9:12-16 | 8:13-16 | 13:15-19 | 14:16-23 | 15:16-21 | 5:19-21 | 17:21-31 | 10:24-31 | 16:29-31 | 19:31-40 | 18:39-40 | 20:40-40
1;2;159;122,978125;0;0;4;12;11;9;5;12;11;12;26;8;16;31;16;38;21;38;31;40;True;40;2;30;2;1:0-0 | 2:0-5 | 3:4-8 | 7:5-8 | 12:8-16 | 6:9-12 | 5:11-13 | 9:11-15 | 10:12-19 | 4:12-16 | 8:12-15 | 13:16-20 | 15:16-21 | 17:21-31 | 11:26-29 | 14:31-38 | 19:31-40 | 16:38-40 | 18:38-39 | 20:40-40
1;2;160;116,978125;0;0;4;12;13;9;5;13;7;21;31;8;17;9;16;34;21;39;31;40;True;40;2;31;2;1:0-0 | 2:0-5 | 3:4-8 | 7:5-8 | 9:7-11 | 12:8-16 | 14:9-16 | 6:9-12 | 4:12-16 | 5:13-15 | 8:13-16 | 15:16-21 | 13:17-21 | 10:21-28 | 17:21-31 | 11:31-34 | 19:31-40 | 16:34-36 | 18:39-40 | 20:40-40
1;2;161;111,628125;0;0;4;12;8;9;5;13;11;9;25;8;17;27;16;38;21;37;31;40;True;40;2;32;2;1:0-0 | 2:0-5 | 3:4-8 | 7:5-8 | 12:8-16 | 5:8-10 | 10:9-16 | 6:9-12 | 9:11-15 | 4:12-16 | 8:13-16 | 15:16-21 | 13:17-21 | 17:21-31 | 11:25-28 | 14:27-34 | 19:31-40 | 18:37-38 | 16:38-40 | 20:40-40
1;2;162;101,178125;0;0;4;9;7;18;5;13;14;8;26;8;17;21;16;35;21;32;31;40;True;40;2;33;2;1:0-0 | 2:0-5 | 3:4-8 | 7:5-8 | 5:7-9 | 10:8-15 | 12:8-16 | 4:9-13 | 8:13-16 | 9:14-18 | 15:16-21 | 13:17-21 | 6:18-21 | 14:21-28 | 17:21-31 | 11:26-29 | 19:31-40 | 18:32-33 | 16:35-37 | 20:40-40
1;2;163;104,928125;0;0;4;8;12;7;5;13;16;11;27;8;17;24;16;27;21;38;31;40;True;40;2;34;2;1:0-0 | 2:0-5 | 3:4-8 | 7:5-8 | 6:7-10 | 12:8-16 | 4:8-12 | 10:11-18 | 5:12-14 | 8:13-16 | 15:16-21 | 9:16-20 | 13:17-21 | 17:21-31 | 14:24-31 | 11:27-30 | 16:27-29 | 19:31-40 | 18:38-39 | 20:40-40
1;2;164;113,928125;0;0;4;10;14;12;5;13;14;8;26;8;16;22;16;31;21;37;31;40;True;40;2;35;2;1:0-0 | 2:0-5 | 3:4-8 | 7:5-8 | 10:8-15 | 12:8-16 | 4:10-14 | 6:12-15 | 8:13-16 | 5:14-16 | 9:14-18 | 13:16-20 | 15:16-21 | 17:21-31 | 14:22-29 | 11:26-29 | 16:31-33 | 19:31-40 | 18:37-38 | 20:40-40
1;2;165;124,578125;0;0;4;12;19;4;5;10;17;5;11;8;17;33;16;38;21;36;31;40;True;40;2;36;2;1:0-0 | 2:0-5 | 3:4-8 | 6:4-7 | 10:5-12 | 7:5-8 | 12:8-16 | 8:10-13 | 11:11-14 | 4:12-16 | 15:16-21 | 13:17-21 | 9:17-21 | 5:19-21 | 17:21-31 | 19:31-40 | 14:33-40 | 18:36-37 | 16:38-40 | 20:40-40
1;2;166;98,828125;0;0;4;10;8;17;5;13;10;8;22;8;17;26;16;38;21;33;31;40;True;40;2;37;2;1:0-0 | 2:0-5 | 3:4-8 | 7:5-8 | 10:8-15 | 12:8-16 | 5:8-10 | 4:10-14 | 9:10-14 | 8:13-16 | 15:16-21 | 13:17-21 | 6:17-20 | 17:21-31 | 11:22-25 | 14:26-33 | 19:31-40 | 18:33-34 | 16:38-40 | 20:40-40
1;2;167;124,078125;0;0;4;11;13;13;5;13;17;11;26;8;16;26;16;35;21;36;31;40;True;40;2;38;2;1:0-0 | 2:0-5 | 3:4-8 | 7:5-8 | 12:8-16 | 10:11-18 | 4:11-15 | 5:13-15 | 6:13-16 | 8:13-16 | 13:16-20 | 15:16-21 | 9:17-21 | 17:21-31 | 11:26-29 | 14:26-33 | 19:31-40 | 16:35-37 | 18:36-37 | 20:40-40
1;2;168;117,228125;0;0;4;8;19;3;5;13;17;16;25;8;17;20;16;31;21;39;31;40;True;40;2;39;2;1:0-0 | 2:0-5 | 6:3-6 | 3:4-8 | 7:5-8 | 12:8-16 | 4:8-12 | 8:13-16 | 10:16-23 | 15:16-21 | 13:17-21 | 9:17-21 | 5:19-21 | 14:20-27 | 17:21-31 | 11:25-28 | 16:31-33 | 19:31-40 | 18:39-40 | 20:40-40
1;2;169;116,528125;0;0;4;9;8;14;5;12;8;14;26;8;11;28;16;38;21;35;31;40;True;40;2;40;2;1:0-0 | 2:0-5 | 3:4-8 | 7:5-8 | 12:8-16 | 5:8-10 | 9:8-12 | 4:9-13 | 13:11-15 | 8:12-15 | 10:14-21 | 6:14-17 | 15:16-21 | 17:21-31 | 11:26-29 | 14:28-35 | 19:31-40 | 18:35-36 | 16:38-40 | 20:40-40
1;2;170;103,878125;0;0;4;10;8;14;5;13;9;15;22;8;17;31;16;26;21;33;31;40;True;40;2;41;2;1:0-0 | 2:0-5 | 3:4-8 | 7:5-8 | 12:8-16 | 5:8-10 | 9:9-13 | 4:10-14 | 8:13-16 | 6:14-17 | 10:15-22 | 15:16-21 | 13:17-21 | 17:21-31 | 11:22-25 | 16:26-28 | 14:31-38 | 19:31-40 | 18:33-34 | 20:40-40
1;2;171;125,728125;0;0;4;12;3;28;5;13;14;14;26;8;17;17;16;27;21;32;31;40;True;40;2;42;2;1:0-0 | 2:0-5 | 5:3-5 | 3:4-8 | 7:5-8 | 12:8-16 | 4:12-16 | 8:13-16 | 10:14-21 | 9:14-18 | 15:16-21 | 13:17-21 | 14:17-24 | 17:21-31 | 11:26-29 | 16:27-29 | 6:28-31 | 19:31-40 | 18:32-33 | 20:40-40
1;2;172;112,978125;0;0;4;7;4;18;5;13;10;8;23;8;17;14;16;38;21;31;31;40;True;40;2;43;2;1:0-0 | 2:0-5 | 3:4-8 | 5:4-6 | 7:5-8 | 4:7-11 | 10:8-15 | 12:8-16 | 9:10-14 | 8:13-16 | 14:14-21 | 15:16-21 | 13:17-21 | 6:18-21 | 17:21-31 | 11:23-26 | 18:31-32 | 19:31-40 | 16:38-40 | 20:40-40
1;2;173;107,178125;0;0;4;11;8;7;5;13;9;14;29;8;16;31;16;24;21;37;31;40;True;40;2;44;2;1:0-0 | 2:0-5 | 3:4-8 | 7:5-8 | 6:7-10 | 12:8-16 | 5:8-10 | 9:9-13 | 4:11-15 | 8:13-16 | 10:14-21 | 13:16-20 | 15:16-21 | 17:21-31 | 16:24-26 | 11:29-32 | 14:31-38 | 19:31-40 | 18:37-38 | 20:40-40
1;2;174;117,978125;0;0;4;12;15;12;5;13;16;12;21;8;17;22;16;36;21;39;31;40;True;40;2;45;2;1:0-0 | 2:0-5 | 3:4-8 | 7:5-8 | 12:8-16 | 10:12-19 | 4:12-16 | 6:12-15 | 8:13-16 | 5:15-17 | 15:16-21 | 9:16-20 | 13:17-21 | 11:21-24 | 17:21-31 | 14:22-29 | 19:31-40 | 16:36-38 | 18:39-40 | 20:40-40
1;2;175;104,828125;0;0;4;11;10;12;5;13;13;6;31;8;17;26;16;26;21;36;31;40;True;40;2;46;2;1:0-0 | 2:0-5 | 3:4-8 | 7:5-8 | 10:6-13 | 12:8-16 | 5:10-12 | 4:11-15 | 6:12-15 | 8:13-16 | 9:13-17 | 15:16-21 | 13:17-21 | 17:21-31 | 14:26-33 | 16:26-28 | 11:31-34 | 19:31-40 | 18:36-37 | 20:40-40
1;2;176;100,528125;0;0;4;9;19;8;5;13;12;9;31;8;15;16;16;29;21;39;31;40;True;40;2;47;2;1:0-0 | 2:0-5 | 3:4-8 | 7:5-8 | 12:8-16 | 6:8-11 | 10:9-16 | 4:9-13 | 9:12-16 | 8:13-16 | 13:15-19 | 14:16-23 | 15:16-21 | 5:19-21 | 17:21-31 | 16:29-31 | 11:31-34 | 19:31-40 | 18:39-40 | 20:40-40
1;2;177;110,028125;0;0;4;9;19;8;5;13;17;24;29;8;15;16;16;16;21;21;31;40;True;40;2;48;2;1:0-0 | 2:0-5 | 3:4-8 | 7:5-8 | 12:8-16 | 6:8-11 | 4:9-13 | 8:13-16 | 13:15-19 | 14:16-23 | 15:16-21 | 16:16-18 | 9:17-21 | 5:19-21 | 17:21-31 | 18:21-22 | 10:24-31 | 11:29-32 | 19:31-40 | 20:40-40
1;2;178;119,628125;0;0;4;9;19;7;5;12;11;5;14;8;17;33;16;34;21;32;31;40;True;40;2;49;2;1:0-0 | 2:0-5 | 3:4-8 | 10:5-12 | 7:5-8 | 6:7-10 | 12:8-16 | 4:9-13 | 9:11-15 | 8:12-15 | 11:14-17 | 15:16-21 | 13:17-21 | 5:19-21 | 17:21-31 | 19:31-40 | 18:32-33 | 14:33-40 | 16:34-36 | 20:40-40
1;2;179;88,428125;0;0;2;9;6;15;5;12;17;8;31;8;14;24;16;28;21;34;31;40;True;40;2;50;2;1:0-0 | 2:0-5 | 3:2-6 | 7:5-8 | 5:6-8 | 10:8-15 | 12:8-16 | 4:9-13 | 8:12-15 | 13:14-18 | 6:15-18 | 15:16-21 | 9:17-21 | 17:21-31 | 14:24-31 | 16:28-30 | 11:31-34 | 19:31-40 | 18:34-35 | 20:40-40
1;2;180;92,628125;0;0;2;9;15;6;5;12;17;8;31;8;14;24;16;28;21;34;31;40;True;40;2;51;2;1:0-0 | 2:0-5 | 3:2-6 | 7:5-8 | 6:6-9 | 10:8-15 | 12:8-16 | 4:9-13 | 8:12-15 | 13:14-18 | 5:15-17 | 15:16-21 | 9:17-21 | 17:21-31 | 14:24-31 | 16:28-30 | 11:31-34 | 19:31-40 | 18:34-35 | 20:40-40
1;2;181;124,028125;0;0;4;12;12;21;5;13;16;6;25;8;17;28;16;36;21;39;31;40;True;40;2;52;2;1:0-0 | 2:0-5 | 3:4-8 | 7:5-8 | 10:6-13 | 12:8-16 | 4:12-16 | 5:12-14 | 8:13-16 | 15:16-21 | 9:16-20 | 13:17-21 | 17:21-31 | 6:21-24 | 11:25-28 | 14:28-35 | 19:31-40 | 16:36-38 | 18:39-40 | 20:40-40
1;2;182;118,428125;0;0;4;12;19;11;5;13;17;13;24;8;15;30;16;38;21;37;31;40;True;40;2;53;2;1:0-0 | 2:0-5 | 3:4-8 | 7:5-8 | 12:8-16 | 6:11-14 | 4:12-16 | 10:13-20 | 8:13-16 | 13:15-19 | 15:16-21 | 9:17-21 | 5:19-21 | 17:21-31 | 11:24-27 | 14:30-37 | 19:31-40 | 18:37-38 | 16:38-40 | 20:40-40
1;2;183;105,728125;0;0;4;9;12;9;5;13;14;10;24;8;17;22;16;34;21;37;31;40;True;40;2;54;2;1:0-0 | 2:0-5 | 3:4-8 | 7:5-8 | 12:8-16 | 4:9-13 | 6:9-12 | 10:10-17 | 5:12-14 | 8:13-16 | 9:14-18 | 15:16-21 | 13:17-21 | 17:21-31 | 14:22-29 | 11:24-27 | 19:31-40 | 16:34-36 | 18:37-38 | 20:40-40
1;2;184;103,528125;0;0;4;12;8;5;5;12;9;10;27;8;17;31;16;38;21;39;31;40;True;40;2;55;2;1:0-0 | 2:0-5 | 3:4-8 | 6:5-8 | 7:5-8 | 12:8-16 | 5:8-10 | 9:9-13 | 10:10-17 | 4:12-16 | 8:12-15 | 15:16-21 | 13:17-21 | 17:21-31 | 11:27-30 | 14:31-38 | 19:31-40 | 16:38-40 | 18:39-40 | 20:40-40
1;2;185;103,878125;0;0;4;9;15;4;5;13;12;14;27;8;17;26;16;36;21;39;31;40;True;40;2;56;2;1:0-0 | 2:0-5 | 3:4-8 | 6:4-7 | 7:5-8 | 12:8-16 | 4:9-13 | 9:12-16 | 8:13-16 | 10:14-21 | 5:15-17 | 15:16-21 | 13:17-21 | 17:21-31 | 14:26-33 | 11:27-30 | 19:31-40 | 16:36-38 | 18:39-40 | 20:40-40
1;2;186;106,228125;0;0;4;11;10;16;5;13;12;7;24;8;16;29;16;38;21;34;31;40;True;40;2;57;2;1:0-0 | 2:0-5 | 3:4-8 | 7:5-8 | 10:7-14 | 12:8-16 | 5:10-12 | 4:11-15 | 9:12-16 | 8:13-16 | 13:16-20 | 15:16-21 | 6:16-19 | 17:21-31 | 11:24-27 | 14:29-36 | 19:31-40 | 18:34-35 | 16:38-40 | 20:40-40
1;2;187;133,178125;0;0;4;12;19;2;5;13;17;22;28;8;17;16;16;34;21;34;31;40;True;40;2;58;2;1:0-0 | 2:0-5 | 6:2-5 | 3:4-8 | 7:5-8 | 12:8-16 | 4:12-16 | 8:13-16 | 14:16-23 | 15:16-21 | 13:17-21 | 9:17-21 | 5:19-21 | 17:21-31 | 10:22-29 | 11:28-31 | 19:31-40 | 16:34-36 | 18:34-35 | 20:40-40
1;2;188;104,428125;0;0;4;10;5;7;5;13;11;12;32;8;17;16;16;37;21;39;31;40;True;40;2;59;2;1:0-0 | 2:0-5 | 3:4-8 | 5:5-7 | 7:5-8 | 6:7-10 | 12:8-16 | 4:10-14 | 9:11-15 | 10:12-19 | 8:13-16 | 14:16-23 | 15:16-21 | 13:17-21 | 17:21-31 | 19:31-40 | 11:32-35 | 16:37-39 | 18:39-40 | 20:40-40
1;2;189;102,128125;0;0;4;11;9;16;5;13;11;7;25;8;17;26;16;32;21;34;31;40;True;40;2;60;2;1:0-0 | 2:0-5 | 3:4-8 | 7:5-8 | 10:7-14 | 12:8-16 | 5:9-11 | 4:11-15 | 9:11-15 | 8:13-16 | 15:16-21 | 6:16-19 | 13:17-21 | 17:21-31 | 11:25-28 | 14:26-33 | 19:31-40 | 16:32-34 | 18:34-35 | 20:40-40
1;2;190;106,978125;0;0;4;12;8;6;5;12;10;10;26;8;17;28;16;38;21;38;31;40;True;40;2;61;2;1:0-0 | 2:0-5 | 3:4-8 | 7:5-8 | 6:6-9 | 12:8-16 | 5:8-10 | 10:10-17 | 9:10-14 | 4:12-16 | 8:12-15 | 15:16-21 | 13:17-21 | 17:21-31 | 11:26-29 | 14:28-35 | 19:31-40 | 16:38-40 | 18:38-39 | 20:40-40
1;2;191;112,078125;0;0;4;12;13;5;5;11;13;16;21;8;17;29;16;38;21;39;31;40;True;40;2;62;2;1:0-0 | 2:0-5 | 3:4-8 | 6:5-8 | 7:5-8 | 12:8-16 | 8:11-14 | 4:12-16 | 5:13-15 | 9:13-17 | 10:16-23 | 15:16-21 | 13:17-21 | 11:21-24 | 17:21-31 | 14:29-36 | 19:31-40 | 16:38-40 | 18:39-40 | 20:40-40
1;2;192;108,328125;0;0;4;12;19;18;5;9;14;8;30;8;17;32;16;35;21;34;31;40;True;40;2;63;2;1:0-0 | 2:0-5 | 3:4-8 | 7:5-8 | 10:8-15 | 12:8-16 | 8:9-12 | 4:12-16 | 9:14-18 | 15:16-21 | 13:17-21 | 6:18-21 | 5:19-21 | 17:21-31 | 11:30-33 | 19:31-40 | 14:32-39 | 18:34-35 | 16:35-37 | 20:40-40
1;2;193;103,428125;0;0;2;12;7;28;5;13;17;16;32;8;17;8;16;34;21;21;31;40;True;40;3;0;3;1:0-0 | 2:0-5 | 3:2-6 | 7:5-8 | 5:7-9 | 12:8-16 | 14:8-15 | 4:12-16 | 8:13-16 | 10:16-23 | 15:16-21 | 13:17-21 | 9:17-21 | 17:21-31 | 18:21-22 | 6:28-31 | 19:31-40 | 11:32-35 | 16:34-36 | 20:40-40
1;2;194;110,078125;0;0;4;12;11;2;5;13;14;5;31;8;17;13;16;38;21;39;31;40;True;40;3;1;3;1:0-0 | 2:0-5 | 6:2-5 | 3:4-8 | 10:5-12 | 7:5-8 | 12:8-16 | 5:11-13 | 4:12-16 | 14:13-20 | 8:13-16 | 9:14-18 | 15:16-21 | 13:17-21 | 17:21-31 | 11:31-34 | 19:31-40 | 16:38-40 | 18:39-40 | 20:40-40
1;2;195;115,028125;0;0;4;12;19;7;5;11;17;9;36;8;17;33;16;36;21;39;31;40;True;40;3;2;3;1:0-0 | 2:0-5 | 3:4-8 | 7:5-8 | 6:7-10 | 12:8-16 | 10:9-16 | 8:11-14 | 4:12-16 | 15:16-21 | 13:17-21 | 9:17-21 | 5:19-21 | 17:21-31 | 19:31-40 | 14:33-40 | 11:36-39 | 16:36-38 | 18:39-40 | 20:40-40
1;2;196;113,828125;0;0;4;12;10;20;5;13;12;14;21;8;17;31;16;32;21;39;31;40;True;40;3;3;3;1:0-0 | 2:0-5 | 3:4-8 | 7:5-8 | 12:8-16 | 5:10-12 | 4:12-16 | 9:12-16 | 8:13-16 | 10:14-21 | 15:16-21 | 13:17-21 | 6:20-23 | 11:21-24 | 17:21-31 | 14:31-38 | 19:31-40 | 16:32-34 | 18:39-40 | 20:40-40
1;2;197;120,278125;0;0;4;12;14;5;5;13;8;11;7;8;17;22;16;38;21;39;31;40;True;40;3;4;3;1:0-0 | 2:0-5 | 3:4-8 | 6:5-8 | 7:5-8 | 11:7-10 | 12:8-16 | 9:8-12 | 10:11-18 | 4:12-16 | 8:13-16 | 5:14-16 | 15:16-21 | 13:17-21 | 17:21-31 | 14:22-29 | 19:31-40 | 16:38-40 | 18:39-40 | 20:40-40
1;2;198;106,728125;0;0;4;8;4;16;5;12;8;8;13;8;17;27;16;33;21;39;31;40;True;40;3;5;3;1:0-0 | 2:0-5 | 3:4-8 | 5:4-6 | 7:5-8 | 10:8-15 | 12:8-16 | 4:8-12 | 9:8-12 | 8:12-15 | 11:13-16 | 15:16-21 | 6:16-19 | 13:17-21 | 17:21-31 | 14:27-34 | 19:31-40 | 16:33-35 | 18:39-40 | 20:40-40
1;2;199;92,678125;0;0;2;12;7;4;5;13;17;16;32;8;17;18;16;34;21;39;31;40;True;40;3;6;3;1:0-0 | 2:0-5 | 3:2-6 | 6:4-7 | 7:5-8 | 5:7-9 | 12:8-16 | 4:12-16 | 8:13-16 | 10:16-23 | 15:16-21 | 13:17-21 | 9:17-21 | 14:18-25 | 17:21-31 | 19:31-40 | 11:32-35 | 16:34-36 | 18:39-40 | 20:40-40
1;2;200;105,228125;0;0;4;8;17;12;5;12;16;12;21;8;13;29;16;24;21;39;31;40;True;40;3;7;3;1:0-0 | 2:0-5 | 3:4-8 | 7:5-8 | 12:8-16 | 4:8-12 | 10:12-19 | 6:12-15 | 8:12-15 | 13:13-17 | 15:16-21 | 9:16-20 | 5:17-19 | 11:21-24 | 17:21-31 | 16:24-26 | 14:29-36 | 19:31-40 | 18:39-40 | 20:40-40
1;2;201;101,228125;0;0;2;12;7;28;5;13;17;16;34;8;17;13;16;32;21;21;31;40;True;40;3;8;3;1:0-0 | 2:0-5 | 3:2-6 | 7:5-8 | 5:7-9 | 12:8-16 | 4:12-16 | 14:13-20 | 8:13-16 | 10:16-23 | 15:16-21 | 13:17-21 | 9:17-21 | 17:21-31 | 18:21-22 | 6:28-31 | 19:31-40 | 16:32-34 | 11:34-37 | 20:40-40
1;2;202;98,428125;0;0;4;12;9;17;5;13;17;8;31;8;16;19;16;34;21;38;31;40;True;40;3;9;3;1:0-0 | 2:0-5 | 3:4-8 | 7:5-8 | 10:8-15 | 12:8-16 | 5:9-11 | 4:12-16 | 8:13-16 | 13:16-20 | 15:16-21 | 6:17-20 | 9:17-21 | 14:19-26 | 17:21-31 | 11:31-34 | 19:31-40 | 16:34-36 | 18:38-39 | 20:40-40
1;2;203;104,428125;0;0;4;10;5;7;5;13;11;12;32;8;17;16;16;37;21;39;31;40;True;40;3;10;3;1:0-0 | 2:0-5 | 3:4-8 | 5:5-7 | 7:5-8 | 6:7-10 | 12:8-16 | 4:10-14 | 9:11-15 | 10:12-19 | 8:13-16 | 14:16-23 | 15:16-21 | 13:17-21 | 17:21-31 | 19:31-40 | 11:32-35 | 16:37-39 | 18:39-40 | 20:40-40
1;2;204;101,228125;0;0;4;12;10;17;5;13;17;16;31;8;17;13;16;33;21;39;31;40;True;40;3;11;3;1:0-0 | 2:0-5 | 3:4-8 | 7:5-8 | 12:8-16 | 5:10-12 | 4:12-16 | 14:13-20 | 8:13-16 | 10:16-23 | 15:16-21 | 13:17-21 | 6:17-20 | 9:17-21 | 17:21-31 | 11:31-34 | 19:31-40 | 16:33-35 | 18:39-40 | 20:40-40
1;2;205;112,378125;0;0;4;12;4;6;5;13;17;14;26;8;17;24;16;34;21;39;31;40;True;40;3;12;3;1:0-0 | 2:0-5 | 3:4-8 | 5:4-6 | 7:5-8 | 6:6-9 | 12:8-16 | 4:12-16 | 8:13-16 | 10:14-21 | 15:16-21 | 13:17-21 | 9:17-21 | 17:21-31 | 14:24-31 | 11:26-29 | 19:31-40 | 16:34-36 | 18:39-40 | 20:40-40
1;2;206;102,078125;0;0;4;12;9;5;5;13;13;16;21;8;17;33;16;38;21;39;31;40;True;40;3;13;3;1:0-0 | 2:0-5 | 3:4-8 | 6:5-8 | 7:5-8 | 12:8-16 | 5:9-11 | 4:12-16 | 8:13-16 | 9:13-17 | 10:16-23 | 15:16-21 | 13:17-21 | 11:21-24 | 17:21-31 | 19:31-40 | 14:33-40 | 16:38-40 | 18:39-40 | 20:40-40
1;2;207;106,628125;0;0;4;8;13;17;5;13;17;6;28;8;17;11;16;31;21;39;31;40;True;40;3;14;3;1:0-0 | 2:0-5 | 3:4-8 | 7:5-8 | 10:6-13 | 12:8-16 | 4:8-12 | 14:11-18 | 5:13-15 | 8:13-16 | 15:16-21 | 13:17-21 | 6:17-20 | 9:17-21 | 17:21-31 | 11:28-31 | 16:31-33 | 19:31-40 | 18:39-40 | 20:40-40
1;2;208;102,828125;0;0;4;12;17;12;5;13;17;13;24;8;8;12;16;29;21;39;31;40;True;40;3;15;3;1:0-0 | 2:0-5 | 3:4-8 | 7:5-8 | 12:8-16 | 13:8-12 | 14:12-19 | 4:12-16 | 6:12-15 | 10:13-20 | 8:13-16 | 15:16-21 | 5:17-19 | 9:17-21 | 17:21-31 | 11:24-27 | 16:29-31 | 19:31-40 | 18:39-40 | 20:40-40
1;2;209;90,028125;0;0;3;9;8;13;5;13;15;5;35;8;17;31;16;33;21;38;31;40;True;40;3;16;3;1:0-0 | 2:0-5 | 3:3-7 | 10:5-12 | 7:5-8 | 12:8-16 | 5:8-10 | 4:9-13 | 6:13-16 | 8:13-16 | 9:15-19 | 15:16-21 | 13:17-21 | 17:21-31 | 14:31-38 | 19:31-40 | 16:33-35 | 11:35-38 | 18:38-39 | 20:40-40
1;2;210;116,328125;0;0;4;12;5;10;5;13;13;16;37;8;17;17;16;31;21;39;31;40;True;40;3;17;3;1:0-0 | 2:0-5 | 3:4-8 | 5:5-7 | 7:5-8 | 12:8-16 | 6:10-13 | 4:12-16 | 8:13-16 | 9:13-17 | 10:16-23 | 15:16-21 | 13:17-21 | 14:17-24 | 17:21-31 | 16:31-33 | 19:31-40 | 11:37-40 | 18:39-40 | 20:40-40
1;2;211;93,328125;0;0;4;12;10;5;5;13;17;8;30;8;17;20;16;33;21;39;31;40;True;40;3;18;3;1:0-0 | 2:0-5 | 3:4-8 | 6:5-8 | 7:5-8 | 10:8-15 | 12:8-16 | 5:10-12 | 4:12-16 | 8:13-16 | 15:16-21 | 13:17-21 | 9:17-21 | 14:20-27 | 17:21-31 | 11:30-33 | 19:31-40 | 16:33-35 | 18:39-40 | 20:40-40
1;2;212;89,428125;0;0;2;8;8;18;5;12;13;17;32;8;16;33;16;21;21;39;31;40;True;40;3;19;3;1:0-0 | 2:0-5 | 3:2-6 | 7:5-8 | 12:8-16 | 4:8-12 | 5:8-10 | 8:12-15 | 9:13-17 | 13:16-20 | 15:16-21 | 10:17-24 | 6:18-21 | 16:21-23 | 17:21-31 | 19:31-40 | 11:32-35 | 14:33-40 | 18:39-40 | 20:40-40
1;2;213;96,128125;0;0;2;12;11;9;5;13;17;16;31;8;17;19;16;34;21;38;31;40;True;40;3;20;3;1:0-0 | 2:0-5 | 3:2-6 | 7:5-8 | 12:8-16 | 6:9-12 | 5:11-13 | 4:12-16 | 8:13-16 | 10:16-23 | 15:16-21 | 13:17-21 | 9:17-21 | 14:19-26 | 17:21-31 | 11:31-34 | 19:31-40 | 16:34-36 | 18:38-39 | 20:40-40
1;2;214;98,428125;0;0;4;12;10;17;5;13;17;8;31;8;16;21;16;37;21;39;31;40;True;40;3;21;3;1:0-0 | 2:0-5 | 3:4-8 | 7:5-8 | 10:8-15 | 12:8-16 | 5:10-12 | 4:12-16 | 8:13-16 | 13:16-20 | 15:16-21 | 6:17-20 | 9:17-21 | 14:21-28 | 17:21-31 | 11:31-34 | 19:31-40 | 16:37-39 | 18:39-40 | 20:40-40
1;2;215;110,828125;0;0;4;9;17;5;5;12;16;13;27;8;17;21;16;34;21;37;31;40;True;40;3;22;3;1:0-0 | 2:0-5 | 3:4-8 | 6:5-8 | 7:5-8 | 12:8-16 | 4:9-13 | 8:12-15 | 10:13-20 | 15:16-21 | 9:16-20 | 13:17-21 | 5:17-19 | 14:21-28 | 17:21-31 | 11:27-30 | 19:31-40 | 16:34-36 | 18:37-38 | 20:40-40
1;2;216;114,228125;0;0;4;9;19;5;5;12;8;10;13;8;17;18;16;38;21;39;31;40;True;40;3;23;3;1:0-0 | 2:0-5 | 3:4-8 | 6:5-8 | 7:5-8 | 12:8-16 | 9:8-12 | 4:9-13 | 10:10-17 | 8:12-15 | 11:13-16 | 15:16-21 | 13:17-21 | 14:18-25 | 5:19-21 | 17:21-31 | 19:31-40 | 16:38-40 | 18:39-40 | 20:40-40
1;2;217;92,478125;0;0;2;8;16;4;5;12;17;13;32;8;17;18;16;34;21;39;31;40;True;40;3;24;3;1:0-0 | 2:0-5 | 3:2-6 | 6:4-7 | 7:5-8 | 12:8-16 | 4:8-12 | 8:12-15 | 10:13-20 | 15:16-21 | 5:16-18 | 13:17-21 | 9:17-21 | 14:18-25 | 17:21-31 | 19:31-40 | 11:32-35 | 16:34-36 | 18:39-40 | 20:40-40
1;2;218;106,828125;0;0;4;12;10;12;5;13;17;7;21;8;17;20;16;33;21;39;31;40;True;40;3;25;3;1:0-0 | 2:0-5 | 3:4-8 | 7:5-8 | 10:7-14 | 12:8-16 | 5:10-12 | 4:12-16 | 6:12-15 | 8:13-16 | 15:16-21 | 13:17-21 | 9:17-21 | 14:20-27 | 11:21-24 | 17:21-31 | 19:31-40 | 16:33-35 | 18:39-40 | 20:40-40
1;2;219;93,828125;0;0;4;12;17;12;5;13;17;13;31;8;8;12;16;29;21;39;31;40;True;40;3;26;3;1:0-0 | 2:0-5 | 3:4-8 | 7:5-8 | 12:8-16 | 13:8-12 | 14:12-19 | 4:12-16 | 6:12-15 | 10:13-20 | 8:13-16 | 15:16-21 | 5:17-19 | 9:17-21 | 17:21-31 | 16:29-31 | 11:31-34 | 19:31-40 | 18:39-40 | 20:40-40
1;2;220;104,528125;0;0;4;9;14;8;5;12;17;13;21;8;17;27;16;37;21;34;31;40;True;40;3;27;3;1:0-0 | 2:0-5 | 3:4-8 | 7:5-8 | 12:8-16 | 6:8-11 | 4:9-13 | 8:12-15 | 10:13-20 | 5:14-16 | 15:16-21 | 13:17-21 | 9:17-21 | 11:21-24 | 17:21-31 | 14:27-34 | 19:31-40 | 18:34-35 | 16:37-39 | 20:40-40
1;2;221;92,428125;0;0;2;12;8;18;5;13;8;17;32;8;16;21;16;34;21;39;31;40;True;40;3;28;3;1:0-0 | 2:0-5 | 3:2-6 | 7:5-8 | 12:8-16 | 5:8-10 | 9:8-12 | 4:12-16 | 8:13-16 | 13:16-20 | 15:16-21 | 10:17-24 | 6:18-21 | 14:21-28 | 17:21-31 | 19:31-40 | 11:32-35 | 16:34-36 | 18:39-40 | 20:40-40
1;2;222;101,228125;0;0;4;12;10;17;5;13;17;16;31;8;17;13;16;33;21;39;31;40;True;40;3;29;3;1:0-0 | 2:0-5 | 3:4-8 | 7:5-8 | 12:8-16 | 5:10-12 | 4:12-16 | 14:13-20 | 8:13-16 | 10:16-23 | 15:16-21 | 13:17-21 | 6:17-20 | 9:17-21 | 17:21-31 | 11:31-34 | 19:31-40 | 16:33-35 | 18:39-40 | 20:40-40
1;2;223;96,878125;0;0;4;10;12;17;5;13;5;8;31;8;17;16;16;37;21;39;31;40;True;40;3;30;3;1:0-0 | 2:0-5 | 3:4-8 | 7:5-8 | 9:5-9 | 10:8-15 | 12:8-16 | 4:10-14 | 5:12-14 | 8:13-16 | 14:16-23 | 15:16-21 | 13:17-21 | 6:17-20 | 17:21-31 | 11:31-34 | 19:31-40 | 16:37-39 | 18:39-40 | 20:40-40
1;2;224;102,028125;0;0;4;12;10;17;5;13;17;7;30;8;17;20;16;33;21;39;31;40;True;40;3;31;3;1:0-0 | 2:0-5 | 3:4-8 | 7:5-8 | 10:7-14 | 12:8-16 | 5:10-12 | 4:12-16 | 8:13-16 | 15:16-21 | 13:17-21 | 6:17-20 | 9:17-21 | 14:20-27 | 17:21-31 | 11:30-33 | 19:31-40 | 16:33-35 | 18:39-40 | 20:40-40
1;2;225;99,928125;0;0;2;8;16;4;5;13;17;13;12;8;17;18;16;34;21;39;31;40;True;40;3;32;3;1:0-0 | 2:0-5 | 3:2-6 | 6:4-7 | 7:5-8 | 12:8-16 | 4:8-12 | 11:12-15 | 10:13-20 | 8:13-16 | 15:16-21 | 5:16-18 | 13:17-21 | 9:17-21 | 14:18-25 | 17:21-31 | 19:31-40 | 16:34-36 | 18:39-40 | 20:40-40
1;2;226;102,778125;0;0;4;2;7;4;5;13;17;24;37;8;12;31;16;16;21;21;31;40;True;40;3;33;3;1:0-0 | 2:0-5 | 4:2-6 | 3:4-8 | 6:4-7 | 7:5-8 | 5:7-9 | 12:8-16 | 13:12-16 | 8:13-16 | 15:16-21 | 16:16-18 | 9:17-21 | 17:21-31 | 18:21-22 | 10:24-31 | 14:31-38 | 19:31-40 | 11:37-40 | 20:40-40
1;2;227;106,728125;0;0;4;10;5;12;5;13;8;11;32;8;17;16;16;37;21;39;31;40;True;40;3;34;3;1:0-0 | 2:0-5 | 3:4-8 | 5:5-7 | 7:5-8 | 12:8-16 | 9:8-12 | 4:10-14 | 10:11-18 | 6:12-15 | 8:13-16 | 14:16-23 | 15:16-21 | 13:17-21 | 17:21-31 | 19:31-40 | 11:32-35 | 16:37-39 | 18:39-40 | 20:40-40
1;2;228;91,178125;0;0;4;12;10;17;5;13;5;8;31;8;16;21;16;37;21;39;31;40;True;40;3;35;3;1:0-0 | 2:0-5 | 3:4-8 | 7:5-8 | 9:5-9 | 10:8-15 | 12:8-16 | 5:10-12 | 4:12-16 | 8:13-16 | 13:16-20 | 15:16-21 | 6:17-20 | 14:21-28 | 17:21-31 | 11:31-34 | 19:31-40 | 16:37-39 | 18:39-40 | 20:40-40
1;2;229;91,228125;0;0;4;8;13;5;5;13;17;6;31;8;17;17;16;26;21;39;31;40;True;40;3;36;3;1:0-0 | 2:0-5 | 3:4-8 | 6:5-8 | 7:5-8 | 10:6-13 | 12:8-16 | 4:8-12 | 5:13-15 | 8:13-16 | 15:16-21 | 13:17-21 | 14:17-24 | 9:17-21 | 17:21-31 | 16:26-28 | 11:31-34 | 19:31-40 | 18:39-40 | 20:40-40
1;2;230;92,678125;0;0;2;12;7;4;5;13;17;16;32;8;17;18;16;34;21;39;31;40;True;40;3;37;3;1:0-0 | 2:0-5 | 3:2-6 | 6:4-7 | 7:5-8 | 5:7-9 | 12:8-16 | 4:12-16 | 8:13-16 | 10:16-23 | 15:16-21 | 13:17-21 | 9:17-21 | 14:18-25 | 17:21-31 | 19:31-40 | 11:32-35 | 16:34-36 | 18:39-40 | 20:40-40
1;2;231;107,928125;0;0;4;11;8;28;5;12;9;16;31;8;17;19;16;38;21;27;31;40;True;40;3;38;3;1:0-0 | 2:0-5 | 3:4-8 | 7:5-8 | 12:8-16 | 5:8-10 | 9:9-13 | 4:11-15 | 8:12-15 | 10:16-23 | 15:16-21 | 13:17-21 | 14:19-26 | 17:21-31 | 18:27-28 | 6:28-31 | 11:31-34 | 19:31-40 | 16:38-40 | 20:40-40
1;2;232;90,478125;0;0;2;12;7;4;5;12;17;16;31;8;17;17;16;34;21;39;31;40;True;40;3;39;3;1:0-0 | 2:0-5 | 3:2-6 | 6:4-7 | 7:5-8 | 5:7-9 | 12:8-16 | 4:12-16 | 8:12-15 | 10:16-23 | 15:16-21 | 13:17-21 | 14:17-24 | 9:17-21 | 17:21-31 | 11:31-34 | 19:31-40 | 16:34-36 | 18:39-40 | 20:40-40
1;2;233;117,178125;0;0;4;12;13;12;5;13;6;8;32;8;17;25;16;38;21;39;31;40;True;40;3;40;3;1:0-0 | 2:0-5 | 3:4-8 | 7:5-8 | 9:6-10 | 10:8-15 | 12:8-16 | 4:12-16 | 6:12-15 | 5:13-15 | 8:13-16 | 15:16-21 | 13:17-21 | 17:21-31 | 14:25-32 | 19:31-40 | 11:32-35 | 16:38-40 | 18:39-40 | 20:40-40
1;2;234;83,028125;0;0;0;8;15;17;5;13;7;5;33;8;17;21;16;38;21;38;31;40;True;40;3;41;3;1:0-0 | 2:0-5 | 3:0-4 | 10:5-12 | 7:5-8 | 9:7-11 | 12:8-16 | 4:8-12 | 8:13-16 | 5:15-17 | 15:16-21 | 13:17-21 | 6:17-20 | 14:21-28 | 17:21-31 | 19:31-40 | 11:33-36 | 16:38-40 | 18:38-39 | 20:40-40
1;2;235;105,028125;0;0;4;6;11;5;5;13;16;7;21;8;17;21;16;28;21;39;31;40;True;40;3;42;3;1:0-0 | 2:0-5 | 3:4-8 | 6:5-8 | 7:5-8 | 4:6-10 | 10:7-14 | 12:8-16 | 5:11-13 | 8:13-16 | 15:16-21 | 9:16-20 | 13:17-21 | 11:21-24 | 14:21-28 | 17:21-31 | 16:28-30 | 19:31-40 | 18:39-40 | 20:40-40
1;2;236;88,928125;0;0;4;12;18;5;5;8;17;18;31;8;10;17;16;33;21;38;31;40;True;40;3;43;3;1:0-0 | 2:0-5 | 3:4-8 | 6:5-8 | 7:5-8 | 12:8-16 | 8:8-11 | 13:10-14 | 4:12-16 | 15:16-21 | 14:17-24 | 9:17-21 | 10:18-25 | 5:18-20 | 17:21-31 | 11:31-34 | 19:31-40 | 16:33-35 | 18:38-39 | 20:40-40
1;2;237;95,628125;0;0;2;12;8;17;5;12;17;8;31;8;16;21;16;31;21;39;31;40;True;40;3;44;3;1:0-0 | 2:0-5 | 3:2-6 | 7:5-8 | 10:8-15 | 12:8-16 | 5:8-10 | 4:12-16 | 8:12-15 | 13:16-20 | 15:16-21 | 6:17-20 | 9:17-21 | 14:21-28 | 17:21-31 | 11:31-34 | 16:31-33 | 19:31-40 | 18:39-40 | 20:40-40
1;2;238;101,378125;0;0;2;12;7;21;5;13;17;18;32;8;17;8;16;34;21;39;31;40;True;40;3;45;3;1:0-0 | 2:0-5 | 3:2-6 | 7:5-8 | 5:7-9 | 12:8-16 | 14:8-15 | 4:12-16 | 8:13-16 | 15:16-21 | 13:17-21 | 9:17-21 | 10:18-25 | 17:21-31 | 6:21-24 | 19:31-40 | 11:32-35 | 16:34-36 | 18:39-40 | 20:40-40
1;2;239;96,928125;0;0;4;12;11;5;5;13;17;21;8;8;16;19;16;38;21;39;31;40;True;40;3;46;3;1:0-0 | 2:0-5 | 3:4-8 | 6:5-8 | 7:5-8 | 11:8-11 | 12:8-16 | 5:11-13 | 4:12-16 | 8:13-16 | 13:16-20 | 15:16-21 | 9:17-21 | 14:19-26 | 10:21-28 | 17:21-31 | 19:31-40 | 16:38-40 | 18:39-40 | 20:40-40
1;2;240;100,228125;0;0;4;12;19;5;5;13;9;8;27;8;9;28;16;17;21;39;31;40;True;40;3;47;3;1:0-0 | 2:0-5 | 3:4-8 | 6:5-8 | 7:5-8 | 10:8-15 | 12:8-16 | 13:9-13 | 9:9-13 | 4:12-16 | 8:13-16 | 15:16-21 | 16:17-19 | 5:19-21 | 17:21-31 | 11:27-30 | 14:28-35 | 19:31-40 | 18:39-40 | 20:40-40
1;2;241;103,378125;0;0;4;12;10;12;5;12;17;8;37;8;16;21;16;16;21;31;31;40;True;40;3;48;3;1:0-0 | 2:0-5 | 3:4-8 | 7:5-8 | 10:8-15 | 12:8-16 | 5:10-12 | 4:12-16 | 6:12-15 | 8:12-15 | 13:16-20 | 15:16-21 | 16:16-18 | 9:17-21 | 14:21-28 | 17:21-31 | 18:31-32 | 19:31-40 | 11:37-40 | 20:40-40
1;2;242;91,678125;0;0;0;7;15;3;5;13;5;20;37;8;17;33;16;31;21;38;31;40;True;40;3;49;3;1:0-0 | 2:0-5 | 3:0-4 | 6:3-6 | 7:5-8 | 9:5-9 | 4:7-11 | 12:8-16 | 8:13-16 | 5:15-17 | 15:16-21 | 13:17-21 | 10:20-27 | 17:21-31 | 16:31-33 | 19:31-40 | 14:33-40 | 11:37-40 | 18:38-39 | 20:40-40
1;2;243;101,228125;0;0;4;12;10;17;5;13;17;16;31;8;17;13;16;33;21;39;31;40;True;40;3;50;3;1:0-0 | 2:0-5 | 3:4-8 | 7:5-8 | 12:8-16 | 5:10-12 | 4:12-16 | 14:13-20 | 8:13-16 | 10:16-23 | 15:16-21 | 13:17-21 | 6:17-20 | 9:17-21 | 17:21-31 | 11:31-34 | 19:31-40 | 16:33-35 | 18:39-40 | 20:40-40
1;2;244;99,078125;0;0;2;12;8;17;5;12;17;5;29;8;16;21;16;38;21;39;31;40;True;40;3;51;3;1:0-0 | 2:0-5 | 3:2-6 | 10:5-12 | 7:5-8 | 12:8-16 | 5:8-10 | 4:12-16 | 8:12-15 | 13:16-20 | 15:16-21 | 6:17-20 | 9:17-21 | 14:21-28 | 17:21-31 | 11:29-32 | 19:31-40 | 16:38-40 | 18:39-40 | 20:40-40
1;2;245;103,928125;0;0;2;12;8;17;5;12;17;5;29;8;16;31;16;29;21;39;31;40;True;40;3;52;3;1:0-0 | 2:0-5 | 3:2-6 | 10:5-12 | 7:5-8 | 12:8-16 | 5:8-10 | 4:12-16 | 8:12-15 | 13:16-20 | 15:16-21 | 6:17-20 | 9:17-21 | 17:21-31 | 11:29-32 | 16:29-31 | 14:31-38 | 19:31-40 | 18:39-40 | 20:40-40
1;2;246;94,428125;0;0;4;8;8;6;5;13;17;5;31;8;16;31;16;21;21;39;31;40;True;40;3;53;3;1:0-0 | 2:0-5 | 3:4-8 | 10:5-12 | 7:5-8 | 6:6-9 | 12:8-16 | 4:8-12 | 5:8-10 | 8:13-16 | 13:16-20 | 15:16-21 | 9:17-21 | 16:21-23 | 17:21-31 | 11:31-34 | 14:31-38 | 19:31-40 | 18:39-40 | 20:40-40
1;2;247;96,628125;0;0;4;12;10;17;5;13;17;12;31;8;8;21;16;37;21;39;31;40;True;40;3;54;3;1:0-0 | 2:0-5 | 3:4-8 | 7:5-8 | 12:8-16 | 13:8-12 | 5:10-12 | 10:12-19 | 4:12-16 | 8:13-16 | 15:16-21 | 6:17-20 | 9:17-21 | 14:21-28 | 17:21-31 | 11:31-34 | 19:31-40 | 16:37-39 | 18:39-40 | 20:40-40
1;2;248;99,228125;0;0;4;8;17;5;5;13;17;8;33;8;17;8;16;31;21;39;31;40;True;40;3;55;3;1:0-0 | 2:0-5 | 3:4-8 | 6:5-8 | 7:5-8 | 10:8-15 | 12:8-16 | 14:8-15 | 4:8-12 | 8:13-16 | 15:16-21 | 13:17-21 | 5:17-19 | 9:17-21 | 17:21-31 | 16:31-33 | 19:31-40 | 11:33-36 | 18:39-40 | 20:40-40
1;2;249;103,828125;0;0;4;9;13;12;5;8;17;17;37;8;17;31;16;21;21;39;31;40;True;40;3;56;3;1:0-0 | 2:0-5 | 3:4-8 | 7:5-8 | 12:8-16 | 8:8-11 | 4:9-13 | 6:12-15 | 5:13-15 | 15:16-21 | 10:17-24 | 13:17-21 | 9:17-21 | 16:21-23 | 17:21-31 | 14:31-38 | 19:31-40 | 11:37-40 | 18:39-40 | 20:40-40
1;2;250;105,628125;0;0;4;11;13;5;5;13;17;6;31;8;17;28;16;26;21;39;31;40;True;40;3;57;3;1:0-0 | 2:0-5 | 3:4-8 | 6:5-8 | 7:5-8 | 10:6-13 | 12:8-16 | 4:11-15 | 5:13-15 | 8:13-16 | 15:16-21 | 13:17-21 | 9:17-21 | 17:21-31 | 16:26-28 | 14:28-35 | 11:31-34 | 19:31-40 | 18:39-40 | 20:40-40
1;2;251;99,528125;0;0;4;12;10;17;5;12;7;12;33;8;17;33;16;33;21;39;31;40;True;40;3;58;3;1:0-0 | 2:0-5 | 3:4-8 | 7:5-8 | 9:7-11 | 12:8-16 | 5:10-12 | 10:12-19 | 4:12-16 | 8:12-15 | 15:16-21 | 13:17-21 | 6:17-20 | 17:21-31 | 19:31-40 | 11:33-36 | 14:33-40 | 16:33-35 | 18:39-40 | 20:40-40
1;2;252;88,928125;0;0;4;12;18;5;5;8;17;18;31;8;10;23;16;33;21;38;31;40;True;40;3;59;3;1:0-0 | 2:0-5 | 3:4-8 | 6:5-8 | 7:5-8 | 12:8-16 | 8:8-11 | 13:10-14 | 4:12-16 | 15:16-21 | 9:17-21 | 10:18-25 | 5:18-20 | 17:21-31 | 14:23-30 | 11:31-34 | 19:31-40 | 16:33-35 | 18:38-39 | 20:40-40
1;2;253;91,178125;0;0;4;12;10;16;5;12;5;8;31;8;16;21;16;37;21;39;31;40;True;40;3;60;3;1:0-0 | 2:0-5 | 3:4-8 | 7:5-8 | 9:5-9 | 10:8-15 | 12:8-16 | 5:10-12 | 4:12-16 | 8:12-15 | 13:16-20 | 15:16-21 | 6:16-19 | 14:21-28 | 17:21-31 | 11:31-34 | 19:31-40 | 16:37-39 | 18:39-40 | 20:40-40
1;2;254;119,728125;0;0;4;9;5;12;5;13;8;11;11;8;17;27;16;35;21;39;31;40;True;40;3;61;3;1:0-0 | 2:0-5 | 3:4-8 | 5:5-7 | 7:5-8 | 12:8-16 | 9:8-12 | 4:9-13 | 10:11-18 | 11:11-14 | 6:12-15 | 8:13-16 | 15:16-21 | 13:17-21 | 17:21-31 | 14:27-34 | 19:31-40 | 16:35-37 | 18:39-40 | 20:40-40
1;2;255;94,828125;0;0;4;12;10;4;5;13;17;8;31;8;17;16;16;37;21;39;31;40;True;40;3;62;3;1:0-0 | 2:0-5 | 3:4-8 | 6:4-7 | 7:5-8 | 10:8-15 | 12:8-16 | 5:10-12 | 4:12-16 | 8:13-16 | 14:16-23 | 15:16-21 | 13:17-21 | 9:17-21 | 17:21-31 | 11:31-34 | 19:31-40 | 16:37-39 | 18:39-40 | 20:40-40
1;2;256;105,478125;0;0;4;12;15;17;5;8;11;13;10;8;17;29;16;38;21;39;31;40;True;40;3;63;3;1:0-0 | 2:0-5 | 3:4-8 | 7:5-8 | 12:8-16 | 8:8-11 | 11:10-13 | 9:11-15 | 4:12-16 | 10:13-20 | 5:15-17 | 15:16-21 | 13:17-21 | 6:17-20 | 17:21-31 | 14:29-36 | 19:31-40 | 16:38-40 | 18:39-40 | 20:40-40
1;3;1;91,528125;0;0;1;9;7;16;5;11;16;10;34;8;17;17;16;36;21;21;31;40;True;40;0;0;0;1:0-0 | 2:0-5 | 3:1-5 | 7:5-8 | 5:7-9 | 12:8-16 | 4:9-13 | 10:10-17 | 8:11-14 | 15:16-21 | 6:16-19 | 9:16-20 | 13:17-21 | 14:17-24 | 17:21-31 | 18:21-22 | 19:31-40 | 11:34-37 | 16:36-38 | 20:40-40
1;3;2;98,578125;0;0;1;11;9;9;5;13;16;15;28;8;15;18;16;33;21;34;31;40;True;40;0;1;0;1:0-0 | 2:0-5 | 3:1-5 | 7:5-8 | 12:8-16 | 5:9-11 | 6:9-12 | 4:11-15 | 8:13-16 | 10:15-22 | 13:15-19 | 15:16-21 | 9:16-20 | 14:18-25 | 17:21-31 | 11:28-31 | 19:31-40 | 16:33-35 | 18:34-35 | 20:40-40
1;3;3;95,078125;0;0;1;9;7;10;5;11;17;14;22;8;16;25;16;34;21;36;31;40;True;40;0;2;0;1:0-0 | 2:0-5 | 3:1-5 | 7:5-8 | 5:7-9 | 12:8-16 | 4:9-13 | 6:10-13 | 8:11-14 | 10:14-21 | 13:16-20 | 15:16-21 | 9:17-21 | 17:21-31 | 11:22-25 | 14:25-32 | 19:31-40 | 16:34-36 | 18:36-37 | 20:40-40
1;3;4;98,728125;0;0;3;9;8;1;5;13;12;11;32;8;16;23;16;31;21;36;31;40;True;40;0;3;0;1:0-0 | 2:0-5 | 6:1-4 | 3:3-7 | 7:5-8 | 12:8-16 | 5:8-10 | 4:9-13 | 10:11-18 | 9:12-16 | 8:13-16 | 13:16-20 | 15:16-21 | 17:21-31 | 14:23-30 | 16:31-33 | 19:31-40 | 11:32-35 | 18:36-37 | 20:40-40
1;3;5;102,028125;0;0;0;8;12;3;5;11;11;9;23;8;15;22;16;27;21;32;31;40;True;40;0;4;0;1:0-0 | 2:0-5 | 3:0-4 | 6:3-6 | 7:5-8 | 12:8-16 | 4:8-12 | 10:9-16 | 8:11-14 | 9:11-15 | 5:12-14 | 13:15-19 | 15:16-21 | 17:21-31 | 14:22-29 | 11:23-26 | 16:27-29 | 19:31-40 | 18:32-33 | 20:40-40
1;3;6;91,228125;0;0;1;10;7;9;5;13;13;14;31;8;14;18;16;35;21;21;31;40;True;40;0;5;0;1:0-0 | 2:0-5 | 3:1-5 | 7:5-8 | 5:7-9 | 12:8-16 | 6:9-12 | 4:10-14 | 8:13-16 | 9:13-17 | 10:14-21 | 13:14-18 | 15:16-21 | 14:18-25 | 17:21-31 | 18:21-22 | 11:31-34 | 19:31-40 | 16:35-37 | 20:40-40
1;3;7;83,028125;0;0;0;8;15;17;5;13;7;5;33;8;17;21;16;38;21;38;31;40;True;40;0;6;0;1:0-0 | 2:0-5 | 3:0-4 | 10:5-12 | 7:5-8 | 9:7-11 | 12:8-16 | 4:8-12 | 8:13-16 | 5:15-17 | 15:16-21 | 13:17-21 | 6:17-20 | 14:21-28 | 17:21-31 | 19:31-40 | 11:33-36 | 16:38-40 | 18:38-39 | 20:40-40
1;3;8;85,278125;0;0;1;10;7;9;5;13;16;14;31;8;14;18;16;35;21;38;31;40;True;40;0;7;0;1:0-0 | 2:0-5 | 3:1-5 | 7:5-8 | 5:7-9 | 12:8-16 | 6:9-12 | 4:10-14 | 8:13-16 | 10:14-21 | 13:14-18 | 15:16-21 | 9:16-20 | 14:18-25 | 17:21-31 | 11:31-34 | 19:31-40 | 16:35-37 | 18:38-39 | 20:40-40
1;3;9;90,628125;0;0;2;12;9;11;5;13;17;16;31;8;17;19;16;34;21;38;31;40;True;40;0;8;0;1:0-0 | 2:0-5 | 3:2-6 | 7:5-8 | 12:8-16 | 5:9-11 | 6:11-14 | 4:12-16 | 8:13-16 | 10:16-23 | 15:16-21 | 13:17-21 | 9:17-21 | 14:19-26 | 17:21-31 | 11:31-34 | 19:31-40 | 16:34-36 | 18:38-39 | 20:40-40
1;3;10;85,278125;0;0;1;10;7;9;5;13;16;14;31;8;14;18;16;35;21;38;31;40;True;40;0;9;0;1:0-0 | 2:0-5 | 3:1-5 | 7:5-8 | 5:7-9 | 12:8-16 | 6:9-12 | 4:10-14 | 8:13-16 | 10:14-21 | 13:14-18 | 15:16-21 | 9:16-20 | 14:18-25 | 17:21-31 | 11:31-34 | 19:31-40 | 16:35-37 | 18:38-39 | 20:40-40
1;3;11;100,228125;0;0;3;12;10;10;5;13;17;15;30;8;17;18;16;36;21;39;31;40;True;40;0;10;0;1:0-0 | 2:0-5 | 3:3-7 | 7:5-8 | 12:8-16 | 5:10-12 | 6:10-13 | 4:12-16 | 8:13-16 | 10:15-22 | 15:16-21 | 13:17-21 | 9:17-21 | 14:18-25 | 17:21-31 | 11:30-33 | 19:31-40 | 16:36-38 | 18:39-40 | 20:40-40
1;3;12;99,878125;0;0;2;11;7;18;5;13;16;12;27;8;15;28;16;36;21;39;31;40;True;40;0;11;0;1:0-0 | 2:0-5 | 3:2-6 | 7:5-8 | 5:7-9 | 12:8-16 | 4:11-15 | 10:12-19 | 8:13-16 | 13:15-19 | 15:16-21 | 9:16-20 | 6:18-21 | 17:21-31 | 11:27-30 | 14:28-35 | 19:31-40 | 16:36-38 | 18:39-40 | 20:40-40
1;3;13;98,928125;0;0;2;9;3;14;5;12;17;7;26;8;16;22;16;35;21;32;31;40;True;40;0;12;0;1:0-0 | 2:0-5 | 3:2-6 | 5:3-5 | 7:5-8 | 10:7-14 | 12:8-16 | 4:9-13 | 8:12-15 | 6:14-17 | 13:16-20 | 15:16-21 | 9:17-21 | 17:21-31 | 14:22-29 | 11:26-29 | 19:31-40 | 18:32-33 | 16:35-37 | 20:40-40
1;3;14;87,328125;0;0;1;8;14;6;5;12;10;11;24;8;16;16;16;32;21;37;31;40;True;40;0;13;0;1:0-0 | 2:0-5 | 3:1-5 | 7:5-8 | 6:6-9 | 12:8-16 | 4:8-12 | 9:10-14 | 10:11-18 | 8:12-15 | 5:14-16 | 13:16-20 | 14:16-23 | 15:16-21 | 17:21-31 | 11:24-27 | 19:31-40 | 16:32-34 | 18:37-38 | 20:40-40
1;3;15;91,078125;0;0;2;10;8;16;5;12;15;12;32;8;16;23;16;37;21;21;31;40;True;40;0;14;0;1:0-0 | 2:0-5 | 3:2-6 | 7:5-8 | 12:8-16 | 5:8-10 | 4:10-14 | 10:12-19 | 8:12-15 | 9:15-19 | 13:16-20 | 15:16-21 | 6:16-19 | 17:21-31 | 18:21-22 | 14:23-30 | 19:31-40 | 11:32-35 | 16:37-39 | 20:40-40
1;3;16;88,728125;0;0;1;9;6;6;5;12;16;13;29;8;13;18;16;32;21;35;31;40;True;40;0;15;0;1:0-0 | 2:0-5 | 3:1-5 | 7:5-8 | 5:6-8 | 6:6-9 | 12:8-16 | 4:9-13 | 8:12-15 | 10:13-20 | 13:13-17 | 15:16-21 | 9:16-20 | 14:18-25 | 17:21-31 | 11:29-32 | 19:31-40 | 16:32-34 | 18:35-36 | 20:40-40
1;3;17;84,028125;0;0;2;10;8;12;5;12;16;13;32;8;15;23;16;37;21;39;31;40;True;40;0;16;0;1:0-0 | 2:0-5 | 3:2-6 | 7:5-8 | 12:8-16 | 5:8-10 | 4:10-14 | 6:12-15 | 8:12-15 | 10:13-20 | 13:15-19 | 15:16-21 | 9:16-20 | 17:21-31 | 14:23-30 | 19:31-40 | 11:32-35 | 16:37-39 | 18:39-40 | 20:40-40
1;3;18;87,828125;0;0;2;8;10;12;5;12;16;20;31;8;15;14;16;33;21;38;31;40;True;40;0;17;0;1:0-0 | 2:0-5 | 3:2-6 | 7:5-8 | 12:8-16 | 4:8-12 | 5:10-12 | 6:12-15 | 8:12-15 | 14:14-21 | 13:15-19 | 15:16-21 | 9:16-20 | 10:20-27 | 17:21-31 | 11:31-34 | 19:31-40 | 16:33-35 | 18:38-39 | 20:40-40
1;3;19;86,428125;0;0;2;9;8;13;5;13;15;5;34;8;17;12;16;32;21;37;31;40;True;40;0;18;0;1:0-0 | 2:0-5 | 3:2-6 | 10:5-12 | 7:5-8 | 12:8-16 | 5:8-10 | 4:9-13 | 14:12-19 | 6:13-16 | 8:13-16 | 9:15-19 | 15:16-21 | 13:17-21 | 17:21-31 | 19:31-40 | 16:32-34 | 11:34-37 | 18:37-38 | 20:40-40
1;3;20;85,278125;0;0;1;10;7;9;5;13;16;14;31;8;14;18;16;35;21;38;31;40;True;40;0;19;0;1:0-0 | 2:0-5 | 3:1-5 | 7:5-8 | 5:7-9 | 12:8-16 | 6:9-12 | 4:10-14 | 8:13-16 | 10:14-21 | 13:14-18 | 15:16-21 | 9:16-20 | 14:18-25 | 17:21-31 | 11:31-34 | 19:31-40 | 16:35-37 | 18:38-39 | 20:40-40
1;3;21;102,028125;0;0;1;12;10;8;5;13;14;22;5;8;17;16;16;27;21;31;31;40;True;40;0;20;0;1:0-0 | 2:0-5 | 3:1-5 | 11:5-8 | 7:5-8 | 12:8-16 | 6:8-11 | 5:10-12 | 4:12-16 | 8:13-16 | 9:14-18 | 14:16-23 | 15:16-21 | 13:17-21 | 17:21-31 | 10:22-29 | 16:27-29 | 18:31-32 | 19:31-40 | 20:40-40
1;3;22;96,128125;0;0;2;12;11;9;5;13;17;16;31;8;17;19;16;34;21;38;31;40;True;40;0;21;0;1:0-0 | 2:0-5 | 3:2-6 | 7:5-8 | 12:8-16 | 6:9-12 | 5:11-13 | 4:12-16 | 8:13-16 | 10:16-23 | 15:16-21 | 13:17-21 | 9:17-21 | 14:19-26 | 17:21-31 | 11:31-34 | 19:31-40 | 16:34-36 | 18:38-39 | 20:40-40
1;3;23;87,328125;0;0;1;10;7;9;5;13;16;14;31;8;14;21;16;35;21;21;31;40;True;40;0;22;0;1:0-0 | 2:0-5 | 3:1-5 | 7:5-8 | 5:7-9 | 12:8-16 | 6:9-12 | 4:10-14 | 8:13-16 | 10:14-21 | 13:14-18 | 15:16-21 | 9:16-20 | 14:21-28 | 17:21-31 | 18:21-22 | 11:31-34 | 19:31-40 | 16:35-37 | 20:40-40
1;3;24;87,328125;0;0;1;10;7;9;5;13;16;14;31;8;14;18;16;35;21;21;31;40;True;40;0;23;0;1:0-0 | 2:0-5 | 3:1-5 | 7:5-8 | 5:7-9 | 12:8-16 | 6:9-12 | 4:10-14 | 8:13-16 | 10:14-21 | 13:14-18 | 15:16-21 | 9:16-20 | 14:18-25 | 17:21-31 | 18:21-22 | 11:31-34 | 19:31-40 | 16:35-37 | 20:40-40
1;3;25;89,478125;0;0;0;11;7;14;5;9;16;9;26;8;15;10;16;32;21;36;31;40;True;40;0;24;0;1:0-0 | 2:0-5 | 3:0-4 | 7:5-8 | 5:7-9 | 12:8-16 | 10:9-16 | 8:9-12 | 14:10-17 | 4:11-15 | 6:14-17 | 13:15-19 | 15:16-21 | 9:16-20 | 17:21-31 | 11:26-29 | 19:31-40 | 16:32-34 | 18:36-37 | 20:40-40
1;3;26;92,528125;0;0;0;10;5;6;5;12;16;8;27;8;14;17;16;32;21;36;31;40;True;40;0;25;0;1:0-0 | 2:0-5 | 3:0-4 | 5:5-7 | 7:5-8 | 6:6-9 | 10:8-15 | 12:8-16 | 4:10-14 | 8:12-15 | 13:14-18 | 15:16-21 | 9:16-20 | 14:17-24 | 17:21-31 | 11:27-30 | 19:31-40 | 16:32-34 | 18:36-37 | 20:40-40
1;3;27;88,828125;0;0;2;9;7;15;5;12;17;11;32;8;15;31;16;33;21;23;31;40;True;40;0;26;0;1:0-0 | 2:0-5 | 3:2-6 | 7:5-8 | 5:7-9 | 12:8-16 | 4:9-13 | 10:11-18 | 8:12-15 | 13:15-19 | 6:15-18 | 15:16-21 | 9:17-21 | 17:21-31 | 18:23-24 | 14:31-38 | 19:31-40 | 11:32-35 | 16:33-35 | 20:40-40
1;3;28;90,328125;0;0;1;8;6;17;5;12;16;10;29;8;16;16;16;32;21;37;31;40;True;40;0;27;0;1:0-0 | 2:0-5 | 3:1-5 | 7:5-8 | 5:6-8 | 12:8-16 | 4:8-12 | 10:10-17 | 8:12-15 | 13:16-20 | 14:16-23 | 15:16-21 | 9:16-20 | 6:17-20 | 17:21-31 | 11:29-32 | 19:31-40 | 16:32-34 | 18:37-38 | 20:40-40
1;3;29;96,028125;0;0;2;10;19;12;5;12;16;13;8;8;15;23;16;37;21;39;31;40;True;40;0;28;0;1:0-0 | 2:0-5 | 3:2-6 | 7:5-8 | 11:8-11 | 12:8-16 | 4:10-14 | 6:12-15 | 8:12-15 | 10:13-20 | 13:15-19 | 15:16-21 | 9:16-20 | 5:19-21 | 17:21-31 | 14:23-30 | 19:31-40 | 16:37-39 | 18:39-40 | 20:40-40
1;3;30;97,428125;0;0;0;12;10;9;5;13;16;23;7;8;17;16;16;28;21;32;31;40;True;40;0;29;0;1:0-0 | 2:0-5 | 3:0-4 | 7:5-8 | 11:7-10 | 12:8-16 | 6:9-12 | 5:10-12 | 4:12-16 | 8:13-16 | 14:16-23 | 15:16-21 | 9:16-20 | 13:17-21 | 17:21-31 | 10:23-30 | 16:28-30 | 19:31-40 | 18:32-33 | 20:40-40
1;3;31;99,478125;0;0;3;10;7;14;5;13;16;10;22;8;17;21;16;34;21;36;31;40;True;40;0;30;0;1:0-0 | 2:0-5 | 3:3-7 | 7:5-8 | 5:7-9 | 12:8-16 | 10:10-17 | 4:10-14 | 8:13-16 | 6:14-17 | 15:16-21 | 9:16-20 | 13:17-21 | 14:21-28 | 17:21-31 | 11:22-25 | 19:31-40 | 16:34-36 | 18:36-37 | 20:40-40
1;3;32;92,728125;0;0;1;11;9;6;5;10;14;11;27;8;16;18;16;32;21;36;31;40;True;40;0;31;0;1:0-0 | 2:0-5 | 3:1-5 | 7:5-8 | 6:6-9 | 12:8-16 | 5:9-11 | 8:10-13 | 10:11-18 | 4:11-15 | 9:14-18 | 13:16-20 | 15:16-21 | 14:18-25 | 17:21-31 | 11:27-30 | 19:31-40 | 16:32-34 | 18:36-37 | 20:40-40
1;3;33;89,428125;0;0;1;9;17;5;5;12;15;11;24;8;13;25;16;32;21;37;31;40;True;40;0;32;0;1:0-0 | 2:0-5 | 3:1-5 | 6:5-8 | 7:5-8 | 12:8-16 | 4:9-13 | 10:11-18 | 8:12-15 | 13:13-17 | 9:15-19 | 15:16-21 | 5:17-19 | 17:21-31 | 11:24-27 | 14:25-32 | 19:31-40 | 16:32-34 | 18:37-38 | 20:40-40
1;3;34;86,778125;0;0;2;9;7;15;5;12;17;11;32;8;15;23;16;33;21;31;31;40;True;40;0;33;0;1:0-0 | 2:0-5 | 3:2-6 | 7:5-8 | 5:7-9 | 12:8-16 | 4:9-13 | 10:11-18 | 8:12-15 | 13:15-19 | 6:15-18 | 15:16-21 | 9:17-21 | 17:21-31 | 14:23-30 | 18:31-32 | 19:31-40 | 11:32-35 | 16:33-35 | 20:40-40
1;3;35;93,978125;0;0;0;9;15;12;5;13;15;11;32;8;16;8;16;35;21;21;31;40;True;40;0;34;0;1:0-0 | 2:0-5 | 3:0-4 | 7:5-8 | 12:8-16 | 14:8-15 | 4:9-13 | 10:11-18 | 6:12-15 | 8:13-16 | 5:15-17 | 9:15-19 | 13:16-20 | 15:16-21 | 17:21-31 | 18:21-22 | 19:31-40 | 11:32-35 | 16:35-37 | 20:40-40
1;3;36;92,028125;0;0;1;11;8;8;5;11;17;13;29;8;15;20;16;34;21;38;31;40;True;40;0;35;0;1:0-0 | 2:0-5 | 3:1-5 | 7:5-8 | 12:8-16 | 5:8-10 | 6:8-11 | 4:11-15 | 8:11-14 | 10:13-20 | 13:15-19 | 15:16-21 | 9:17-21 | 14:20-27 | 17:21-31 | 11:29-32 | 19:31-40 | 16:34-36 | 18:38-39 | 20:40-40
1;3;37;92,928125;0;0;2;9;8;15;5;13;6;17;27;8;15;10;16;31;21;37;31;40;True;40;0;36;0;1:0-0 | 2:0-5 | 3:2-6 | 7:5-8 | 9:6-10 | 12:8-16 | 5:8-10 | 4:9-13 | 14:10-17 | 8:13-16 | 13:15-19 | 6:15-18 | 15:16-21 | 10:17-24 | 17:21-31 | 11:27-30 | 16:31-33 | 19:31-40 | 18:37-38 | 20:40-40
1;3;38;85,678125;0;0;0;9;6;12;5;13;15;11;32;8;16;15;16;35;21;21;31;40;True;40;0;37;0;1:0-0 | 2:0-5 | 3:0-4 | 7:5-8 | 5:6-8 | 12:8-16 | 4:9-13 | 10:11-18 | 6:12-15 | 8:13-16 | 14:15-22 | 9:15-19 | 13:16-20 | 15:16-21 | 17:21-31 | 18:21-22 | 19:31-40 | 11:32-35 | 16:35-37 | 20:40-40
1;3;39;86,278125;0;0;0;12;8;5;5;9;16;6;28;8;14;18;16;34;21;22;31;40;True;40;0;38;0;1:0-0 | 2:0-5 | 3:0-4 | 6:5-8 | 7:5-8 | 10:6-13 | 12:8-16 | 5:8-10 | 8:9-12 | 4:12-16 | 13:14-18 | 15:16-21 | 9:16-20 | 14:18-25 | 17:21-31 | 18:22-23 | 11:28-31 | 19:31-40 | 16:34-36 | 20:40-40
1;3;40;90,628125;0;0;2;12;9;11;5;13;17;19;31;8;17;16;16;34;21;38;31;40;True;40;0;39;0;1:0-0 | 2:0-5 | 3:2-6 | 7:5-8 | 12:8-16 | 5:9-11 | 6:11-14 | 4:12-16 | 8:13-16 | 14:16-23 | 15:16-21 | 13:17-21 | 9:17-21 | 10:19-26 | 17:21-31 | 11:31-34 | 19:31-40 | 16:34-36 | 18:38-39 | 20:40-40
1;3;41;100,528125;0;0;3;9;10;17;5;11;16;9;30;8;14;21;16;36;21;39;31;40;True;40;0;40;0;1:0-0 | 2:0-5 | 3:3-7 | 7:5-8 | 12:8-16 | 10:9-16 | 4:9-13 | 5:10-12 | 8:11-14 | 13:14-18 | 15:16-21 | 9:16-20 | 6:17-20 | 14:21-28 | 17:21-31 | 11:30-33 | 19:31-40 | 16:36-38 | 18:39-40 | 20:40-40
1;3;42;101,728125;0;0;3;6;9;14;5;12;17;12;32;8;16;22;16;33;21;37;31;40;True;40;0;41;0;1:0-0 | 2:0-5 | 3:3-7 | 7:5-8 | 4:6-10 | 12:8-16 | 5:9-11 | 10:12-19 | 8:12-15 | 6:14-17 | 13:16-20 | 15:16-21 | 9:17-21 | 17:21-31 | 14:22-29 | 19:31-40 | 11:32-35 | 16:33-35 | 18:37-38 | 20:40-40
1;3;43;99,578125;0;0;2;12;7;18;5;11;16;12;27;8;15;28;16;36;21;39;31;40;True;40;0;42;0;1:0-0 | 2:0-5 | 3:2-6 | 7:5-8 | 5:7-9 | 12:8-16 | 8:11-14 | 10:12-19 | 4:12-16 | 13:15-19 | 15:16-21 | 9:16-20 | 6:18-21 | 17:21-31 | 11:27-30 | 14:28-35 | 19:31-40 | 16:36-38 | 18:39-40 | 20:40-40
1;3;44;91,778125;0;0;1;9;17;6;5;9;15;12;21;8;13;17;16;31;21;28;31;40;True;40;0;43;0;1:0-0 | 2:0-5 | 3:1-5 | 7:5-8 | 6:6-9 | 12:8-16 | 4:9-13 | 8:9-12 | 10:12-19 | 13:13-17 | 9:15-19 | 15:16-21 | 14:17-24 | 5:17-19 | 11:21-24 | 17:21-31 | 18:28-29 | 16:31-33 | 19:31-40 | 20:40-40
1;3;45;91,928125;0;0;1;12;18;4;5;8;16;5;22;8;14;25;16;32;21;34;31;40;True;40;0;44;0;1:0-0 | 2:0-5 | 3:1-5 | 6:4-7 | 10:5-12 | 7:5-8 | 12:8-16 | 8:8-11 | 4:12-16 | 13:14-18 | 15:16-21 | 9:16-20 | 5:18-20 | 17:21-31 | 11:22-25 | 14:25-32 | 19:31-40 | 16:32-34 | 18:34-35 | 20:40-40
1;3;46;90,028125;0;0;3;9;8;13;5;13;15;5;35;8;17;31;16;33;21;38;31;40;True;40;0;45;0;1:0-0 | 2:0-5 | 3:3-7 | 10:5-12 | 7:5-8 | 12:8-16 | 5:8-10 | 4:9-13 | 6:13-16 | 8:13-16 | 9:15-19 | 15:16-21 | 13:17-21 | 17:21-31 | 14:31-38 | 19:31-40 | 16:33-35 | 11:35-38 | 18:38-39 | 20:40-40
1;3;47;91,728125;0;0;1;11;10;9;5;13;16;15;31;8;15;19;16;34;21;38;31;40;True;40;0;46;0;1:0-0 | 2:0-5 | 3:1-5 | 7:5-8 | 12:8-16 | 6:9-12 | 5:10-12 | 4:11-15 | 8:13-16 | 10:15-22 | 13:15-19 | 15:16-21 | 9:16-20 | 14:19-26 | 17:21-31 | 11:31-34 | 19:31-40 | 16:34-36 | 18:38-39 | 20:40-40
1;3;48;88,928125;0;0;4;12;18;5;5;8;17;18;31;8;10;17;16;33;21;38;31;40;True;40;0;47;0;1:0-0 | 2:0-5 | 3:4-8 | 6:5-8 | 7:5-8 | 12:8-16 | 8:8-11 | 13:10-14 | 4:12-16 | 15:16-21 | 14:17-24 | 9:17-21 | 10:18-25 | 5:18-20 | 17:21-31 | 11:31-34 | 19:31-40 | 16:33-35 | 18:38-39 | 20:40-40
1;3;49;98,628125;0;0;1;11;7;9;5;13;16;18;25;8;15;15;16;33;21;21;31;40;True;40;0;48;0;1:0-0 | 2:0-5 | 3:1-5 | 7:5-8 | 5:7-9 | 12:8-16 | 6:9-12 | 4:11-15 | 8:13-16 | 13:15-19 | 14:15-22 | 15:16-21 | 9:16-20 | 10:18-25 | 17:21-31 | 18:21-22 | 11:25-28 | 19:31-40 | 16:33-35 | 20:40-40
1;3;50;95,378125;0;0;0;12;5;8;5;9;16;6;28;8;14;18;16;34;21;22;31;40;True;40;0;49;0;1:0-0 | 2:0-5 | 3:0-4 | 5:5-7 | 7:5-8 | 10:6-13 | 12:8-16 | 6:8-11 | 8:9-12 | 4:12-16 | 13:14-18 | 15:16-21 | 9:16-20 | 14:18-25 | 17:21-31 | 18:22-23 | 11:28-31 | 19:31-40 | 16:34-36 | 20:40-40
1;3;51;96,928125;0;0;1;11;8;3;5;8;5;10;24;8;13;20;16;27;21;33;31;40;True;40;0;50;0;1:0-0 | 2:0-5 | 3:1-5 | 6:3-6 | 7:5-8 | 9:5-9 | 12:8-16 | 5:8-10 | 8:8-11 | 10:10-17 | 4:11-15 | 13:13-17 | 15:16-21 | 14:20-27 | 17:21-31 | 11:24-27 | 16:27-29 | 19:31-40 | 18:33-34 | 20:40-40
1;3;52;98,628125;0;0;1;10;8;6;5;9;11;13;25;8;13;19;16;26;21;31;31;40;True;40;0;51;0;1:0-0 | 2:0-5 | 3:1-5 | 7:5-8 | 6:6-9 | 12:8-16 | 5:8-10 | 8:9-12 | 4:10-14 | 9:11-15 | 10:13-20 | 13:13-17 | 15:16-21 | 14:19-26 | 17:21-31 | 11:25-28 | 16:26-28 | 18:31-32 | 19:31-40 | 20:40-40
1;3;53;87,328125;0;0;1;10;7;9;5;13;16;14;31;8;14;18;16;35;21;21;31;40;True;40;0;52;0;1:0-0 | 2:0-5 | 3:1-5 | 7:5-8 | 5:7-9 | 12:8-16 | 6:9-12 | 4:10-14 | 8:13-16 | 10:14-21 | 13:14-18 | 15:16-21 | 9:16-20 | 14:18-25 | 17:21-31 | 18:21-22 | 11:31-34 | 19:31-40 | 16:35-37 | 20:40-40
1;3;54;87,828125;0;0;2;8;10;12;5;12;16;14;31;8;15;20;16;33;21;38;31;40;True;40;0;53;0;1:0-0 | 2:0-5 | 3:2-6 | 7:5-8 | 12:8-16 | 4:8-12 | 5:10-12 | 6:12-15 | 8:12-15 | 10:14-21 | 13:15-19 | 15:16-21 | 9:16-20 | 14:20-27 | 17:21-31 | 11:31-34 | 19:31-40 | 16:33-35 | 18:38-39 | 20:40-40
1;3;55;91,328125;0;0;3;10;8;17;5;13;15;10;37;8;17;19;16;33;21;39;31;40;True;40;0;54;0;1:0-0 | 2:0-5 | 3:3-7 | 7:5-8 | 12:8-16 | 5:8-10 | 10:10-17 | 4:10-14 | 8:13-16 | 9:15-19 | 15:16-21 | 13:17-21 | 6:17-20 | 14:19-26 | 17:21-31 | 19:31-40 | 16:33-35 | 11:37-40 | 18:39-40 | 20:40-40
1;3;56;90,028125;0;0;3;9;8;13;5;13;15;5;35;8;17;31;16;33;21;38;31;40;True;40;0;55;0;1:0-0 | 2:0-5 | 3:3-7 | 10:5-12 | 7:5-8 | 12:8-16 | 5:8-10 | 4:9-13 | 6:13-16 | 8:13-16 | 9:15-19 | 15:16-21 | 13:17-21 | 17:21-31 | 14:31-38 | 19:31-40 | 16:33-35 | 11:35-38 | 18:38-39 | 20:40-40
1;3;57;93,628125;0;0;4;9;8;13;5;13;15;5;34;8;17;12;16;32;21;37;31;40;True;40;0;56;0;1:0-0 | 2:0-5 | 3:4-8 | 10:5-12 | 7:5-8 | 12:8-16 | 5:8-10 | 4:9-13 | 14:12-19 | 6:13-16 | 8:13-16 | 9:15-19 | 15:16-21 | 13:17-21 | 17:21-31 | 19:31-40 | 16:32-34 | 11:34-37 | 18:37-38 | 20:40-40
1;3;58;90,628125;0;0;2;12;9;11;5;13;17;16;31;8;17;19;16;34;21;38;31;40;True;40;0;57;0;1:0-0 | 2:0-5 | 3:2-6 | 7:5-8 | 12:8-16 | 5:9-11 | 6:11-14 | 4:12-16 | 8:13-16 | 10:16-23 | 15:16-21 | 13:17-21 | 9:17-21 | 14:19-26 | 17:21-31 | 11:31-34 | 19:31-40 | 16:34-36 | 18:38-39 | 20:40-40
1;3;59;94,528125;0;0;3;9;8;1;5;13;15;13;35;8;17;31;16;33;21;38;31;40;True;40;0;58;0;1:0-0 | 2:0-5 | 6:1-4 | 3:3-7 | 7:5-8 | 12:8-16 | 5:8-10 | 4:9-13 | 10:13-20 | 8:13-16 | 9:15-19 | 15:16-21 | 13:17-21 | 17:21-31 | 14:31-38 | 19:31-40 | 16:33-35 | 11:35-38 | 18:38-39 | 20:40-40
1;3;60;92,678125;0;0;1;10;7;9;5;13;16;14;31;8;14;18;16;16;21;38;31;40;True;40;0;59;0;1:0-0 | 2:0-5 | 3:1-5 | 7:5-8 | 5:7-9 | 12:8-16 | 6:9-12 | 4:10-14 | 8:13-16 | 10:14-21 | 13:14-18 | 15:16-21 | 16:16-18 | 9:16-20 | 14:18-25 | 17:21-31 | 11:31-34 | 19:31-40 | 18:38-39 | 20:40-40
1;3;61;83,878125;0;0;1;9;7;14;5;12;6;16;30;8;14;14;16;20;21;36;31;40;True;40;0;60;0;1:0-0 | 2:0-5 | 3:1-5 | 7:5-8 | 9:6-10 | 5:7-9 | 12:8-16 | 4:9-13 | 8:12-15 | 13:14-18 | 14:14-21 | 6:14-17 | 10:16-23 | 15:16-21 | 16:20-22 | 17:21-31 | 11:30-33 | 19:31-40 | 18:36-37 | 20:40-40
1;3;62;106,978125;0;0;2;11;5;5;5;13;17;12;28;8;16;26;16;33;21;30;31;40;True;40;0;61;0;1:0-0 | 2:0-5 | 3:2-6 | 5:5-7 | 6:5-8 | 7:5-8 | 12:8-16 | 4:11-15 | 10:12-19 | 8:13-16 | 13:16-20 | 15:16-21 | 9:17-21 | 17:21-31 | 14:26-33 | 11:28-31 | 18:30-31 | 19:31-40 | 16:33-35 | 20:40-40
1;3;63;91,128125;0;0;1;10;19;9;5;13;16;14;31;8;14;18;16;35;21;21;31;40;True;40;0;62;0;1:0-0 | 2:0-5 | 3:1-5 | 7:5-8 | 12:8-16 | 6:9-12 | 4:10-14 | 8:13-16 | 10:14-21 | 13:14-18 | 15:16-21 | 9:16-20 | 14:18-25 | 5:19-21 | 17:21-31 | 18:21-22 | 11:31-34 | 19:31-40 | 16:35-37 | 20:40-40
1;3;64;90,628125;0;0;2;12;9;11;5;13;17;16;31;8;17;19;16;34;21;38;31;40;True;40;0;63;0;1:0-0 | 2:0-5 | 3:2-6 | 7:5-8 | 12:8-16 | 5:9-11 | 6:11-14 | 4:12-16 | 8:13-16 | 10:16-23 | 15:16-21 | 13:17-21 | 9:17-21 | 14:19-26 | 17:21-31 | 11:31-34 | 19:31-40 | 16:34-36 | 18:38-39 | 20:40-40
1;3;65;92,978125;0;0;3;10;8;3;5;13;11;11;32;8;17;31;16;37;21;38;31;40;True;40;1;0;1;1:0-0 | 2:0-5 | 3:3-7 | 6:3-6 | 7:5-8 | 12:8-16 | 5:8-10 | 4:10-14 | 10:11-18 | 9:11-15 | 8:13-16 | 15:16-21 | 13:17-21 | 17:21-31 | 14:31-38 | 19:31-40 | 11:32-35 | 16:37-39 | 18:38-39 | 20:40-40
1;3;66;104,878125;0;0;1;7;8;12;5;9;16;6;25;8;13;21;16;27;21;29;31;40;True;40;1;1;1;1:0-0 | 2:0-5 | 3:1-5 | 7:5-8 | 10:6-13 | 4:7-11 | 12:8-16 | 5:8-10 | 8:9-12 | 6:12-15 | 13:13-17 | 15:16-21 | 9:16-20 | 14:21-28 | 17:21-31 | 11:25-28 | 16:27-29 | 18:29-30 | 19:31-40 | 20:40-40
1;3;67;96,828125;0;0;1;10;14;4;5;7;17;9;20;8;13;14;16;28;21;32;31;40;True;40;1;2;1;1:0-0 | 2:0-5 | 3:1-5 | 6:4-7 | 7:5-8 | 8:7-10 | 12:8-16 | 10:9-16 | 4:10-14 | 13:13-17 | 14:14-21 | 5:14-16 | 15:16-21 | 9:17-21 | 11:20-23 | 17:21-31 | 16:28-30 | 19:31-40 | 18:32-33 | 20:40-40
1;3;68;96,878125;0;0;2;8;5;15;5;11;17;13;26;8;13;22;16;30;21;34;31;40;True;40;1;3;1;1:0-0 | 2:0-5 | 3:2-6 | 5:5-7 | 7:5-8 | 12:8-16 | 4:8-12 | 8:11-14 | 10:13-20 | 13:13-17 | 6:15-18 | 15:16-21 | 9:17-21 | 17:21-31 | 14:22-29 | 11:26-29 | 16:30-32 | 19:31-40 | 18:34-35 | 20:40-40
1;3;69;88,928125;0;0;4;12;18;5;5;8;17;18;31;8;10;23;16;33;21;38;31;40;True;40;1;4;1;1:0-0 | 2:0-5 | 3:4-8 | 6:5-8 | 7:5-8 | 12:8-16 | 8:8-11 | 13:10-14 | 4:12-16 | 15:16-21 | 9:17-21 | 10:18-25 | 5:18-20 | 17:21-31 | 14:23-30 | 11:31-34 | 19:31-40 | 16:33-35 | 18:38-39 | 20:40-40
1;3;70;105,778125;0;0;4;10;14;7;5;13;5;18;28;8;17;20;16;31;21;39;31;40;True;40;1;5;1;1:0-0 | 2:0-5 | 3:4-8 | 7:5-8 | 9:5-9 | 6:7-10 | 12:8-16 | 4:10-14 | 8:13-16 | 5:14-16 | 15:16-21 | 13:17-21 | 10:18-25 | 14:20-27 | 17:21-31 | 11:28-31 | 16:31-33 | 19:31-40 | 18:39-40 | 20:40-40
1;3;71;102,278125;0;0;0;8;18;5;5;11;7;16;12;8;13;9;16;26;21;30;31;40;True;40;1;6;1;1:0-0 | 2:0-5 | 3:0-4 | 6:5-8 | 7:5-8 | 9:7-11 | 12:8-16 | 4:8-12 | 14:9-16 | 8:11-14 | 11:12-15 | 13:13-17 | 10:16-23 | 15:16-21 | 5:18-20 | 17:21-31 | 16:26-28 | 18:30-31 | 19:31-40 | 20:40-40
1;3;72;90,428125;0;0;1;7;12;5;5;9;15;13;24;8;12;23;16;22;21;33;31;40;True;40;1;7;1;1:0-0 | 2:0-5 | 3:1-5 | 6:5-8 | 7:5-8 | 4:7-11 | 12:8-16 | 8:9-12 | 13:12-16 | 5:12-14 | 10:13-20 | 9:15-19 | 15:16-21 | 17:21-31 | 16:22-24 | 14:23-30 | 11:24-27 | 19:31-40 | 18:33-34 | 20:40-40
1;3;73;105,928125;0;0;1;10;11;13;5;13;10;10;24;8;15;8;16;28;21;35;31;40;True;40;1;8;1;1:0-0 | 2:0-5 | 3:1-5 | 7:5-8 | 12:8-16 | 14:8-15 | 10:10-17 | 4:10-14 | 9:10-14 | 5:11-13 | 6:13-16 | 8:13-16 | 13:15-19 | 15:16-21 | 17:21-31 | 11:24-27 | 16:28-30 | 19:31-40 | 18:35-36 | 20:40-40
1;3;74;105,228125;0;0;2;9;19;15;5;12;17;8;14;8;8;24;16;28;21;34;31;40;True;40;1;9;1;1:0-0 | 2:0-5 | 3:2-6 | 7:5-8 | 10:8-15 | 12:8-16 | 13:8-12 | 4:9-13 | 8:12-15 | 11:14-17 | 6:15-18 | 15:16-21 | 9:17-21 | 5:19-21 | 17:21-31 | 14:24-31 | 16:28-30 | 19:31-40 | 18:34-35 | 20:40-40
1;3;75;102,528125;0;0;2;12;8;15;5;13;6;9;27;8;15;10;16;31;21;37;31;40;True;40;1;10;1;1:0-0 | 2:0-5 | 3:2-6 | 7:5-8 | 9:6-10 | 12:8-16 | 5:8-10 | 10:9-16 | 14:10-17 | 4:12-16 | 8:13-16 | 13:15-19 | 6:15-18 | 15:16-21 | 17:21-31 | 11:27-30 | 16:31-33 | 19:31-40 | 18:37-38 | 20:40-40
1;3;76;88,428125;0;0;2;9;6;15;5;12;17;8;31;8;14;24;16;28;21;34;31;40;True;40;1;11;1;1:0-0 | 2:0-5 | 3:2-6 | 7:5-8 | 5:6-8 | 10:8-15 | 12:8-16 | 4:9-13 | 8:12-15 | 13:14-18 | 6:15-18 | 15:16-21 | 9:17-21 | 17:21-31 | 14:24-31 | 16:28-30 | 11:31-34 | 19:31-40 | 18:34-35 | 20:40-40
1;3;77;112,278125;0;0;1;12;7;10;5;8;16;19;18;8;15;10;16;31;21;24;31;40;True;40;1;12;1;1:0-0 | 2:0-5 | 3:1-5 | 7:5-8 | 5:7-9 | 12:8-16 | 8:8-11 | 14:10-17 | 6:10-13 | 4:12-16 | 13:15-19 | 15:16-21 | 9:16-20 | 11:18-21 | 10:19-26 | 17:21-31 | 18:24-25 | 16:31-33 | 19:31-40 | 20:40-40
1;3;78;108,028125;0;0;1;11;12;5;5;10;16;10;20;8;17;26;16;31;21;28;31;40;True;40;1;13;1;1:0-0 | 2:0-5 | 3:1-5 | 6:5-8 | 7:5-8 | 12:8-16 | 10:10-17 | 8:10-13 | 4:11-15 | 5:12-14 | 15:16-21 | 9:16-20 | 13:17-21 | 11:20-23 | 17:21-31 | 14:26-33 | 18:28-29 | 16:31-33 | 19:31-40 | 20:40-40
1;3;79;94,128125;0;0;1;9;6;15;5;11;6;8;28;8;13;12;16;26;21;34;31;40;True;40;1;14;1;1:0-0 | 2:0-5 | 3:1-5 | 7:5-8 | 5:6-8 | 9:6-10 | 10:8-15 | 12:8-16 | 4:9-13 | 8:11-14 | 14:12-19 | 13:13-17 | 6:15-18 | 15:16-21 | 17:21-31 | 16:26-28 | 11:28-31 | 19:31-40 | 18:34-35 | 20:40-40
1;3;80;92,128125;0;0;1;8;8;16;5;11;6;11;21;8;13;9;16;27;21;33;31;40;True;40;1;15;1;1:0-0 | 2:0-5 | 3:1-5 | 7:5-8 | 9:6-10 | 12:8-16 | 4:8-12 | 5:8-10 | 14:9-16 | 10:11-18 | 8:11-14 | 13:13-17 | 15:16-21 | 6:16-19 | 11:21-24 | 17:21-31 | 16:27-29 | 19:31-40 | 18:33-34 | 20:40-40
1;3;81;108,778125;0;0;1;8;8;13;5;12;16;12;8;8;17;22;16;31;21;36;31;40;True;40;1;16;1;1:0-0 | 2:0-5 | 3:1-5 | 7:5-8 | 11:8-11 | 12:8-16 | 4:8-12 | 5:8-10 | 10:12-19 | 8:12-15 | 6:13-16 | 15:16-21 | 9:16-20 | 13:17-21 | 17:21-31 | 14:22-29 | 16:31-33 | 19:31-40 | 18:36-37 | 20:40-40
1;3;82;100,228125;0;0;3;8;18;4;5;12;13;10;22;8;14;20;16;27;21;36;31;40;True;40;1;17;1;1:0-0 | 2:0-5 | 3:3-7 | 6:4-7 | 7:5-8 | 12:8-16 | 4:8-12 | 10:10-17 | 8:12-15 | 9:13-17 | 13:14-18 | 15:16-21 | 5:18-20 | 14:20-27 | 17:21-31 | 11:22-25 | 16:27-29 | 19:31-40 | 18:36-37 | 20:40-40
1;3;83;103,028125;0;0;1;9;5;13;5;8;16;5;15;8;11;19;16;23;21;29;31;40;True;40;1;18;1;1:0-0 | 2:0-5 | 3:1-5 | 10:5-12 | 5:5-7 | 7:5-8 | 12:8-16 | 8:8-11 | 4:9-13 | 13:11-15 | 6:13-16 | 11:15-18 | 15:16-21 | 9:16-20 | 14:19-26 | 17:21-31 | 16:23-25 | 18:29-30 | 19:31-40 | 20:40-40
1;3;84;108,278125;0;0;1;11;8;8;5;12;16;8;11;8;15;23;16;31;21;35;31;40;True;40;1;19;1;1:0-0 | 2:0-5 | 3:1-5 | 7:5-8 | 10:8-15 | 12:8-16 | 5:8-10 | 6:8-11 | 11:11-14 | 4:11-15 | 8:12-15 | 13:15-19 | 15:16-21 | 9:16-20 | 17:21-31 | 14:23-30 | 16:31-33 | 19:31-40 | 18:35-36 | 20:40-40
1;3;85;102,828125;0;0;1;10;5;12;5;12;15;10;25;8;9;18;16;16;21;34;31;40;True;40;1;20;1;1:0-0 | 2:0-5 | 3:1-5 | 5:5-7 | 7:5-8 | 12:8-16 | 13:9-13 | 10:10-17 | 4:10-14 | 6:12-15 | 8:12-15 | 9:15-19 | 15:16-21 | 16:16-18 | 14:18-25 | 17:21-31 | 11:25-28 | 19:31-40 | 18:34-35 | 20:40-40
1;3;86;98,878125;0;0;2;9;7;16;5;12;14;8;22;8;14;28;16;26;21;32;31;40;True;40;1;21;1;1:0-0 | 2:0-5 | 3:2-6 | 7:5-8 | 5:7-9 | 10:8-15 | 12:8-16 | 4:9-13 | 8:12-15 | 13:14-18 | 9:14-18 | 15:16-21 | 6:16-19 | 17:21-31 | 11:22-25 | 16:26-28 | 14:28-35 | 19:31-40 | 18:32-33 | 20:40-40
1;3;87;98,828125;0;0;4;10;8;17;5;13;10;8;22;8;17;26;16;38;21;33;31;40;True;40;1;22;1;1:0-0 | 2:0-5 | 3:4-8 | 7:5-8 | 10:8-15 | 12:8-16 | 5:8-10 | 4:10-14 | 9:10-14 | 8:13-16 | 15:16-21 | 13:17-21 | 6:17-20 | 17:21-31 | 11:22-25 | 14:26-33 | 19:31-40 | 18:33-34 | 16:38-40 | 20:40-40
1;3;88;92,478125;0;0;2;11;9;16;5;12;6;6;27;8;15;19;16;32;21;34;31;40;True;40;1;23;1;1:0-0 | 2:0-5 | 3:2-6 | 7:5-8 | 10:6-13 | 9:6-10 | 12:8-16 | 5:9-11 | 4:11-15 | 8:12-15 | 13:15-19 | 15:16-21 | 6:16-19 | 14:19-26 | 17:21-31 | 11:27-30 | 19:31-40 | 16:32-34 | 18:34-35 | 20:40-40
1;3;89;98,528125;0;0;0;7;13;10;5;10;16;9;20;8;16;10;16;31;21;27;31;40;True;40;1;24;1;1:0-0 | 2:0-5 | 3:0-4 | 7:5-8 | 4:7-11 | 12:8-16 | 10:9-16 | 14:10-17 | 6:10-13 | 8:10-13 | 5:13-15 | 13:16-20 | 15:16-21 | 9:16-20 | 11:20-23 | 17:21-31 | 18:27-28 | 16:31-33 | 19:31-40 | 20:40-40
1;3;90;92,878125;0;0;1;5;13;5;5;10;16;9;21;8;14;16;16;26;21;29;31;40;True;40;1;25;1;1:0-0 | 2:0-5 | 3:1-5 | 4:5-9 | 6:5-8 | 7:5-8 | 12:8-16 | 10:9-16 | 8:10-13 | 5:13-15 | 13:14-18 | 14:16-23 | 15:16-21 | 9:16-20 | 11:21-24 | 17:21-31 | 16:26-28 | 18:29-30 | 19:31-40 | 20:40-40
1;3;91;93,528125;0;0;2;8;10;6;5;12;17;12;28;8;15;23;16;27;21;34;31;40;True;40;1;26;1;1:0-0 | 2:0-5 | 3:2-6 | 7:5-8 | 6:6-9 | 12:8-16 | 4:8-12 | 5:10-12 | 10:12-19 | 8:12-15 | 13:15-19 | 15:16-21 | 9:17-21 | 17:21-31 | 14:23-30 | 16:27-29 | 11:28-31 | 19:31-40 | 18:34-35 | 20:40-40
1;3;92;99,328125;0;0;0;9;14;6;5;10;15;11;27;8;12;17;16;19;21;21;31;40;True;40;1;27;1;1:0-0 | 2:0-5 | 3:0-4 | 7:5-8 | 6:6-9 | 12:8-16 | 4:9-13 | 8:10-13 | 10:11-18 | 13:12-16 | 5:14-16 | 9:15-19 | 15:16-21 | 14:17-24 | 16:19-21 | 17:21-31 | 18:21-22 | 11:27-30 | 19:31-40 | 20:40-40
1;3;93;88,428125;0;0;2;9;6;15;5;12;17;8;31;8;14;24;16;28;21;34;31;40;True;40;1;28;1;1:0-0 | 2:0-5 | 3:2-6 | 7:5-8 | 5:6-8 | 10:8-15 | 12:8-16 | 4:9-13 | 8:12-15 | 13:14-18 | 6:15-18 | 15:16-21 | 9:17-21 | 17:21-31 | 14:24-31 | 16:28-30 | 11:31-34 | 19:31-40 | 18:34-35 | 20:40-40
1;3;94;113,328125;0;0;1;10;7;10;5;13;10;14;17;8;9;27;16;24;21;36;31;40;True;40;1;29;1;1:0-0 | 2:0-5 | 3:1-5 | 7:5-8 | 5:7-9 | 12:8-16 | 13:9-13 | 4:10-14 | 6:10-13 | 9:10-14 | 8:13-16 | 10:14-21 | 15:16-21 | 11:17-20 | 17:21-31 | 16:24-26 | 14:27-34 | 19:31-40 | 18:36-37 | 20:40-40
1;3;95;90,678125;0;0;2;8;19;5;5;12;5;17;25;8;14;9;16;28;21;34;31;40;True;40;1;30;1;1:0-0 | 2:0-5 | 3:2-6 | 6:5-8 | 7:5-8 | 9:5-9 | 12:8-16 | 4:8-12 | 14:9-16 | 8:12-15 | 13:14-18 | 15:16-21 | 10:17-24 | 5:19-21 | 17:21-31 | 11:25-28 | 16:28-30 | 19:31-40 | 18:34-35 | 20:40-40
1;3;96;94,828125;0;0;0;8;3;6;5;11;11;20;21;8;16;16;16;16;21;31;31;40;True;40;1;31;1;1:0-0 | 2:0-5 | 3:0-4 | 5:3-5 | 7:5-8 | 6:6-9 | 12:8-16 | 4:8-12 | 8:11-14 | 9:11-15 | 13:16-20 | 14:16-23 | 15:16-21 | 16:16-18 | 10:20-27 | 11:21-24 | 17:21-31 | 18:31-32 | 19:31-40 | 20:40-40
1;3;97;93,978125;0;0;1;10;7;18;5;13;16;14;21;8;14;9;16;35;21;31;31;40;True;40;1;32;1;1:0-0 | 2:0-5 | 3:1-5 | 7:5-8 | 5:7-9 | 12:8-16 | 14:9-16 | 4:10-14 | 8:13-16 | 10:14-21 | 13:14-18 | 15:16-21 | 9:16-20 | 6:18-21 | 11:21-24 | 17:21-31 | 18:31-32 | 19:31-40 | 16:35-37 | 20:40-40
1;3;98;90,028125;0;0;3;9;8;13;5;13;15;5;35;8;17;13;16;33;21;38;31;40;True;40;1;33;1;1:0-0 | 2:0-5 | 3:3-7 | 10:5-12 | 7:5-8 | 12:8-16 | 5:8-10 | 4:9-13 | 14:13-20 | 6:13-16 | 8:13-16 | 9:15-19 | 15:16-21 | 13:17-21 | 17:21-31 | 19:31-40 | 16:33-35 | 11:35-38 | 18:38-39 | 20:40-40
1;3;99;92,328125;0;0;3;9;15;5;5;12;17;8;31;8;13;22;16;34;21;36;31;40;True;40;1;34;1;1:0-0 | 2:0-5 | 3:3-7 | 6:5-8 | 7:5-8 | 10:8-15 | 12:8-16 | 4:9-13 | 8:12-15 | 13:13-17 | 5:15-17 | 15:16-21 | 9:17-21 | 17:21-31 | 14:22-29 | 11:31-34 | 19:31-40 | 16:34-36 | 18:36-37 | 20:40-40
1;3;100;113,628125;0;0;0;6;11;12;5;11;14;8;14;8;16;16;16;31;21;31;31;40;True;40;1;35;1;1:0-0 | 2:0-5 | 3:0-4 | 7:5-8 | 4:6-10 | 10:8-15 | 12:8-16 | 5:11-13 | 8:11-14 | 6:12-15 | 11:14-17 | 9:14-18 | 13:16-20 | 14:16-23 | 15:16-21 | 17:21-31 | 16:31-33 | 18:31-32 | 19:31-40 | 20:40-40
1;3;101;107,778125;0;0;1;9;5;13;5;11;14;7;19;8;15;25;16;30;21;36;31;40;True;40;1;36;1;1:0-0 | 2:0-5 | 3:1-5 | 5:5-7 | 7:5-8 | 10:7-14 | 12:8-16 | 4:9-13 | 8:11-14 | 6:13-16 | 9:14-18 | 13:15-19 | 15:16-21 | 11:19-22 | 17:21-31 | 14:25-32 | 16:30-32 | 19:31-40 | 18:36-37 | 20:40-40
1;3;102;100,828125;0;0;3;12;7;14;5;11;17;8;29;8;17;9;16;32;21;21;31;40;True;40;1;37;1;1:0-0 | 2:0-5 | 3:3-7 | 7:5-8 | 5:7-9 | 10:8-15 | 12:8-16 | 14:9-16 | 8:11-14 | 4:12-16 | 6:14-17 | 15:16-21 | 13:17-21 | 9:17-21 | 17:21-31 | 18:21-22 | 11:29-32 | 19:31-40 | 16:32-34 | 20:40-40
1;3;103;100,528125;0;0;3;9;7;15;5;12;12;8;24;8;15;26;16;35;21;36;31;40;True;40;1;38;1;1:0-0 | 2:0-5 | 3:3-7 | 7:5-8 | 5:7-9 | 10:8-15 | 12:8-16 | 4:9-13 | 8:12-15 | 9:12-16 | 13:15-19 | 6:15-18 | 15:16-21 | 17:21-31 | 11:24-27 | 14:26-33 | 19:31-40 | 16:35-37 | 18:36-37 | 20:40-40
1;3;104;97,128125;0;0;0;6;13;10;5;11;17;9;21;8;16;9;16;33;21;31;31;40;True;40;1;39;1;1:0-0 | 2:0-5 | 3:0-4 | 7:5-8 | 4:6-10 | 12:8-16 | 10:9-16 | 14:9-16 | 6:10-13 | 8:11-14 | 5:13-15 | 13:16-20 | 15:16-21 | 9:17-21 | 11:21-24 | 17:21-31 | 18:31-32 | 19:31-40 | 16:33-35 | 20:40-40
1;3;105;93,828125;0;0;2;12;8;5;5;13;10;9;23;8;16;27;16;32;21;34;31;40;True;40;1;40;1;1:0-0 | 2:0-5 | 3:2-6 | 6:5-8 | 7:5-8 | 12:8-16 | 5:8-10 | 10:9-16 | 9:10-14 | 4:12-16 | 8:13-16 | 13:16-20 | 15:16-21 | 17:21-31 | 11:23-26 | 14:27-34 | 19:31-40 | 16:32-34 | 18:34-35 | 20:40-40
1;3;106;93,878125;0;0;1;9;5;11;5;13;5;7;23;8;15;11;16;28;21;32;31;40;True;40;1;41;1;1:0-0 | 2:0-5 | 3:1-5 | 5:5-7 | 7:5-8 | 9:5-9 | 10:7-14 | 12:8-16 | 4:9-13 | 14:11-18 | 6:11-14 | 8:13-16 | 13:15-19 | 15:16-21 | 17:21-31 | 11:23-26 | 16:28-30 | 19:31-40 | 18:32-33 | 20:40-40
1;3;107;91,178125;0;0;4;12;10;17;5;13;5;8;31;8;16;21;16;37;21;39;31;40;True;40;1;42;1;1:0-0 | 2:0-5 | 3:4-8 | 7:5-8 | 9:5-9 | 10:8-15 | 12:8-16 | 5:10-12 | 4:12-16 | 8:13-16 | 13:16-20 | 15:16-21 | 6:17-20 | 14:21-28 | 17:21-31 | 11:31-34 | 19:31-40 | 16:37-39 | 18:39-40 | 20:40-40
1;3;108;85,878125;0;0;1;11;9;16;5;12;5;6;29;8;15;10;16;27;21;35;31;40;True;40;1;43;1;1:0-0 | 2:0-5 | 3:1-5 | 7:5-8 | 9:5-9 | 10:6-13 | 12:8-16 | 5:9-11 | 14:10-17 | 4:11-15 | 8:12-15 | 13:15-19 | 15:16-21 | 6:16-19 | 17:21-31 | 16:27-29 | 11:29-32 | 19:31-40 | 18:35-36 | 20:40-40
1;3;109;86,478125;0;0;1;9;15;5;5;12;16;8;21;8;8;21;16;26;21;31;31;40;True;40;1;44;1;1:0-0 | 2:0-5 | 3:1-5 | 6:5-8 | 7:5-8 | 10:8-15 | 12:8-16 | 13:8-12 | 4:9-13 | 8:12-15 | 5:15-17 | 15:16-21 | 9:16-20 | 11:21-24 | 14:21-28 | 17:21-31 | 16:26-28 | 18:31-32 | 19:31-40 | 20:40-40
1;3;110;99,528125;0;0;2;10;9;12;5;13;17;15;23;8;17;9;16;29;21;34;31;40;True;40;1;45;1;1:0-0 | 2:0-5 | 3:2-6 | 7:5-8 | 12:8-16 | 14:9-16 | 5:9-11 | 4:10-14 | 6:12-15 | 8:13-16 | 10:15-22 | 15:16-21 | 13:17-21 | 9:17-21 | 17:21-31 | 11:23-26 | 16:29-31 | 19:31-40 | 18:34-35 | 20:40-40
1;3;111;98,528125;0;0;0;7;13;10;5;10;16;9;20;8;16;10;16;31;21;27;31;40;True;40;1;46;1;1:0-0 | 2:0-5 | 3:0-4 | 7:5-8 | 4:7-11 | 12:8-16 | 10:9-16 | 14:10-17 | 6:10-13 | 8:10-13 | 5:13-15 | 13:16-20 | 15:16-21 | 9:16-20 | 11:20-23 | 17:21-31 | 18:27-28 | 16:31-33 | 19:31-40 | 20:40-40
1;3;112;106,878125;0;0;2;8;6;9;5;9;15;17;25;8;16;18;16;30;21;36;31;40;True;40;1;47;1;1:0-0 | 2:0-5 | 3:2-6 | 7:5-8 | 5:6-8 | 12:8-16 | 4:8-12 | 6:9-12 | 8:9-12 | 9:15-19 | 13:16-20 | 15:16-21 | 10:17-24 | 14:18-25 | 17:21-31 | 11:25-28 | 16:30-32 | 19:31-40 | 18:36-37 | 20:40-40
1;3;113;88,428125;0;0;2;9;6;15;5;12;17;8;31;8;14;24;16;28;21;34;31;40;True;40;1;48;1;1:0-0 | 2:0-5 | 3:2-6 | 7:5-8 | 5:6-8 | 10:8-15 | 12:8-16 | 4:9-13 | 8:12-15 | 13:14-18 | 6:15-18 | 15:16-21 | 9:17-21 | 17:21-31 | 14:24-31 | 16:28-30 | 11:31-34 | 19:31-40 | 18:34-35 | 20:40-40
1;3;114;95,278125;0;0;2;7;19;6;5;11;12;17;26;8;13;15;16;30;21;34;31;40;True;40;1;49;1;1:0-0 | 2:0-5 | 3:2-6 | 7:5-8 | 6:6-9 | 4:7-11 | 12:8-16 | 8:11-14 | 9:12-16 | 13:13-17 | 14:15-22 | 15:16-21 | 10:17-24 | 5:19-21 | 17:21-31 | 11:26-29 | 16:30-32 | 19:31-40 | 18:34-35 | 20:40-40
1;3;115;92,628125;0;0;2;9;15;6;5;12;17;8;31;8;14;24;16;28;21;34;31;40;True;40;1;50;1;1:0-0 | 2:0-5 | 3:2-6 | 7:5-8 | 6:6-9 | 10:8-15 | 12:8-16 | 4:9-13 | 8:12-15 | 13:14-18 | 5:15-17 | 15:16-21 | 9:17-21 | 17:21-31 | 14:24-31 | 16:28-30 | 11:31-34 | 19:31-40 | 18:34-35 | 20:40-40
1;3;116;92,628125;0;0;2;9;15;6;5;12;17;8;31;8;14;24;16;28;21;34;31;40;True;40;1;51;1;1:0-0 | 2:0-5 | 3:2-6 | 7:5-8 | 6:6-9 | 10:8-15 | 12:8-16 | 4:9-13 | 8:12-15 | 13:14-18 | 5:15-17 | 15:16-21 | 9:17-21 | 17:21-31 | 14:24-31 | 16:28-30 | 11:31-34 | 19:31-40 | 18:34-35 | 20:40-40
1;3;117;87,328125;0;0;1;10;7;9;5;13;16;14;31;8;14;18;16;35;21;21;31;40;True;40;1;52;1;1:0-0 | 2:0-5 | 3:1-5 | 7:5-8 | 5:7-9 | 12:8-16 | 6:9-12 | 4:10-14 | 8:13-16 | 10:14-21 | 13:14-18 | 15:16-21 | 9:16-20 | 14:18-25 | 17:21-31 | 18:21-22 | 11:31-34 | 19:31-40 | 16:35-37 | 20:40-40
1;3;118;105,128125;0;0;1;7;8;12;5;12;6;10;19;8;14;20;16;24;21;33;31;40;True;40;1;53;1;1:0-0 | 2:0-5 | 3:1-5 | 7:5-8 | 9:6-10 | 4:7-11 | 12:8-16 | 5:8-10 | 10:10-17 | 6:12-15 | 8:12-15 | 13:14-18 | 15:16-21 | 11:19-22 | 14:20-27 | 17:21-31 | 16:24-26 | 19:31-40 | 18:33-34 | 20:40-40
1;3;119;92,128125;0;0;1;9;15;6;5;12;17;8;31;8;14;23;16;30;21;26;31;40;True;40;1;54;1;1:0-0 | 2:0-5 | 3:1-5 | 7:5-8 | 6:6-9 | 10:8-15 | 12:8-16 | 4:9-13 | 8:12-15 | 13:14-18 | 5:15-17 | 15:16-21 | 9:17-21 | 17:21-31 | 14:23-30 | 18:26-27 | 16:30-32 | 11:31-34 | 19:31-40 | 20:40-40
1;3;120;94,728125;0;0;1;9;6;16;5;12;9;7;28;8;14;13;16;24;21;32;31;40;True;40;1;55;1;1:0-0 | 2:0-5 | 3:1-5 | 7:5-8 | 5:6-8 | 10:7-14 | 12:8-16 | 4:9-13 | 9:9-13 | 8:12-15 | 14:13-20 | 13:14-18 | 15:16-21 | 6:16-19 | 17:21-31 | 16:24-26 | 11:28-31 | 19:31-40 | 18:32-33 | 20:40-40
1;3;121;100,928125;0;0;0;8;4;5;5;11;14;7;16;8;12;8;16;24;21;24;31;40;True;40;1;56;1;1:0-0 | 2:0-5 | 3:0-4 | 5:4-6 | 6:5-8 | 7:5-8 | 10:7-14 | 12:8-16 | 14:8-15 | 4:8-12 | 8:11-14 | 13:12-16 | 9:14-18 | 11:16-19 | 15:16-21 | 17:21-31 | 16:24-26 | 18:24-25 | 19:31-40 | 20:40-40
1;3;122;98,128125;0;0;1;9;2;3;5;13;5;6;21;8;14;10;16;19;21;27;31;40;True;40;1;57;1;1:0-0 | 2:0-5 | 3:1-5 | 5:2-4 | 6:3-6 | 7:5-8 | 9:5-9 | 10:6-13 | 12:8-16 | 4:9-13 | 14:10-17 | 8:13-16 | 13:14-18 | 15:16-21 | 16:19-21 | 11:21-24 | 17:21-31 | 18:27-28 | 19:31-40 | 20:40-40
1;3;123;85,278125;0;0;1;10;7;9;5;13;16;14;31;8;14;18;16;35;21;38;31;40;True;40;1;58;1;1:0-0 | 2:0-5 | 3:1-5 | 7:5-8 | 5:7-9 | 12:8-16 | 6:9-12 | 4:10-14 | 8:13-16 | 10:14-21 | 13:14-18 | 15:16-21 | 9:16-20 | 14:18-25 | 17:21-31 | 11:31-34 | 19:31-40 | 16:35-37 | 18:38-39 | 20:40-40
1;3;124;94,528125;0;0;3;9;8;1;5;13;15;13;35;8;17;31;16;33;21;38;31;40;True;40;1;59;1;1:0-0 | 2:0-5 | 6:1-4 | 3:3-7 | 7:5-8 | 12:8-16 | 5:8-10 | 4:9-13 | 10:13-20 | 8:13-16 | 9:15-19 | 15:16-21 | 13:17-21 | 17:21-31 | 14:31-38 | 19:31-40 | 16:33-35 | 11:35-38 | 18:38-39 | 20:40-40
1;3;125;97,478125;0;0;2;9;14;5;5;12;11;7;21;8;15;18;16;29;21;36;31;40;True;40;1;60;1;1:0-0 | 2:0-5 | 3:2-6 | 6:5-8 | 7:5-8 | 10:7-14 | 12:8-16 | 4:9-13 | 9:11-15 | 8:12-15 | 5:14-16 | 13:15-19 | 15:16-21 | 14:18-25 | 11:21-24 | 17:21-31 | 16:29-31 | 19:31-40 | 18:36-37 | 20:40-40
1;3;126;92,528125;0;0;1;11;15;16;5;12;5;6;9;8;17;10;16;27;21;35;31;40;True;40;1;61;1;1:0-0 | 2:0-5 | 3:1-5 | 7:5-8 | 9:5-9 | 10:6-13 | 12:8-16 | 11:9-12 | 14:10-17 | 4:11-15 | 8:12-15 | 5:15-17 | 15:16-21 | 6:16-19 | 13:17-21 | 17:21-31 | 16:27-29 | 19:31-40 | 18:35-36 | 20:40-40
1;3;127;92,728125;0;0;1;9;6;15;5;12;11;8;30;8;13;15;16;27;21;34;31;40;True;40;1;62;1;1:0-0 | 2:0-5 | 3:1-5 | 7:5-8 | 5:6-8 | 10:8-15 | 12:8-16 | 4:9-13 | 9:11-15 | 8:12-15 | 13:13-17 | 14:15-22 | 6:15-18 | 15:16-21 | 17:21-31 | 16:27-29 | 11:30-33 | 19:31-40 | 18:34-35 | 20:40-40
1;3;128;92,278125;0;0;3;9;7;14;5;11;17;8;29;8;13;26;16;32;21;37;31;40;True;40;1;63;1;1:0-0 | 2:0-5 | 3:3-7 | 7:5-8 | 5:7-9 | 10:8-15 | 12:8-16 | 4:9-13 | 8:11-14 | 13:13-17 | 6:14-17 | 15:16-21 | 9:17-21 | 17:21-31 | 14:26-33 | 11:29-32 | 19:31-40 | 16:32-34 | 18:37-38 | 20:40-40
1;3;129;98,828125;0;0;4;10;8;17;5;13;10;8;22;8;17;26;16;38;21;33;31;40;True;40;2;0;2;1:0-0 | 2:0-5 | 3:4-8 | 7:5-8 | 10:8-15 | 12:8-16 | 5:8-10 | 4:10-14 | 9:10-14 | 8:13-16 | 15:16-21 | 13:17-21 | 6:17-20 | 17:21-31 | 11:22-25 | 14:26-33 | 19:31-40 | 18:33-34 | 16:38-40 | 20:40-40
1;3;130;115,328125;0;0;4;11;12;17;5;13;15;7;22;8;17;31;16;33;21;35;31;40;True;40;2;1;2;1:0-0 | 2:0-5 | 3:4-8 | 7:5-8 | 10:7-14 | 12:8-16 | 4:11-15 | 5:12-14 | 8:13-16 | 9:15-19 | 15:16-21 | 13:17-21 | 6:17-20 | 17:21-31 | 11:22-25 | 14:31-38 | 19:31-40 | 16:33-35 | 18:35-36 | 20:40-40
1;3;131;107,928125;0;0;4;10;8;17;5;13;10;11;22;8;13;26;16;38;21;33;31;40;True;40;2;2;2;1:0-0 | 2:0-5 | 3:4-8 | 7:5-8 | 12:8-16 | 5:8-10 | 4:10-14 | 9:10-14 | 10:11-18 | 13:13-17 | 8:13-16 | 15:16-21 | 6:17-20 | 17:21-31 | 11:22-25 | 14:26-33 | 19:31-40 | 18:33-34 | 16:38-40 | 20:40-40
1;3;132;98,928125;0;0;4;10;8;18;5;13;11;8;24;8;17;23;16;36;21;32;31;40;True;40;2;3;2;1:0-0 | 2:0-5 | 3:4-8 | 7:5-8 | 10:8-15 | 12:8-16 | 5:8-10 | 4:10-14 | 9:11-15 | 8:13-16 | 15:16-21 | 13:17-21 | 6:18-21 | 17:21-31 | 14:23-30 | 11:24-27 | 19:31-40 | 18:32-33 | 16:36-38 | 20:40-40
1;3;133;109,078125;0;0;4;10;7;13;5;13;11;11;29;8;17;21;16;38;21;37;31;40;True;40;2;4;2;1:0-0 | 2:0-5 | 3:4-8 | 7:5-8 | 5:7-9 | 12:8-16 | 4:10-14 | 10:11-18 | 9:11-15 | 6:13-16 | 8:13-16 | 15:16-21 | 13:17-21 | 14:21-28 | 17:21-31 | 11:29-32 | 19:31-40 | 18:37-38 | 16:38-40 | 20:40-40
1;3;134;101,228125;0;0;4;9;15;5;5;13;16;6;10;8;17;21;16;33;21;39;31;40;True;40;2;5;2;1:0-0 | 2:0-5 | 3:4-8 | 6:5-8 | 7:5-8 | 10:6-13 | 12:8-16 | 4:9-13 | 11:10-13 | 8:13-16 | 5:15-17 | 15:16-21 | 9:16-20 | 13:17-21 | 14:21-28 | 17:21-31 | 19:31-40 | 16:33-35 | 18:39-40 | 20:40-40
1;3;135;98,828125;0;0;4;10;8;17;5;13;10;8;22;8;17;26;16;38;21;33;31;40;True;40;2;6;2;1:0-0 | 2:0-5 | 3:4-8 | 7:5-8 | 10:8-15 | 12:8-16 | 5:8-10 | 4:10-14 | 9:10-14 | 8:13-16 | 15:16-21 | 13:17-21 | 6:17-20 | 17:21-31 | 11:22-25 | 14:26-33 | 19:31-40 | 18:33-34 | 16:38-40 | 20:40-40
1;3;136;103,728125;0;0;1;10;11;13;5;13;11;8;22;8;16;22;16;31;21;35;31;40;True;40;2;7;2;1:0-0 | 2:0-5 | 3:1-5 | 7:5-8 | 10:8-15 | 12:8-16 | 4:10-14 | 5:11-13 | 9:11-15 | 6:13-16 | 8:13-16 | 13:16-20 | 15:16-21 | 17:21-31 | 11:22-25 | 14:22-29 | 16:31-33 | 19:31-40 | 18:35-36 | 20:40-40
1;3;137;103,528125;0;0;4;12;8;5;5;12;9;10;27;8;17;31;16;38;21;39;31;40;True;40;2;8;2;1:0-0 | 2:0-5 | 3:4-8 | 6:5-8 | 7:5-8 | 12:8-16 | 5:8-10 | 9:9-13 | 10:10-17 | 4:12-16 | 8:12-15 | 15:16-21 | 13:17-21 | 17:21-31 | 11:27-30 | 14:31-38 | 19:31-40 | 16:38-40 | 18:39-40 | 20:40-40
1;3;138;121,978125;0;0;4;12;7;0;5;13;17;17;23;8;17;9;16;28;21;39;31;40;True;40;2;9;2;1:0-0 | 2:0-5 | 6:0-3 | 3:4-8 | 7:5-8 | 5:7-9 | 12:8-16 | 14:9-16 | 4:12-16 | 8:13-16 | 15:16-21 | 10:17-24 | 13:17-21 | 9:17-21 | 17:21-31 | 11:23-26 | 16:28-30 | 19:31-40 | 18:39-40 | 20:40-40
1;3;139;104,428125;0;0;3;9;10;15;5;13;15;9;28;8;16;25;16;31;21;35;31;40;True;40;2;10;2;1:0-0 | 2:0-5 | 3:3-7 | 7:5-8 | 12:8-16 | 10:9-16 | 4:9-13 | 5:10-12 | 8:13-16 | 6:15-18 | 9:15-19 | 13:16-20 | 15:16-21 | 17:21-31 | 14:25-32 | 11:28-31 | 16:31-33 | 19:31-40 | 18:35-36 | 20:40-40
1;3;140;107,378125;0;0;4;12;16;6;5;13;17;5;31;8;17;26;16;21;21;39;31;40;True;40;2;11;2;1:0-0 | 2:0-5 | 3:4-8 | 10:5-12 | 7:5-8 | 6:6-9 | 12:8-16 | 4:12-16 | 8:13-16 | 15:16-21 | 5:16-18 | 13:17-21 | 9:17-21 | 16:21-23 | 17:21-31 | 14:26-33 | 11:31-34 | 19:31-40 | 18:39-40 | 20:40-40
1;3;141;102,228125;0;0;4;11;9;16;5;13;12;8;23;8;17;27;16;37;21;35;31;40;True;40;2;12;2;1:0-0 | 2:0-5 | 3:4-8 | 7:5-8 | 10:8-15 | 12:8-16 | 5:9-11 | 4:11-15 | 9:12-16 | 8:13-16 | 15:16-21 | 6:16-19 | 13:17-21 | 17:21-31 | 11:23-26 | 14:27-34 | 19:31-40 | 18:35-36 | 16:37-39 | 20:40-40
1;3;142;97,828125;0;0;3;9;8;14;5;12;16;10;25;8;15;23;16;31;21;35;31;40;True;40;2;13;2;1:0-0 | 2:0-5 | 3:3-7 | 7:5-8 | 12:8-16 | 5:8-10 | 4:9-13 | 10:10-17 | 8:12-15 | 6:14-17 | 13:15-19 | 15:16-21 | 9:16-20 | 17:21-31 | 14:23-30 | 11:25-28 | 16:31-33 | 19:31-40 | 18:35-36 | 20:40-40
1;3;143;104,578125;0;0;4;9;14;16;5;13;11;9;24;8;16;21;16;33;21;35;31;40;True;40;2;14;2;1:0-0 | 2:0-5 | 3:4-8 | 7:5-8 | 12:8-16 | 10:9-16 | 4:9-13 | 9:11-15 | 8:13-16 | 5:14-16 | 13:16-20 | 15:16-21 | 6:16-19 | 14:21-28 | 17:21-31 | 11:24-27 | 19:31-40 | 16:33-35 | 18:35-36 | 20:40-40
1;3;144;105,428125;0;0;4;9;14;11;5;13;16;8;27;8;16;27;16;33;21;37;31;40;True;40;2;15;2;1:0-0 | 2:0-5 | 3:4-8 | 7:5-8 | 10:8-15 | 12:8-16 | 4:9-13 | 6:11-14 | 8:13-16 | 5:14-16 | 13:16-20 | 15:16-21 | 9:16-20 | 17:21-31 | 11:27-30 | 14:27-34 | 19:31-40 | 16:33-35 | 18:37-38 | 20:40-40
1;3;145;112,478125;0;0;4;9;13;13;5;13;14;14;23;8;17;24;16;37;21;34;31;40;True;40;2;16;2;1:0-0 | 2:0-5 | 3:4-8 | 7:5-8 | 12:8-16 | 4:9-13 | 5:13-15 | 6:13-16 | 8:13-16 | 10:14-21 | 9:14-18 | 15:16-21 | 13:17-21 | 17:21-31 | 11:23-26 | 14:24-31 | 19:31-40 | 18:34-35 | 16:37-39 | 20:40-40
1;3;146;108,878125;0;0;4;11;9;13;5;13;14;8;24;8;17;29;16;36;21;36;31;40;True;40;2;17;2;1:0-0 | 2:0-5 | 3:4-8 | 7:5-8 | 10:8-15 | 12:8-16 | 5:9-11 | 4:11-15 | 6:13-16 | 8:13-16 | 9:14-18 | 15:16-21 | 13:17-21 | 17:21-31 | 11:24-27 | 14:29-36 | 19:31-40 | 16:36-38 | 18:36-37 | 20:40-40
1;3;147;98,928125;0;0;4;10;8;18;5;13;11;8;24;8;17;24;16;37;21;33;31;40;True;40;2;18;2;1:0-0 | 2:0-5 | 3:4-8 | 7:5-8 | 10:8-15 | 12:8-16 | 5:8-10 | 4:10-14 | 9:11-15 | 8:13-16 | 15:16-21 | 13:17-21 | 6:18-21 | 17:21-31 | 11:24-27 | 14:24-31 | 19:31-40 | 18:33-34 | 16:37-39 | 20:40-40
1;3;148;108,878125;0;0;4;9;14;8;5;13;15;18;26;8;16;19;16;21;21;31;31;40;True;40;2;19;2;1:0-0 | 2:0-5 | 3:4-8 | 7:5-8 | 12:8-16 | 6:8-11 | 4:9-13 | 8:13-16 | 5:14-16 | 9:15-19 | 13:16-20 | 15:16-21 | 10:18-25 | 14:19-26 | 16:21-23 | 17:21-31 | 11:26-29 | 18:31-32 | 19:31-40 | 20:40-40
1;3;149;103,878125;0;0;4;10;8;14;5;13;9;15;22;8;17;31;16;26;21;33;31;40;True;40;2;20;2;1:0-0 | 2:0-5 | 3:4-8 | 7:5-8 | 12:8-16 | 5:8-10 | 9:9-13 | 4:10-14 | 8:13-16 | 6:14-17 | 10:15-22 | 15:16-21 | 13:17-21 | 17:21-31 | 11:22-25 | 16:26-28 | 14:31-38 | 19:31-40 | 18:33-34 | 20:40-40
1;3;150;99,128125;0;0;3;9;18;7;5;13;14;8;31;8;15;21;16;29;21;37;31;40;True;40;2;21;2;1:0-0 | 2:0-5 | 3:3-7 | 7:5-8 | 6:7-10 | 10:8-15 | 12:8-16 | 4:9-13 | 8:13-16 | 9:14-18 | 13:15-19 | 15:16-21 | 5:18-20 | 14:21-28 | 17:21-31 | 16:29-31 | 11:31-34 | 19:31-40 | 18:37-38 | 20:40-40
1;3;151;105,878125;0;0;4;12;19;2;5;13;17;22;28;8;8;16;16;16;21;34;31;40;True;40;2;22;2;1:0-0 | 2:0-5 | 6:2-5 | 3:4-8 | 7:5-8 | 12:8-16 | 13:8-12 | 4:12-16 | 8:13-16 | 14:16-23 | 15:16-21 | 16:16-18 | 9:17-21 | 5:19-21 | 17:21-31 | 10:22-29 | 11:28-31 | 19:31-40 | 18:34-35 | 20:40-40
1;3;152;110,578125;0;0;4;9;13;15;5;13;16;16;28;8;16;19;16;26;21;24;31;40;True;40;2;23;2;1:0-0 | 2:0-5 | 3:4-8 | 7:5-8 | 12:8-16 | 4:9-13 | 5:13-15 | 8:13-16 | 6:15-18 | 10:16-23 | 13:16-20 | 15:16-21 | 9:16-20 | 14:19-26 | 17:21-31 | 18:24-25 | 16:26-28 | 11:28-31 | 19:31-40 | 20:40-40
1;3;153;100,778125;0;0;4;10;8;16;5;13;11;9;23;8;17;24;16;35;21;35;31;40;True;40;2;24;2;1:0-0 | 2:0-5 | 3:4-8 | 7:5-8 | 12:8-16 | 5:8-10 | 10:9-16 | 4:10-14 | 9:11-15 | 8:13-16 | 15:16-21 | 6:16-19 | 13:17-21 | 17:21-31 | 11:23-26 | 14:24-31 | 19:31-40 | 16:35-37 | 18:35-36 | 20:40-40
1;3;154;108,028125;0;0;4;10;8;17;5;13;10;17;22;8;8;26;16;38;21;33;31;40;True;40;2;25;2;1:0-0 | 2:0-5 | 3:4-8 | 7:5-8 | 12:8-16 | 13:8-12 | 5:8-10 | 4:10-14 | 9:10-14 | 8:13-16 | 15:16-21 | 10:17-24 | 6:17-20 | 17:21-31 | 11:22-25 | 14:26-33 | 19:31-40 | 18:33-34 | 16:38-40 | 20:40-40
1;3;155;95,778125;0;0;0;8;13;7;5;12;11;9;20;8;15;16;16;31;21;36;31;40;True;40;2;26;2;1:0-0 | 2:0-5 | 3:0-4 | 7:5-8 | 6:7-10 | 12:8-16 | 4:8-12 | 10:9-16 | 9:11-15 | 8:12-15 | 5:13-15 | 13:15-19 | 14:16-23 | 15:16-21 | 11:20-23 | 17:21-31 | 16:31-33 | 19:31-40 | 18:36-37 | 20:40-40
1;3;156;112,628125;0;0;4;10;14;15;5;13;12;10;23;8;17;25;16;37;21;35;31;40;True;40;2;27;2;1:0-0 | 2:0-5 | 3:4-8 | 7:5-8 | 12:8-16 | 10:10-17 | 4:10-14 | 9:12-16 | 8:13-16 | 5:14-16 | 6:15-18 | 15:16-21 | 13:17-21 | 17:21-31 | 11:23-26 | 14:25-32 | 19:31-40 | 18:35-36 | 16:37-39 | 20:40-40
1;3;157;90,478125;0;0;2;12;7;4;5;12;17;16;31;8;17;17;16;34;21;39;31;40;True;40;2;28;2;1:0-0 | 2:0-5 | 3:2-6 | 6:4-7 | 7:5-8 | 5:7-9 | 12:8-16 | 4:12-16 | 8:12-15 | 10:16-23 | 15:16-21 | 13:17-21 | 14:17-24 | 9:17-21 | 17:21-31 | 11:31-34 | 19:31-40 | 16:34-36 | 18:39-40 | 20:40-40
1;3;158;108,778125;0;0;4;9;15;4;5;13;12;14;27;8;17;26;16;17;21;39;31;40;True;40;2;29;2;1:0-0 | 2:0-5 | 3:4-8 | 6:4-7 | 7:5-8 | 12:8-16 | 4:9-13 | 9:12-16 | 8:13-16 | 10:14-21 | 5:15-17 | 15:16-21 | 13:17-21 | 16:17-19 | 17:21-31 | 14:26-33 | 11:27-30 | 19:31-40 | 18:39-40 | 20:40-40
1;3;159;122,978125;0;0;4;12;11;9;5;12;11;12;26;8;16;31;16;38;21;38;31;40;True;40;2;30;2;1:0-0 | 2:0-5 | 3:4-8 | 7:5-8 | 12:8-16 | 6:9-12 | 5:11-13 | 9:11-15 | 10:12-19 | 4:12-16 | 8:12-15 | 13:16-20 | 15:16-21 | 17:21-31 | 11:26-29 | 14:31-38 | 19:31-40 | 16:38-40 | 18:38-39 | 20:40-40
1;3;160;116,978125;0;0;4;12;13;9;5;13;7;21;31;8;17;9;16;34;21;39;31;40;True;40;2;31;2;1:0-0 | 2:0-5 | 3:4-8 | 7:5-8 | 9:7-11 | 12:8-16 | 14:9-16 | 6:9-12 | 4:12-16 | 5:13-15 | 8:13-16 | 15:16-21 | 13:17-21 | 10:21-28 | 17:21-31 | 11:31-34 | 19:31-40 | 16:34-36 | 18:39-40 | 20:40-40
1;3;161;104,028125;0;0;4;10;9;15;5;13;11;7;27;8;17;26;16;31;21;35;31;40;True;40;2;32;2;1:0-0 | 2:0-5 | 3:4-8 | 7:5-8 | 10:7-14 | 12:8-16 | 5:9-11 | 4:10-14 | 9:11-15 | 8:13-16 | 6:15-18 | 15:16-21 | 13:17-21 | 17:21-31 | 14:26-33 | 11:27-30 | 16:31-33 | 19:31-40 | 18:35-36 | 20:40-40
1;3;162;101,178125;0;0;4;9;7;18;5;13;14;8;26;8;17;21;16;35;21;32;31;40;True;40;2;33;2;1:0-0 | 2:0-5 | 3:4-8 | 7:5-8 | 5:7-9 | 10:8-15 | 12:8-16 | 4:9-13 | 8:13-16 | 9:14-18 | 15:16-21 | 13:17-21 | 6:18-21 | 14:21-28 | 17:21-31 | 11:26-29 | 19:31-40 | 18:32-33 | 16:35-37 | 20:40-40
1;3;163;103,378125;0;0;3;9;12;10;5;12;16;17;31;8;14;19;16;21;21;30;31;40;True;40;2;34;2;1:0-0 | 2:0-5 | 3:3-7 | 7:5-8 | 12:8-16 | 4:9-13 | 6:10-13 | 5:12-14 | 8:12-15 | 13:14-18 | 15:16-21 | 9:16-20 | 10:17-24 | 14:19-26 | 16:21-23 | 17:21-31 | 18:30-31 | 11:31-34 | 19:31-40 | 20:40-40
1;3;164;108,878125;0;0;4;10;17;9;5;13;16;9;14;8;8;22;16;34;21;38;31;40;True;40;2;35;2;1:0-0 | 2:0-5 | 3:4-8 | 7:5-8 | 12:8-16 | 13:8-12 | 10:9-16 | 6:9-12 | 4:10-14 | 8:13-16 | 11:14-17 | 15:16-21 | 9:16-20 | 5:17-19 | 17:21-31 | 14:22-29 | 19:31-40 | 16:34-36 | 18:38-39 | 20:40-40
1;3;165;89,428125;0;0;1;9;17;5;5;12;15;11;24;8;13;25;16;32;21;37;31;40;True;40;2;36;2;1:0-0 | 2:0-5 | 3:1-5 | 6:5-8 | 7:5-8 | 12:8-16 | 4:9-13 | 10:11-18 | 8:12-15 | 13:13-17 | 9:15-19 | 15:16-21 | 5:17-19 | 17:21-31 | 11:24-27 | 14:25-32 | 19:31-40 | 16:32-34 | 18:37-38 | 20:40-40
1;3;166;98,828125;0;0;4;10;8;17;5;13;10;8;22;8;17;26;16;38;21;33;31;40;True;40;2;37;2;1:0-0 | 2:0-5 | 3:4-8 | 7:5-8 | 10:8-15 | 12:8-16 | 5:8-10 | 4:10-14 | 9:10-14 | 8:13-16 | 15:16-21 | 13:17-21 | 6:17-20 | 17:21-31 | 11:22-25 | 14:26-33 | 19:31-40 | 18:33-34 | 16:38-40 | 20:40-40
1;3;167;100,478125;0;0;4;10;8;15;5;13;9;11;22;8;17;28;16;31;21;33;31;40;True;40;2;38;2;1:0-0 | 2:0-5 | 3:4-8 | 7:5-8 | 12:8-16 | 5:8-10 | 9:9-13 | 4:10-14 | 10:11-18 | 8:13-16 | 6:15-18 | 15:16-21 | 13:17-21 | 17:21-31 | 11:22-25 | 14:28-35 | 16:31-33 | 19:31-40 | 18:33-34 | 20:40-40
1;3;168;107,028125;0;0;4;9;8;14;5;13;13;10;29;8;17;24;16;28;21;36;31;40;True;40;2;39;2;1:0-0 | 2:0-5 | 3:4-8 | 7:5-8 | 12:8-16 | 5:8-10 | 4:9-13 | 10:10-17 | 8:13-16 | 9:13-17 | 6:14-17 | 15:16-21 | 13:17-21 | 17:21-31 | 14:24-31 | 16:28-30 | 11:29-32 | 19:31-40 | 18:36-37 | 20:40-40
1;3;169;116,528125;0;0;4;9;8;14;5;12;8;14;26;8;11;28;16;38;21;35;31;40;True;40;2;40;2;1:0-0 | 2:0-5 | 3:4-8 | 7:5-8 | 12:8-16 | 5:8-10 | 9:8-12 | 4:9-13 | 13:11-15 | 8:12-15 | 10:14-21 | 6:14-17 | 15:16-21 | 17:21-31 | 11:26-29 | 14:28-35 | 19:31-40 | 18:35-36 | 16:38-40 | 20:40-40
1;3;170;98,928125;0;0;4;10;8;16;5;13;11;10;22;8;17;25;16;36;21;34;31;40;True;40;2;41;2;1:0-0 | 2:0-5 | 3:4-8 | 7:5-8 | 12:8-16 | 5:8-10 | 10:10-17 | 4:10-14 | 9:11-15 | 8:13-16 | 15:16-21 | 6:16-19 | 13:17-21 | 17:21-31 | 11:22-25 | 14:25-32 | 19:31-40 | 18:34-35 | 16:36-38 | 20:40-40
1;3;171;108,478125;0;0;4;9;11;12;5;13;15;7;21;8;17;16;16;34;21;35;31;40;True;40;2;42;2;1:0-0 | 2:0-5 | 3:4-8 | 7:5-8 | 10:7-14 | 12:8-16 | 4:9-13 | 5:11-13 | 6:12-15 | 8:13-16 | 9:15-19 | 14:16-23 | 15:16-21 | 13:17-21 | 11:21-24 | 17:21-31 | 19:31-40 | 16:34-36 | 18:35-36 | 20:40-40
1;3;172;112,978125;0;0;4;7;4;18;5;13;10;8;23;8;17;14;16;38;21;31;31;40;True;40;2;43;2;1:0-0 | 2:0-5 | 3:4-8 | 5:4-6 | 7:5-8 | 4:7-11 | 10:8-15 | 12:8-16 | 9:10-14 | 8:13-16 | 14:14-21 | 15:16-21 | 13:17-21 | 6:18-21 | 17:21-31 | 11:23-26 | 18:31-32 | 19:31-40 | 16:38-40 | 20:40-40
1;3;173;107,178125;0;0;4;11;8;7;5;13;9;14;29;8;16;31;16;24;21;37;31;40;True;40;2;44;2;1:0-0 | 2:0-5 | 3:4-8 | 7:5-8 | 6:7-10 | 12:8-16 | 5:8-10 | 9:9-13 | 4:11-15 | 8:13-16 | 10:14-21 | 13:16-20 | 15:16-21 | 17:21-31 | 16:24-26 | 11:29-32 | 14:31-38 | 19:31-40 | 18:37-38 | 20:40-40
1;3;174;117,978125;0;0;4;12;15;12;5;13;16;12;21;8;17;22;16;36;21;39;31;40;True;40;2;45;2;1:0-0 | 2:0-5 | 3:4-8 | 7:5-8 | 12:8-16 | 10:12-19 | 4:12-16 | 6:12-15 | 8:13-16 | 5:15-17 | 15:16-21 | 9:16-20 | 13:17-21 | 11:21-24 | 17:21-31 | 14:22-29 | 19:31-40 | 16:36-38 | 18:39-40 | 20:40-40
1;3;175;104,828125;0;0;4;11;10;12;5;13;13;6;31;8;17;26;16;26;21;36;31;40;True;40;2;46;2;1:0-0 | 2:0-5 | 3:4-8 | 7:5-8 | 10:6-13 | 12:8-16 | 5:10-12 | 4:11-15 | 6:12-15 | 8:13-16 | 9:13-17 | 15:16-21 | 13:17-21 | 17:21-31 | 14:26-33 | 16:26-28 | 11:31-34 | 19:31-40 | 18:36-37 | 20:40-40
1;3;176;100,528125;0;0;4;9;19;8;5;13;12;9;31;8;15;16;16;29;21;39;31;40;True;40;2;47;2;1:0-0 | 2:0-5 | 3:4-8 | 7:5-8 | 12:8-16 | 6:8-11 | 10:9-16 | 4:9-13 | 9:12-16 | 8:13-16 | 13:15-19 | 14:16-23 | 15:16-21 | 5:19-21 | 17:21-31 | 16:29-31 | 11:31-34 | 19:31-40 | 18:39-40 | 20:40-40
1;3;177;110,028125;0;0;4;9;19;8;5;13;17;24;29;8;15;16;16;16;21;21;31;40;True;40;2;48;2;1:0-0 | 2:0-5 | 3:4-8 | 7:5-8 | 12:8-16 | 6:8-11 | 4:9-13 | 8:13-16 | 13:15-19 | 14:16-23 | 15:16-21 | 16:16-18 | 9:17-21 | 5:19-21 | 17:21-31 | 18:21-22 | 10:24-31 | 11:29-32 | 19:31-40 | 20:40-40
1;3;178;111,428125;0;0;2;9;14;6;5;12;16;7;14;8;16;19;16;32;21;37;31;40;True;40;2;49;2;1:0-0 | 2:0-5 | 3:2-6 | 7:5-8 | 6:6-9 | 10:7-14 | 12:8-16 | 4:9-13 | 8:12-15 | 11:14-17 | 5:14-16 | 13:16-20 | 15:16-21 | 9:16-20 | 14:19-26 | 17:21-31 | 19:31-40 | 16:32-34 | 18:37-38 | 20:40-40
1;3;179;88,428125;0;0;2;9;6;15;5;12;17;8;31;8;14;24;16;28;21;34;31;40;True;40;2;50;2;1:0-0 | 2:0-5 | 3:2-6 | 7:5-8 | 5:6-8 | 10:8-15 | 12:8-16 | 4:9-13 | 8:12-15 | 13:14-18 | 6:15-18 | 15:16-21 | 9:17-21 | 17:21-31 | 14:24-31 | 16:28-30 | 11:31-34 | 19:31-40 | 18:34-35 | 20:40-40
1;3;180;92,628125;0;0;2;9;15;6;5;12;17;8;31;8;14;24;16;28;21;34;31;40;True;40;2;51;2;1:0-0 | 2:0-5 | 3:2-6 | 7:5-8 | 6:6-9 | 10:8-15 | 12:8-16 | 4:9-13 | 8:12-15 | 13:14-18 | 5:15-17 | 15:16-21 | 9:17-21 | 17:21-31 | 14:24-31 | 16:28-30 | 11:31-34 | 19:31-40 | 18:34-35 | 20:40-40
1;3;181;102,078125;0;0;3;9;12;13;5;13;16;8;29;8;16;23;16;32;21;33;31;40;True;40;2;52;2;1:0-0 | 2:0-5 | 3:3-7 | 7:5-8 | 10:8-15 | 12:8-16 | 4:9-13 | 5:12-14 | 6:13-16 | 8:13-16 | 13:16-20 | 15:16-21 | 9:16-20 | 17:21-31 | 14:23-30 | 11:29-32 | 19:31-40 | 16:32-34 | 18:33-34 | 20:40-40
1;3;182;108,178125;0;0;4;11;8;9;5;13;9;12;30;8;16;28;16;25;21;36;31;40;True;40;2;53;2;1:0-0 | 2:0-5 | 3:4-8 | 7:5-8 | 12:8-16 | 5:8-10 | 6:9-12 | 9:9-13 | 4:11-15 | 10:12-19 | 8:13-16 | 13:16-20 | 15:16-21 | 17:21-31 | 16:25-27 | 14:28-35 | 11:30-33 | 19:31-40 | 18:36-37 | 20:40-40
1;3;183;105,728125;0;0;4;9;12;9;5;13;14;10;24;8;17;22;16;34;21;37;31;40;True;40;2;54;2;1:0-0 | 2:0-5 | 3:4-8 | 7:5-8 | 12:8-16 | 4:9-13 | 6:9-12 | 10:10-17 | 5:12-14 | 8:13-16 | 9:14-18 | 15:16-21 | 13:17-21 | 17:21-31 | 14:22-29 | 11:24-27 | 19:31-40 | 16:34-36 | 18:37-38 | 20:40-40
1;3;184;103,528125;0;0;4;12;8;5;5;12;9;10;27;8;17;31;16;38;21;39;31;40;True;40;2;55;2;1:0-0 | 2:0-5 | 3:4-8 | 6:5-8 | 7:5-8 | 12:8-16 | 5:8-10 | 9:9-13 | 10:10-17 | 4:12-16 | 8:12-15 | 15:16-21 | 13:17-21 | 17:21-31 | 11:27-30 | 14:31-38 | 19:31-40 | 16:38-40 | 18:39-40 | 20:40-40
1;3;185;103,878125;0;0;4;9;15;4;5;13;12;14;27;8;17;26;16;36;21;39;31;40;True;40;2;56;2;1:0-0 | 2:0-5 | 3:4-8 | 6:4-7 | 7:5-8 | 12:8-16 | 4:9-13 | 9:12-16 | 8:13-16 | 10:14-21 | 5:15-17 | 15:16-21 | 13:17-21 | 17:21-31 | 14:26-33 | 11:27-30 | 19:31-40 | 16:36-38 | 18:39-40 | 20:40-40
1;3;186;106,228125;0;0;4;11;10;16;5;13;12;7;24;8;16;29;16;38;21;34;31;40;True;40;2;57;2;1:0-0 | 2:0-5 | 3:4-8 | 7:5-8 | 10:7-14 | 12:8-16 | 5:10-12 | 4:11-15 | 9:12-16 | 8:13-16 | 13:16-20 | 15:16-21 | 6:16-19 | 17:21-31 | 11:24-27 | 14:29-36 | 19:31-40 | 18:34-35 | 16:38-40 | 20:40-40
1;3;187;87,328125;0;0;1;10;7;9;5;13;16;14;31;8;14;18;16;35;21;21;31;40;True;40;2;58;2;1:0-0 | 2:0-5 | 3:1-5 | 7:5-8 | 5:7-9 | 12:8-16 | 6:9-12 | 4:10-14 | 8:13-16 | 10:14-21 | 13:14-18 | 15:16-21 | 9:16-20 | 14:18-25 | 17:21-31 | 18:21-22 | 11:31-34 | 19:31-40 | 16:35-37 | 20:40-40
1;3;188;104,428125;0;0;4;10;5;7;5;13;11;12;32;8;17;16;16;37;21;39;31;40;True;40;2;59;2;1:0-0 | 2:0-5 | 3:4-8 | 5:5-7 | 7:5-8 | 6:7-10 | 12:8-16 | 4:10-14 | 9:11-15 | 10:12-19 | 8:13-16 | 14:16-23 | 15:16-21 | 13:17-21 | 17:21-31 | 19:31-40 | 11:32-35 | 16:37-39 | 18:39-40 | 20:40-40
1;3;189;102,128125;0;0;4;11;9;16;5;13;11;7;25;8;17;26;16;32;21;34;31;40;True;40;2;60;2;1:0-0 | 2:0-5 | 3:4-8 | 7:5-8 | 10:7-14 | 12:8-16 | 5:9-11 | 4:11-15 | 9:11-15 | 8:13-16 | 15:16-21 | 6:16-19 | 13:17-21 | 17:21-31 | 11:25-28 | 14:26-33 | 19:31-40 | 16:32-34 | 18:34-35 | 20:40-40
1;3;190;106,978125;0;0;4;12;8;6;5;12;10;10;26;8;17;28;16;38;21;38;31;40;True;40;2;61;2;1:0-0 | 2:0-5 | 3:4-8 | 7:5-8 | 6:6-9 | 12:8-16 | 5:8-10 | 10:10-17 | 9:10-14 | 4:12-16 | 8:12-15 | 15:16-21 | 13:17-21 | 17:21-31 | 11:26-29 | 14:28-35 | 19:31-40 | 16:38-40 | 18:38-39 | 20:40-40
1;3;191;99,878125;0;0;4;10;8;17;5;13;13;7;26;8;17;24;16;33;21;34;31;40;True;40;2;62;2;1:0-0 | 2:0-5 | 3:4-8 | 7:5-8 | 10:7-14 | 12:8-16 | 5:8-10 | 4:10-14 | 8:13-16 | 9:13-17 | 15:16-21 | 13:17-21 | 6:17-20 | 17:21-31 | 14:24-31 | 11:26-29 | 19:31-40 | 16:33-35 | 18:34-35 | 20:40-40
1;3;192;99,128125;0;0;4;12;8;5;5;12;9;10;37;8;17;31;16;38;21;27;31;40;True;40;2;63;2;1:0-0 | 2:0-5 | 3:4-8 | 6:5-8 | 7:5-8 | 12:8-16 | 5:8-10 | 9:9-13 | 10:10-17 | 4:12-16 | 8:12-15 | 15:16-21 | 13:17-21 | 17:21-31 | 18:27-28 | 14:31-38 | 19:31-40 | 11:37-40 | 16:38-40 | 20:40-40
1;3;193;87,628125;0;0;2;12;8;4;5;12;17;16;31;8;17;17;16;34;21;39;31;40;True;40;3;0;3;1:0-0 | 2:0-5 | 3:2-6 | 6:4-7 | 7:5-8 | 12:8-16 | 5:8-10 | 4:12-16 | 8:12-15 | 10:16-23 | 15:16-21 | 13:17-21 | 14:17-24 | 9:17-21 | 17:21-31 | 11:31-34 | 19:31-40 | 16:34-36 | 18:39-40 | 20:40-40
1;3;194;110,078125;0;0;4;12;11;2;5;13;14;5;31;8;17;13;16;38;21;39;31;40;True;40;3;1;3;1:0-0 | 2:0-5 | 6:2-5 | 3:4-8 | 10:5-12 | 7:5-8 | 12:8-16 | 5:11-13 | 4:12-16 | 14:13-20 | 8:13-16 | 9:14-18 | 15:16-21 | 13:17-21 | 17:21-31 | 11:31-34 | 19:31-40 | 16:38-40 | 18:39-40 | 20:40-40
1;3;195;99,078125;0;0;2;12;8;17;5;12;17;5;29;8;16;17;16;38;21;39;31;40;True;40;3;2;3;1:0-0 | 2:0-5 | 3:2-6 | 10:5-12 | 7:5-8 | 12:8-16 | 5:8-10 | 4:12-16 | 8:12-15 | 13:16-20 | 15:16-21 | 14:17-24 | 6:17-20 | 9:17-21 | 17:21-31 | 11:29-32 | 19:31-40 | 16:38-40 | 18:39-40 | 20:40-40
1;3;196;105,578125;0;0;4;8;3;15;5;13;17;11;20;8;13;22;16;38;21;31;31;40;True;40;3;3;3;1:0-0 | 2:0-5 | 5:3-5 | 3:4-8 | 7:5-8 | 12:8-16 | 4:8-12 | 10:11-18 | 13:13-17 | 8:13-16 | 6:15-18 | 15:16-21 | 9:17-21 | 11:20-23 | 17:21-31 | 14:22-29 | 18:31-32 | 19:31-40 | 16:38-40 | 20:40-40
1;3;197;91,578125;0;0;0;7;5;3;5;13;17;15;31;8;17;21;16;37;21;38;31;40;True;40;3;4;3;1:0-0 | 2:0-5 | 3:0-4 | 6:3-6 | 5:5-7 | 7:5-8 | 4:7-11 | 12:8-16 | 8:13-16 | 10:15-22 | 15:16-21 | 13:17-21 | 9:17-21 | 14:21-28 | 17:21-31 | 11:31-34 | 19:31-40 | 16:37-39 | 18:38-39 | 20:40-40
1;3;198;106,728125;0;0;4;8;4;16;5;12;8;8;13;8;17;27;16;33;21;39;31;40;True;40;3;5;3;1:0-0 | 2:0-5 | 3:4-8 | 5:4-6 | 7:5-8 | 10:8-15 | 12:8-16 | 4:8-12 | 9:8-12 | 8:12-15 | 11:13-16 | 15:16-21 | 6:16-19 | 13:17-21 | 17:21-31 | 14:27-34 | 19:31-40 | 16:33-35 | 18:39-40 | 20:40-40
1;3;199;87,628125;0;0;2;12;8;4;5;12;17;16;31;8;17;17;16;34;21;39;31;40;True;40;3;6;3;1:0-0 | 2:0-5 | 3:2-6 | 6:4-7 | 7:5-8 | 12:8-16 | 5:8-10 | 4:12-16 | 8:12-15 | 10:16-23 | 15:16-21 | 13:17-21 | 14:17-24 | 9:17-21 | 17:21-31 | 11:31-34 | 19:31-40 | 16:34-36 | 18:39-40 | 20:40-40
1;3;200;93,428125;0;0;2;8;16;4;5;13;8;17;32;8;17;18;16;34;21;39;31;40;True;40;3;7;3;1:0-0 | 2:0-5 | 3:2-6 | 6:4-7 | 7:5-8 | 12:8-16 | 4:8-12 | 9:8-12 | 8:13-16 | 15:16-21 | 5:16-18 | 10:17-24 | 13:17-21 | 14:18-25 | 17:21-31 | 19:31-40 | 11:32-35 | 16:34-36 | 18:39-40 | 20:40-40
1;3;201;101,078125;0;0;4;12;10;17;5;13;17;16;31;8;17;33;16;38;21;21;31;40;True;40;3;8;3;1:0-0 | 2:0-5 | 3:4-8 | 7:5-8 | 12:8-16 | 5:10-12 | 4:12-16 | 8:13-16 | 10:16-23 | 15:16-21 | 13:17-21 | 6:17-20 | 9:17-21 | 17:21-31 | 18:21-22 | 11:31-34 | 19:31-40 | 14:33-40 | 16:38-40 | 20:40-40
1;3;202;98,428125;0;0;4;12;9;17;5;13;17;8;31;8;16;19;16;34;21;38;31;40;True;40;3;9;3;1:0-0 | 2:0-5 | 3:4-8 | 7:5-8 | 10:8-15 | 12:8-16 | 5:9-11 | 4:12-16 | 8:13-16 | 13:16-20 | 15:16-21 | 6:17-20 | 9:17-21 | 14:19-26 | 17:21-31 | 11:31-34 | 19:31-40 | 16:34-36 | 18:38-39 | 20:40-40
1;3;203;103,978125;0;0;4;12;19;5;5;13;17;17;8;8;16;21;16;37;21;39;31;40;True;40;3;10;3;1:0-0 | 2:0-5 | 3:4-8 | 6:5-8 | 7:5-8 | 11:8-11 | 12:8-16 | 4:12-16 | 8:13-16 | 13:16-20 | 15:16-21 | 10:17-24 | 9:17-21 | 5:19-21 | 14:21-28 | 17:21-31 | 19:31-40 | 16:37-39 | 18:39-40 | 20:40-40
1;3;204;95,028125;0;0;2;12;8;4;5;12;17;16;31;8;17;33;16;17;21;39;31;40;True;40;3;11;3;1:0-0 | 2:0-5 | 3:2-6 | 6:4-7 | 7:5-8 | 12:8-16 | 5:8-10 | 4:12-16 | 8:12-15 | 10:16-23 | 15:16-21 | 13:17-21 | 16:17-19 | 9:17-21 | 17:21-31 | 11:31-34 | 19:31-40 | 14:33-40 | 18:39-40 | 20:40-40
1;3;205;87,528125;0;0;2;12;8;5;5;12;17;16;31;8;17;21;16;31;21;39;31;40;True;40;3;12;3;1:0-0 | 2:0-5 | 3:2-6 | 6:5-8 | 7:5-8 | 12:8-16 | 5:8-10 | 4:12-16 | 8:12-15 | 10:16-23 | 15:16-21 | 13:17-21 | 9:17-21 | 14:21-28 | 17:21-31 | 11:31-34 | 16:31-33 | 19:31-40 | 18:39-40 | 20:40-40
1;3;206;87,778125;0;0;2;8;12;17;5;13;17;17;34;8;16;13;16;32;21;21;31;40;True;40;3;13;3;1:0-0 | 2:0-5 | 3:2-6 | 7:5-8 | 12:8-16 | 4:8-12 | 5:12-14 | 14:13-20 | 8:13-16 | 13:16-20 | 15:16-21 | 10:17-24 | 6:17-20 | 9:17-21 | 17:21-31 | 18:21-22 | 19:31-40 | 16:32-34 | 11:34-37 | 20:40-40
1;3;207;106,628125;0;0;4;8;13;17;5;13;17;6;28;8;17;11;16;31;21;39;31;40;True;40;3;14;3;1:0-0 | 2:0-5 | 3:4-8 | 7:5-8 | 10:6-13 | 12:8-16 | 4:8-12 | 14:11-18 | 5:13-15 | 8:13-16 | 15:16-21 | 13:17-21 | 6:17-20 | 9:17-21 | 17:21-31 | 11:28-31 | 16:31-33 | 19:31-40 | 18:39-40 | 20:40-40
1;3;208;102,828125;0;0;4;12;17;12;5;13;17;13;24;8;8;12;16;29;21;39;31;40;True;40;3;15;3;1:0-0 | 2:0-5 | 3:4-8 | 7:5-8 | 12:8-16 | 13:8-12 | 14:12-19 | 4:12-16 | 6:12-15 | 10:13-20 | 8:13-16 | 15:16-21 | 5:17-19 | 9:17-21 | 17:21-31 | 11:24-27 | 16:29-31 | 19:31-40 | 18:39-40 | 20:40-40
1;3;209;90,028125;0;0;3;9;8;13;5;13;15;5;35;8;17;31;16;33;21;38;31;40;True;40;3;16;3;1:0-0 | 2:0-5 | 3:3-7 | 10:5-12 | 7:5-8 | 12:8-16 | 5:8-10 | 4:9-13 | 6:13-16 | 8:13-16 | 9:15-19 | 15:16-21 | 13:17-21 | 17:21-31 | 14:31-38 | 19:31-40 | 16:33-35 | 11:35-38 | 18:38-39 | 20:40-40
1;3;210;89,428125;0;0;2;8;8;18;5;12;13;17;32;8;16;33;16;21;21;39;31;40;True;40;3;17;3;1:0-0 | 2:0-5 | 3:2-6 | 7:5-8 | 12:8-16 | 4:8-12 | 5:8-10 | 8:12-15 | 9:13-17 | 13:16-20 | 15:16-21 | 10:17-24 | 6:18-21 | 16:21-23 | 17:21-31 | 19:31-40 | 11:32-35 | 14:33-40 | 18:39-40 | 20:40-40
1;3;211;93,328125;0;0;4;12;10;5;5;13;17;8;30;8;17;20;16;33;21;39;31;40;True;40;3;18;3;1:0-0 | 2:0-5 | 3:4-8 | 6:5-8 | 7:5-8 | 10:8-15 | 12:8-16 | 5:10-12 | 4:12-16 | 8:13-16 | 15:16-21 | 13:17-21 | 9:17-21 | 14:20-27 | 17:21-31 | 11:30-33 | 19:31-40 | 16:33-35 | 18:39-40 | 20:40-40
1;3;212;87,628125;0;0;2;12;8;4;5;12;17;16;31;8;17;17;16;34;21;39;31;40;True;40;3;19;3;1:0-0 | 2:0-5 | 3:2-6 | 6:4-7 | 7:5-8 | 12:8-16 | 5:8-10 | 4:12-16 | 8:12-15 | 10:16-23 | 15:16-21 | 13:17-21 | 14:17-24 | 9:17-21 | 17:21-31 | 11:31-34 | 19:31-40 | 16:34-36 | 18:39-40 | 20:40-40
1;3;213;96,128125;0;0;2;12;11;9;5;13;17;16;31;8;17;19;16;34;21;38;31;40;True;40;3;20;3;1:0-0 | 2:0-5 | 3:2-6 | 7:5-8 | 12:8-16 | 6:9-12 | 5:11-13 | 4:12-16 | 8:13-16 | 10:16-23 | 15:16-21 | 13:17-21 | 9:17-21 | 14:19-26 | 17:21-31 | 11:31-34 | 19:31-40 | 16:34-36 | 18:38-39 | 20:40-40
1;3;214;93,328125;0;0;4;12;10;5;5;13;17;8;30;8;17;16;16;33;21;39;31;40;True;40;3;21;3;1:0-0 | 2:0-5 | 3:4-8 | 6:5-8 | 7:5-8 | 10:8-15 | 12:8-16 | 5:10-12 | 4:12-16 | 8:13-16 | 14:16-23 | 15:16-21 | 13:17-21 | 9:17-21 | 17:21-31 | 11:30-33 | 19:31-40 | 16:33-35 | 18:39-40 | 20:40-40
1;3;215;85,328125;0;0;2;12;8;5;5;13;17;16;32;8;17;21;16;34;21;39;31;40;True;40;3;22;3;1:0-0 | 2:0-5 | 3:2-6 | 6:5-8 | 7:5-8 | 12:8-16 | 5:8-10 | 4:12-16 | 8:13-16 | 10:16-23 | 15:16-21 | 13:17-21 | 9:17-21 | 14:21-28 | 17:21-31 | 19:31-40 | 11:32-35 | 16:34-36 | 18:39-40 | 20:40-40
1;3;216;102,078125;0;0;4;12;9;5;5;13;13;16;21;8;17;33;16;38;21;39;31;40;True;40;3;23;3;1:0-0 | 2:0-5 | 3:4-8 | 6:5-8 | 7:5-8 | 12:8-16 | 5:9-11 | 4:12-16 | 8:13-16 | 9:13-17 | 10:16-23 | 15:16-21 | 13:17-21 | 11:21-24 | 17:21-31 | 19:31-40 | 14:33-40 | 16:38-40 | 18:39-40 | 20:40-40
1;3;217;92,478125;0;0;2;8;16;4;5;12;17;13;32;8;17;18;16;34;21;39;31;40;True;40;3;24;3;1:0-0 | 2:0-5 | 3:2-6 | 6:4-7 | 7:5-8 | 12:8-16 | 4:8-12 | 8:12-15 | 10:13-20 | 15:16-21 | 5:16-18 | 13:17-21 | 9:17-21 | 14:18-25 | 17:21-31 | 19:31-40 | 11:32-35 | 16:34-36 | 18:39-40 | 20:40-40
1;3;218;91,028125;0;0;4;10;8;4;5;12;17;13;31;8;16;17;16;37;21;39;31;40;True;40;3;25;3;1:0-0 | 2:0-5 | 3:4-8 | 6:4-7 | 7:5-8 | 12:8-16 | 5:8-10 | 4:10-14 | 8:12-15 | 10:13-20 | 13:16-20 | 15:16-21 | 14:17-24 | 9:17-21 | 17:21-31 | 11:31-34 | 19:31-40 | 16:37-39 | 18:39-40 | 20:40-40
1;3;219;91,128125;0;0;2;12;7;17;5;13;5;13;32;8;17;18;16;16;21;39;31;40;True;40;3;26;3;1:0-0 | 2:0-5 | 3:2-6 | 7:5-8 | 9:5-9 | 5:7-9 | 12:8-16 | 4:12-16 | 10:13-20 | 8:13-16 | 15:16-21 | 16:16-18 | 13:17-21 | 6:17-20 | 14:18-25 | 17:21-31 | 19:31-40 | 11:32-35 | 18:39-40 | 20:40-40
1;3;220;91,428125;0;0;4;12;16;5;5;13;8;18;33;8;8;31;16;23;21;38;31;40;True;40;3;27;3;1:0-0 | 2:0-5 | 3:4-8 | 6:5-8 | 7:5-8 | 12:8-16 | 13:8-12 | 9:8-12 | 4:12-16 | 8:13-16 | 15:16-21 | 5:16-18 | 10:18-25 | 17:21-31 | 16:23-25 | 14:31-38 | 19:31-40 | 11:33-36 | 18:38-39 | 20:40-40
1;3;221;92,428125;0;0;2;12;8;18;5;13;8;17;32;8;16;21;16;34;21;39;31;40;True;40;3;28;3;1:0-0 | 2:0-5 | 3:2-6 | 7:5-8 | 12:8-16 | 5:8-10 | 9:8-12 | 4:12-16 | 8:13-16 | 13:16-20 | 15:16-21 | 10:17-24 | 6:18-21 | 14:21-28 | 17:21-31 | 19:31-40 | 11:32-35 | 16:34-36 | 18:39-40 | 20:40-40
1;3;222;101,228125;0;0;4;12;10;17;5;13;17;16;31;8;17;13;16;33;21;39;31;40;True;40;3;29;3;1:0-0 | 2:0-5 | 3:4-8 | 7:5-8 | 12:8-16 | 5:10-12 | 4:12-16 | 14:13-20 | 8:13-16 | 10:16-23 | 15:16-21 | 13:17-21 | 6:17-20 | 9:17-21 | 17:21-31 | 11:31-34 | 19:31-40 | 16:33-35 | 18:39-40 | 20:40-40
1;3;223;96,878125;0;0;4;10;12;17;5;13;5;8;31;8;17;16;16;37;21;39;31;40;True;40;3;30;3;1:0-0 | 2:0-5 | 3:4-8 | 7:5-8 | 9:5-9 | 10:8-15 | 12:8-16 | 4:10-14 | 5:12-14 | 8:13-16 | 14:16-23 | 15:16-21 | 13:17-21 | 6:17-20 | 17:21-31 | 11:31-34 | 19:31-40 | 16:37-39 | 18:39-40 | 20:40-40
1;3;224;95,228125;0;0;4;10;8;17;5;12;17;13;31;8;16;8;16;37;21;39;31;40;True;40;3;31;3;1:0-0 | 2:0-5 | 3:4-8 | 7:5-8 | 12:8-16 | 14:8-15 | 5:8-10 | 4:10-14 | 8:12-15 | 10:13-20 | 13:16-20 | 15:16-21 | 6:17-20 | 9:17-21 | 17:21-31 | 11:31-34 | 19:31-40 | 16:37-39 | 18:39-40 | 20:40-40
1;3;225;99,928125;0;0;2;8;16;4;5;13;17;13;12;8;17;18;16;34;21;39;31;40;True;40;3;32;3;1:0-0 | 2:0-5 | 3:2-6 | 6:4-7 | 7:5-8 | 12:8-16 | 4:8-12 | 11:12-15 | 10:13-20 | 8:13-16 | 15:16-21 | 5:16-18 | 13:17-21 | 9:17-21 | 14:18-25 | 17:21-31 | 19:31-40 | 16:34-36 | 18:39-40 | 20:40-40
1;3;226;94,778125;0;0;4;12;10;21;5;8;5;16;31;8;16;17;16;37;21;39;31;40;True;40;3;33;3;1:0-0 | 2:0-5 | 3:4-8 | 7:5-8 | 9:5-9 | 12:8-16 | 8:8-11 | 5:10-12 | 4:12-16 | 10:16-23 | 13:16-20 | 15:16-21 | 14:17-24 | 17:21-31 | 6:21-24 | 11:31-34 | 19:31-40 | 16:37-39 | 18:39-40 | 20:40-40
1;3;227;92,728125;0;0;3;9;8;17;5;13;15;16;35;8;13;21;16;33;21;38;31;40;True;40;3;34;3;1:0-0 | 2:0-5 | 3:3-7 | 7:5-8 | 12:8-16 | 5:8-10 | 4:9-13 | 13:13-17 | 8:13-16 | 9:15-19 | 10:16-23 | 15:16-21 | 6:17-20 | 14:21-28 | 17:21-31 | 19:31-40 | 16:33-35 | 11:35-38 | 18:38-39 | 20:40-40
1;3;228;91,178125;0;0;4;12;10;17;5;13;5;8;31;8;16;21;16;37;21;39;31;40;True;40;3;35;3;1:0-0 | 2:0-5 | 3:4-8 | 7:5-8 | 9:5-9 | 10:8-15 | 12:8-16 | 5:10-12 | 4:12-16 | 8:13-16 | 13:16-20 | 15:16-21 | 6:17-20 | 14:21-28 | 17:21-31 | 11:31-34 | 19:31-40 | 16:37-39 | 18:39-40 | 20:40-40
1;3;229;91,228125;0;0;4;8;13;5;5;13;17;6;31;8;17;17;16;26;21;39;31;40;True;40;3;36;3;1:0-0 | 2:0-5 | 3:4-8 | 6:5-8 | 7:5-8 | 10:6-13 | 12:8-16 | 4:8-12 | 5:13-15 | 8:13-16 | 15:16-21 | 13:17-21 | 14:17-24 | 9:17-21 | 17:21-31 | 16:26-28 | 11:31-34 | 19:31-40 | 18:39-40 | 20:40-40
1;3;230;83,028125;0;0;0;8;15;17;5;13;7;5;33;8;17;17;16;38;21;38;31;40;True;40;3;37;3;1:0-0 | 2:0-5 | 3:0-4 | 10:5-12 | 7:5-8 | 9:7-11 | 12:8-16 | 4:8-12 | 8:13-16 | 5:15-17 | 15:16-21 | 13:17-21 | 14:17-24 | 6:17-20 | 17:21-31 | 19:31-40 | 11:33-36 | 16:38-40 | 18:38-39 | 20:40-40
1;3;231;106,278125;0;0;2;12;8;5;5;13;13;21;12;8;17;16;16;34;21;39;31;40;True;40;3;38;3;1:0-0 | 2:0-5 | 3:2-6 | 6:5-8 | 7:5-8 | 12:8-16 | 5:8-10 | 11:12-15 | 4:12-16 | 8:13-16 | 9:13-17 | 14:16-23 | 15:16-21 | 13:17-21 | 10:21-28 | 17:21-31 | 19:31-40 | 16:34-36 | 18:39-40 | 20:40-40
1;3;232;90,478125;0;0;2;12;7;4;5;12;17;16;31;8;17;17;16;34;21;39;31;40;True;40;3;39;3;1:0-0 | 2:0-5 | 3:2-6 | 6:4-7 | 7:5-8 | 5:7-9 | 12:8-16 | 4:12-16 | 8:12-15 | 10:16-23 | 15:16-21 | 13:17-21 | 14:17-24 | 9:17-21 | 17:21-31 | 11:31-34 | 19:31-40 | 16:34-36 | 18:39-40 | 20:40-40
1;3;233;88,428125;0;0;2;9;6;15;5;12;17;8;31;8;14;24;16;28;21;34;31;40;True;40;3;40;3;1:0-0 | 2:0-5 | 3:2-6 | 7:5-8 | 5:6-8 | 10:8-15 | 12:8-16 | 4:9-13 | 8:12-15 | 13:14-18 | 6:15-18 | 15:16-21 | 9:17-21 | 17:21-31 | 14:24-31 | 16:28-30 | 11:31-34 | 19:31-40 | 18:34-35 | 20:40-40
1;3;234;83,028125;0;0;0;8;15;17;5;13;7;5;33;8;17;21;16;38;21;38;31;40;True;40;3;41;3;1:0-0 | 2:0-5 | 3:0-4 | 10:5-12 | 7:5-8 | 9:7-11 | 12:8-16 | 4:8-12 | 8:13-16 | 5:15-17 | 15:16-21 | 13:17-21 | 6:17-20 | 14:21-28 | 17:21-31 | 19:31-40 | 11:33-36 | 16:38-40 | 18:38-39 | 20:40-40
1;3;235;102,478125;0;0;4;11;10;17;5;8;12;13;29;8;16;17;16;38;21;39;31;40;True;40;3;42;3;1:0-0 | 2:0-5 | 3:4-8 | 7:5-8 | 12:8-16 | 8:8-11 | 5:10-12 | 4:11-15 | 9:12-16 | 10:13-20 | 13:16-20 | 15:16-21 | 14:17-24 | 6:17-20 | 17:21-31 | 11:29-32 | 19:31-40 | 16:38-40 | 18:39-40 | 20:40-40
1;3;236;88,928125;0;0;4;12;18;5;5;8;17;18;31;8;10;17;16;33;21;38;31;40;True;40;3;43;3;1:0-0 | 2:0-5 | 3:4-8 | 6:5-8 | 7:5-8 | 12:8-16 | 8:8-11 | 13:10-14 | 4:12-16 | 15:16-21 | 14:17-24 | 9:17-21 | 10:18-25 | 5:18-20 | 17:21-31 | 11:31-34 | 19:31-40 | 16:33-35 | 18:38-39 | 20:40-40
1;3;237;90,328125;0;0;4;12;10;5;5;12;16;8;31;8;16;21;16;37;21;39;31;40;True;40;3;44;3;1:0-0 | 2:0-5 | 3:4-8 | 6:5-8 | 7:5-8 | 10:8-15 | 12:8-16 | 5:10-12 | 4:12-16 | 8:12-15 | 13:16-20 | 15:16-21 | 9:16-20 | 14:21-28 | 17:21-31 | 11:31-34 | 19:31-40 | 16:37-39 | 18:39-40 | 20:40-40
1;3;238;101,378125;0;0;2;12;7;21;5;13;17;18;32;8;17;8;16;34;21;39;31;40;True;40;3;45;3;1:0-0 | 2:0-5 | 3:2-6 | 7:5-8 | 5:7-9 | 12:8-16 | 14:8-15 | 4:12-16 | 8:13-16 | 15:16-21 | 13:17-21 | 9:17-21 | 10:18-25 | 17:21-31 | 6:21-24 | 19:31-40 | 11:32-35 | 16:34-36 | 18:39-40 | 20:40-40
1;3;239;93,028125;0;0;2;12;8;8;5;13;17;17;31;8;16;21;16;34;21;39;31;40;True;40;3;46;3;1:0-0 | 2:0-5 | 3:2-6 | 7:5-8 | 12:8-16 | 5:8-10 | 6:8-11 | 4:12-16 | 8:13-16 | 13:16-20 | 15:16-21 | 10:17-24 | 9:17-21 | 14:21-28 | 17:21-31 | 11:31-34 | 19:31-40 | 16:34-36 | 18:39-40 | 20:40-40
1;3;240;94,428125;0;0;4;12;10;18;5;8;8;18;31;8;17;23;16;33;21;38;31;40;True;40;3;47;3;1:0-0 | 2:0-5 | 3:4-8 | 7:5-8 | 12:8-16 | 8:8-11 | 9:8-12 | 5:10-12 | 4:12-16 | 15:16-21 | 13:17-21 | 10:18-25 | 6:18-21 | 17:21-31 | 14:23-30 | 11:31-34 | 19:31-40 | 16:33-35 | 18:38-39 | 20:40-40
1;3;241;88,128125;0;0;2;12;7;17;5;12;5;16;31;8;17;17;16;34;21;39;31;40;True;40;3;48;3;1:0-0 | 2:0-5 | 3:2-6 | 7:5-8 | 9:5-9 | 5:7-9 | 12:8-16 | 4:12-16 | 8:12-15 | 10:16-23 | 15:16-21 | 13:17-21 | 14:17-24 | 6:17-20 | 17:21-31 | 11:31-34 | 19:31-40 | 16:34-36 | 18:39-40 | 20:40-40
1;3;242;91,678125;0;0;0;7;15;3;5;13;5;20;37;8;17;33;16;31;21;38;31;40;True;40;3;49;3;1:0-0 | 2:0-5 | 3:0-4 | 6:3-6 | 7:5-8 | 9:5-9 | 4:7-11 | 12:8-16 | 8:13-16 | 5:15-17 | 15:16-21 | 13:17-21 | 10:20-27 | 17:21-31 | 16:31-33 | 19:31-40 | 14:33-40 | 11:37-40 | 18:38-39 | 20:40-40
1;3;243;92,578125;0;0;4;8;12;5;5;13;13;17;32;8;17;33;16;21;21;21;31;40;True;40;3;50;3;1:0-0 | 2:0-5 | 3:4-8 | 6:5-8 | 7:5-8 | 12:8-16 | 4:8-12 | 5:12-14 | 8:13-16 | 9:13-17 | 15:16-21 | 10:17-24 | 13:17-21 | 16:21-23 | 17:21-31 | 18:21-22 | 19:31-40 | 11:32-35 | 14:33-40 | 20:40-40
1;3;244;99,078125;0;0;2;12;8;17;5;12;17;5;29;8;16;21;16;38;21;39;31;40;True;40;3;51;3;1:0-0 | 2:0-5 | 3:2-6 | 10:5-12 | 7:5-8 | 12:8-16 | 5:8-10 | 4:12-16 | 8:12-15 | 13:16-20 | 15:16-21 | 6:17-20 | 9:17-21 | 14:21-28 | 17:21-31 | 11:29-32 | 19:31-40 | 16:38-40 | 18:39-40 | 20:40-40
1;3;245;103,928125;0;0;2;12;8;17;5;12;17;5;29;8;16;31;16;29;21;39;31;40;True;40;3;52;3;1:0-0 | 2:0-5 | 3:2-6 | 10:5-12 | 7:5-8 | 12:8-16 | 5:8-10 | 4:12-16 | 8:12-15 | 13:16-20 | 15:16-21 | 6:17-20 | 9:17-21 | 17:21-31 | 11:29-32 | 16:29-31 | 14:31-38 | 19:31-40 | 18:39-40 | 20:40-40
1;3;246;81,478125;0;0;2;8;12;5;5;13;13;17;32;8;17;33;16;21;21;39;31;40;True;40;3;53;3;1:0-0 | 2:0-5 | 3:2-6 | 6:5-8 | 7:5-8 | 12:8-16 | 4:8-12 | 5:12-14 | 8:13-16 | 9:13-17 | 15:16-21 | 10:17-24 | 13:17-21 | 16:21-23 | 17:21-31 | 19:31-40 | 11:32-35 | 14:33-40 | 18:39-40 | 20:40-40
1;3;247;94,428125;0;0;2;12;12;18;5;13;8;17;31;8;8;21;16;33;21;39;31;40;True;40;3;54;3;1:0-0 | 2:0-5 | 3:2-6 | 7:5-8 | 12:8-16 | 13:8-12 | 9:8-12 | 4:12-16 | 5:12-14 | 8:13-16 | 15:16-21 | 10:17-24 | 6:18-21 | 14:21-28 | 17:21-31 | 11:31-34 | 19:31-40 | 16:33-35 | 18:39-40 | 20:40-40
1;3;248;99,228125;0;0;4;8;17;5;5;13;17;8;33;8;17;8;16;31;21;39;31;40;True;40;3;55;3;1:0-0 | 2:0-5 | 3:4-8 | 6:5-8 | 7:5-8 | 10:8-15 | 12:8-16 | 14:8-15 | 4:8-12 | 8:13-16 | 15:16-21 | 13:17-21 | 5:17-19 | 9:17-21 | 17:21-31 | 16:31-33 | 19:31-40 | 11:33-36 | 18:39-40 | 20:40-40
1;3;249;88,528125;0;0;2;8;13;5;5;12;17;17;32;8;16;33;16;18;21;39;31;40;True;40;3;56;3;1:0-0 | 2:0-5 | 3:2-6 | 6:5-8 | 7:5-8 | 12:8-16 | 4:8-12 | 8:12-15 | 5:13-15 | 13:16-20 | 15:16-21 | 10:17-24 | 9:17-21 | 16:18-20 | 17:21-31 | 19:31-40 | 11:32-35 | 14:33-40 | 18:39-40 | 20:40-40
1;3;250;91,978125;0;0;4;12;10;16;5;8;5;16;37;8;16;31;16;21;21;39;31;40;True;40;3;57;3;1:0-0 | 2:0-5 | 3:4-8 | 7:5-8 | 9:5-9 | 12:8-16 | 8:8-11 | 5:10-12 | 4:12-16 | 10:16-23 | 13:16-20 | 15:16-21 | 6:16-19 | 16:21-23 | 17:21-31 | 14:31-38 | 19:31-40 | 11:37-40 | 18:39-40 | 20:40-40
1;3;251;92,628125;0;0;4;8;19;5;5;13;17;17;31;8;8;8;16;33;21;39;31;40;True;40;3;58;3;1:0-0 | 2:0-5 | 3:4-8 | 6:5-8 | 7:5-8 | 12:8-16 | 13:8-12 | 14:8-15 | 4:8-12 | 8:13-16 | 15:16-21 | 10:17-24 | 9:17-21 | 5:19-21 | 17:21-31 | 11:31-34 | 19:31-40 | 16:33-35 | 18:39-40 | 20:40-40
1;3;252;88,928125;0;0;4;12;18;5;5;8;17;18;31;8;10;23;16;33;21;38;31;40;True;40;3;59;3;1:0-0 | 2:0-5 | 3:4-8 | 6:5-8 | 7:5-8 | 12:8-16 | 8:8-11 | 13:10-14 | 4:12-16 | 15:16-21 | 9:17-21 | 10:18-25 | 5:18-20 | 17:21-31 | 14:23-30 | 11:31-34 | 19:31-40 | 16:33-35 | 18:38-39 | 20:40-40
1;3;253;91,178125;0;0;4;12;10;16;5;12;5;8;31;8;16;21;16;37;21;39;31;40;True;40;3;60;3;1:0-0 | 2:0-5 | 3:4-8 | 7:5-8 | 9:5-9 | 10:8-15 | 12:8-16 | 5:10-12 | 4:12-16 | 8:12-15 | 13:16-20 | 15:16-21 | 6:16-19 | 14:21-28 | 17:21-31 | 11:31-34 | 19:31-40 | 16:37-39 | 18:39-40 | 20:40-40
1;3;254;90,628125;0;0;2;12;9;11;5;13;17;16;31;8;17;19;16;34;21;38;31;40;True;40;3;61;3;1:0-0 | 2:0-5 | 3:2-6 | 7:5-8 | 12:8-16 | 5:9-11 | 6:11-14 | 4:12-16 | 8:13-16 | 10:16-23 | 15:16-21 | 13:17-21 | 9:17-21 | 14:19-26 | 17:21-31 | 11:31-34 | 19:31-40 | 16:34-36 | 18:38-39 | 20:40-40
1;3;255;83,028125;0;0;0;8;15;17;5;13;7;5;31;8;17;21;16;38;21;38;31;40;True;40;3;62;3;1:0-0 | 2:0-5 | 3:0-4 | 10:5-12 | 7:5-8 | 9:7-11 | 12:8-16 | 4:8-12 | 8:13-16 | 5:15-17 | 15:16-21 | 13:17-21 | 6:17-20 | 14:21-28 | 17:21-31 | 11:31-34 | 19:31-40 | 16:38-40 | 18:38-39 | 20:40-40
1;3;256;101,578125;0;0;4;12;10;17;5;13;7;12;33;8;17;33;16;33;21;21;31;40;True;40;3;63;3;1:0-0 | 2:0-5 | 3:4-8 | 7:5-8 | 9:7-11 | 12:8-16 | 5:10-12 | 10:12-19 | 4:12-16 | 8:13-16 | 15:16-21 | 13:17-21 | 6:17-20 | 17:21-31 | 18:21-22 | 19:31-40 | 11:33-36 | 14:33-40 | 16:33-35 | 20:40-40
1;4;1;91,228125;0;0;0;11;8;7;5;13;16;12;29;8;15;18;16;33;21;37;31;40;True;40;0;0;0;1:0-0 | 2:0-5 | 3:0-4 | 7:5-8 | 6:7-10 | 12:8-16 | 5:8-10 | 4:11-15 | 10:12-19 | 8:13-16 | 13:15-19 | 15:16-21 | 9:16-20 | 14:18-25 | 17:21-31 | 11:29-32 | 19:31-40 | 16:33-35 | 18:37-38 | 20:40-40
1;4;2;91,978125;0;0;1;11;9;9;5;13;16;15;34;8;15;18;16;33;21;28;31;40;True;40;0;1;0;1:0-0 | 2:0-5 | 3:1-5 | 7:5-8 | 12:8-16 | 5:9-11 | 6:9-12 | 4:11-15 | 8:13-16 | 10:15-22 | 13:15-19 | 15:16-21 | 9:16-20 | 14:18-25 | 17:21-31 | 18:28-29 | 19:31-40 | 16:33-35 | 11:34-37 | 20:40-40
1;4;3;92,128125;0;0;1;11;9;6;5;10;14;11;27;8;17;16;16;32;21;36;31;40;True;40;0;2;0;1:0-0 | 2:0-5 | 3:1-5 | 7:5-8 | 6:6-9 | 12:8-16 | 5:9-11 | 8:10-13 | 10:11-18 | 4:11-15 | 9:14-18 | 14:16-23 | 15:16-21 | 13:17-21 | 17:21-31 | 11:27-30 | 19:31-40 | 16:32-34 | 18:36-37 | 20:40-40
1;4;4;86,578125;0;0;0;11;8;7;5;10;16;11;30;8;14;18;16;35;21;27;31;40;True;40;0;3;0;1:0-0 | 2:0-5 | 3:0-4 | 7:5-8 | 6:7-10 | 12:8-16 | 5:8-10 | 8:10-13 | 10:11-18 | 4:11-15 | 13:14-18 | 15:16-21 | 9:16-20 | 14:18-25 | 17:21-31 | 18:27-28 | 11:30-33 | 19:31-40 | 16:35-37 | 20:40-40
1;4;5;90,678125;0;0;1;8;9;13;5;11;16;15;34;8;16;16;16;37;21;27;31;40;True;40;0;4;0;1:0-0 | 2:0-5 | 3:1-5 | 7:5-8 | 12:8-16 | 4:8-12 | 5:9-11 | 8:11-14 | 6:13-16 | 10:15-22 | 13:16-20 | 14:16-23 | 15:16-21 | 9:16-20 | 17:21-31 | 18:27-28 | 19:31-40 | 11:34-37 | 16:37-39 | 20:40-40
1;4;6;91,228125;0;0;1;10;7;9;5;13;13;14;31;8;14;18;16;35;21;21;31;40;True;40;0;5;0;1:0-0 | 2:0-5 | 3:1-5 | 7:5-8 | 5:7-9 | 12:8-16 | 6:9-12 | 4:10-14 | 8:13-16 | 9:13-17 | 10:14-21 | 13:14-18 | 15:16-21 | 14:18-25 | 17:21-31 | 18:21-22 | 11:31-34 | 19:31-40 | 16:35-37 | 20:40-40
1;4;7;83,028125;0;0;1;9;7;11;5;12;16;12;31;8;14;8;16;34;21;21;31;40;True;40;0;6;0;1:0-0 | 2:0-5 | 3:1-5 | 7:5-8 | 5:7-9 | 12:8-16 | 14:8-15 | 4:9-13 | 6:11-14 | 10:12-19 | 8:12-15 | 13:14-18 | 15:16-21 | 9:16-20 | 17:21-31 | 18:21-22 | 11:31-34 | 19:31-40 | 16:34-36 | 20:40-40
1;4;8;85,278125;0;0;1;10;7;9;5;13;16;14;31;8;14;18;16;35;21;38;31;40;True;40;0;7;0;1:0-0 | 2:0-5 | 3:1-5 | 7:5-8 | 5:7-9 | 12:8-16 | 6:9-12 | 4:10-14 | 8:13-16 | 10:14-21 | 13:14-18 | 15:16-21 | 9:16-20 | 14:18-25 | 17:21-31 | 11:31-34 | 19:31-40 | 16:35-37 | 18:38-39 | 20:40-40
1;4;9;85,678125;0;0;1;9;7;15;5;12;16;10;32;8;14;21;16;36;21;32;31;40;True;40;0;8;0;1:0-0 | 2:0-5 | 3:1-5 | 7:5-8 | 5:7-9 | 12:8-16 | 4:9-13 | 10:10-17 | 8:12-15 | 13:14-18 | 6:15-18 | 15:16-21 | 9:16-20 | 14:21-28 | 17:21-31 | 19:31-40 | 11:32-35 | 18:32-33 | 16:36-38 | 20:40-40
1;4;10;85,278125;0;0;1;10;7;9;5;13;16;14;31;8;14;18;16;35;21;38;31;40;True;40;0;9;0;1:0-0 | 2:0-5 | 3:1-5 | 7:5-8 | 5:7-9 | 12:8-16 | 6:9-12 | 4:10-14 | 8:13-16 | 10:14-21 | 13:14-18 | 15:16-21 | 9:16-20 | 14:18-25 | 17:21-31 | 11:31-34 | 19:31-40 | 16:35-37 | 18:38-39 | 20:40-40
1;4;11;94,828125;0;0;1;9;12;6;5;13;12;9;26;8;15;17;16;34;21;38;31;40;True;40;0;10;0;1:0-0 | 2:0-5 | 3:1-5 | 7:5-8 | 6:6-9 | 12:8-16 | 10:9-16 | 4:9-13 | 5:12-14 | 9:12-16 | 8:13-16 | 13:15-19 | 15:16-21 | 14:17-24 | 17:21-31 | 11:26-29 | 19:31-40 | 16:34-36 | 18:38-39 | 20:40-40
1;4;12;95,928125;0;0;1;12;6;9;5;10;17;18;25;8;14;17;16;32;21;36;31;40;True;40;0;11;0;1:0-0 | 2:0-5 | 3:1-5 | 7:5-8 | 5:6-8 | 12:8-16 | 6:9-12 | 8:10-13 | 4:12-16 | 13:14-18 | 15:16-21 | 14:17-24 | 9:17-21 | 10:18-25 | 17:21-31 | 11:25-28 | 19:31-40 | 16:32-34 | 18:36-37 | 20:40-40
1;4;13;90,528125;0;0;2;12;13;11;5;9;17;16;31;8;17;19;16;34;21;38;31;40;True;40;0;12;0;1:0-0 | 2:0-5 | 3:2-6 | 7:5-8 | 12:8-16 | 8:9-12 | 6:11-14 | 4:12-16 | 5:13-15 | 10:16-23 | 15:16-21 | 13:17-21 | 9:17-21 | 14:19-26 | 17:21-31 | 11:31-34 | 19:31-40 | 16:34-36 | 18:38-39 | 20:40-40
1;4;14;87,328125;0;0;1;8;14;6;5;12;10;11;24;8;16;16;16;32;21;37;31;40;True;40;0;13;0;1:0-0 | 2:0-5 | 3:1-5 | 7:5-8 | 6:6-9 | 12:8-16 | 4:8-12 | 9:10-14 | 10:11-18 | 8:12-15 | 5:14-16 | 13:16-20 | 14:16-23 | 15:16-21 | 17:21-31 | 11:24-27 | 19:31-40 | 16:32-34 | 18:37-38 | 20:40-40
1;4;15;91,078125;0;0;2;10;8;16;5;12;15;12;32;8;16;23;16;37;21;21;31;40;True;40;0;14;0;1:0-0 | 2:0-5 | 3:2-6 | 7:5-8 | 12:8-16 | 5:8-10 | 4:10-14 | 10:12-19 | 8:12-15 | 9:15-19 | 13:16-20 | 15:16-21 | 6:16-19 | 17:21-31 | 18:21-22 | 14:23-30 | 19:31-40 | 11:32-35 | 16:37-39 | 20:40-40
1;4;16;85,628125;0;0;2;8;10;12;5;12;16;19;31;8;15;17;16;35;21;38;31;40;True;40;0;15;0;1:0-0 | 2:0-5 | 3:2-6 | 7:5-8 | 12:8-16 | 4:8-12 | 5:10-12 | 6:12-15 | 8:12-15 | 13:15-19 | 15:16-21 | 9:16-20 | 14:17-24 | 10:19-26 | 17:21-31 | 11:31-34 | 19:31-40 | 16:35-37 | 18:38-39 | 20:40-40
1;4;17;84,028125;0;0;2;10;8;12;5;12;16;13;32;8;15;23;16;37;21;39;31;40;True;40;0;16;0;1:0-0 | 2:0-5 | 3:2-6 | 7:5-8 | 12:8-16 | 5:8-10 | 4:10-14 | 6:12-15 | 8:12-15 | 10:13-20 | 13:15-19 | 15:16-21 | 9:16-20 | 17:21-31 | 14:23-30 | 19:31-40 | 11:32-35 | 16:37-39 | 18:39-40 | 20:40-40
1;4;18;87,828125;0;0;2;8;10;12;5;12;16;20;31;8;15;14;16;33;21;38;31;40;True;40;0;17;0;1:0-0 | 2:0-5 | 3:2-6 | 7:5-8 | 12:8-16 | 4:8-12 | 5:10-12 | 6:12-15 | 8:12-15 | 14:14-21 | 13:15-19 | 15:16-21 | 9:16-20 | 10:20-27 | 17:21-31 | 11:31-34 | 19:31-40 | 16:33-35 | 18:38-39 | 20:40-40
1;4;19;86,428125;0;0;2;9;8;13;5;13;15;5;34;8;17;12;16;32;21;37;31;40;True;40;0;18;0;1:0-0 | 2:0-5 | 3:2-6 | 10:5-12 | 7:5-8 | 12:8-16 | 5:8-10 | 4:9-13 | 14:12-19 | 6:13-16 | 8:13-16 | 9:15-19 | 15:16-21 | 13:17-21 | 17:21-31 | 19:31-40 | 16:32-34 | 11:34-37 | 18:37-38 | 20:40-40
1;4;20;83,228125;0;0;1;10;14;9;5;13;16;14;31;8;8;18;16;35;21;38;31;40;True;40;0;19;0;1:0-0 | 2:0-5 | 3:1-5 | 7:5-8 | 12:8-16 | 13:8-12 | 6:9-12 | 4:10-14 | 8:13-16 | 10:14-21 | 5:14-16 | 15:16-21 | 9:16-20 | 14:18-25 | 17:21-31 | 11:31-34 | 19:31-40 | 16:35-37 | 18:38-39 | 20:40-40
1;4;21;81,478125;0;0;2;8;12;5;5;13;13;17;32;8;17;33;16;21;21;39;31;40;True;40;0;20;0;1:0-0 | 2:0-5 | 3:2-6 | 6:5-8 | 7:5-8 | 12:8-16 | 4:8-12 | 5:12-14 | 8:13-16 | 9:13-17 | 15:16-21 | 10:17-24 | 13:17-21 | 16:21-23 | 17:21-31 | 19:31-40 | 11:32-35 | 14:33-40 | 18:39-40 | 20:40-40
1;4;22;83,878125;0;0;1;9;7;14;5;12;6;16;30;8;14;14;16;20;21;36;31;40;True;40;0;21;0;1:0-0 | 2:0-5 | 3:1-5 | 7:5-8 | 9:6-10 | 5:7-9 | 12:8-16 | 4:9-13 | 8:12-15 | 13:14-18 | 14:14-21 | 6:14-17 | 10:16-23 | 15:16-21 | 16:20-22 | 17:21-31 | 11:30-33 | 19:31-40 | 18:36-37 | 20:40-40
1;4;23;87,328125;0;0;1;10;7;9;5;13;16;14;31;8;14;21;16;35;21;21;31;40;True;40;0;22;0;1:0-0 | 2:0-5 | 3:1-5 | 7:5-8 | 5:7-9 | 12:8-16 | 6:9-12 | 4:10-14 | 8:13-16 | 10:14-21 | 13:14-18 | 15:16-21 | 9:16-20 | 14:21-28 | 17:21-31 | 18:21-22 | 11:31-34 | 19:31-40 | 16:35-37 | 20:40-40
1;4;24;87,328125;0;0;1;10;7;9;5;13;16;14;31;8;14;18;16;35;21;21;31;40;True;40;0;23;0;1:0-0 | 2:0-5 | 3:1-5 | 7:5-8 | 5:7-9 | 12:8-16 | 6:9-12 | 4:10-14 | 8:13-16 | 10:14-21 | 13:14-18 | 15:16-21 | 9:16-20 | 14:18-25 | 17:21-31 | 18:21-22 | 11:31-34 | 19:31-40 | 16:35-37 | 20:40-40
1;4;25;89,478125;0;0;0;11;7;14;5;9;16;9;26;8;15;10;16;32;21;36;31;40;True;40;0;24;0;1:0-0 | 2:0-5 | 3:0-4 | 7:5-8 | 5:7-9 | 12:8-16 | 10:9-16 | 8:9-12 | 14:10-17 | 4:11-15 | 6:14-17 | 13:15-19 | 15:16-21 | 9:16-20 | 17:21-31 | 11:26-29 | 19:31-40 | 16:32-34 | 18:36-37 | 20:40-40
1;4;26;91,728125;0;0;1;9;19;9;5;12;16;19;31;8;13;13;16;16;21;21;31;40;True;40;0;25;0;1:0-0 | 2:0-5 | 3:1-5 | 7:5-8 | 12:8-16 | 4:9-13 | 6:9-12 | 8:12-15 | 13:13-17 | 14:13-20 | 15:16-21 | 16:16-18 | 9:16-20 | 10:19-26 | 5:19-21 | 17:21-31 | 18:21-22 | 11:31-34 | 19:31-40 | 20:40-40
1;4;27;88,828125;0;0;2;9;7;15;5;12;17;11;32;8;15;31;16;33;21;23;31;40;True;40;0;26;0;1:0-0 | 2:0-5 | 3:2-6 | 7:5-8 | 5:7-9 | 12:8-16 | 4:9-13 | 10:11-18 | 8:12-15 | 13:15-19 | 6:15-18 | 15:16-21 | 9:17-21 | 17:21-31 | 18:23-24 | 14:31-38 | 19:31-40 | 11:32-35 | 16:33-35 | 20:40-40
1;4;28;90,328125;0;0;1;8;6;17;5;12;16;10;29;8;16;16;16;32;21;37;31;40;True;40;0;27;0;1:0-0 | 2:0-5 | 3:1-5 | 7:5-8 | 5:6-8 | 12:8-16 | 4:8-12 | 10:10-17 | 8:12-15 | 13:16-20 | 14:16-23 | 15:16-21 | 9:16-20 | 6:17-20 | 17:21-31 | 11:29-32 | 19:31-40 | 16:32-34 | 18:37-38 | 20:40-40
1;4;29;96,028125;0;0;2;10;19;12;5;12;16;13;8;8;15;23;16;37;21;39;31;40;True;40;0;28;0;1:0-0 | 2:0-5 | 3:2-6 | 7:5-8 | 11:8-11 | 12:8-16 | 4:10-14 | 6:12-15 | 8:12-15 | 10:13-20 | 13:15-19 | 15:16-21 | 9:16-20 | 5:19-21 | 17:21-31 | 14:23-30 | 19:31-40 | 16:37-39 | 18:39-40 | 20:40-40
1;4;30;93,278125;0;0;2;12;8;12;5;12;16;13;32;8;15;23;16;37;21;21;31;40;True;40;0;29;0;1:0-0 | 2:0-5 | 3:2-6 | 7:5-8 | 12:8-16 | 5:8-10 | 4:12-16 | 6:12-15 | 8:12-15 | 10:13-20 | 13:15-19 | 15:16-21 | 9:16-20 | 17:21-31 | 18:21-22 | 14:23-30 | 19:31-40 | 11:32-35 | 16:37-39 | 20:40-40
1;4;31;93,828125;0;0;1;12;8;8;5;10;16;13;28;8;14;17;16;32;21;35;31;40;True;40;0;30;0;1:0-0 | 2:0-5 | 3:1-5 | 7:5-8 | 12:8-16 | 5:8-10 | 6:8-11 | 8:10-13 | 4:12-16 | 10:13-20 | 13:14-18 | 15:16-21 | 9:16-20 | 14:17-24 | 17:21-31 | 11:28-31 | 19:31-40 | 16:32-34 | 18:35-36 | 20:40-40
1;4;32;80,228125;0;0;1;10;7;5;5;12;16;12;31;8;14;17;16;34;21;22;31;40;True;40;0;31;0;1:0-0 | 2:0-5 | 3:1-5 | 6:5-8 | 7:5-8 | 5:7-9 | 12:8-16 | 4:10-14 | 10:12-19 | 8:12-15 | 13:14-18 | 15:16-21 | 9:16-20 | 14:17-24 | 17:21-31 | 18:22-23 | 11:31-34 | 19:31-40 | 16:34-36 | 20:40-40
1;4;33;89,428125;0;0;1;9;17;5;5;12;15;11;24;8;13;25;16;32;21;37;31;40;True;40;0;32;0;1:0-0 | 2:0-5 | 3:1-5 | 6:5-8 | 7:5-8 | 12:8-16 | 4:9-13 | 10:11-18 | 8:12-15 | 13:13-17 | 9:15-19 | 15:16-21 | 5:17-19 | 17:21-31 | 11:24-27 | 14:25-32 | 19:31-40 | 16:32-34 | 18:37-38 | 20:40-40
1;4;34;86,628125;0;0;1;10;8;13;5;10;16;12;30;8;15;16;16;33;21;37;31;40;True;40;0;33;0;1:0-0 | 2:0-5 | 3:1-5 | 7:5-8 | 12:8-16 | 5:8-10 | 4:10-14 | 8:10-13 | 10:12-19 | 6:13-16 | 13:15-19 | 14:16-23 | 15:16-21 | 9:16-20 | 17:21-31 | 11:30-33 | 19:31-40 | 16:33-35 | 18:37-38 | 20:40-40
1;4;35;93,978125;0;0;0;9;15;12;5;13;15;11;32;8;16;8;16;35;21;21;31;40;True;40;0;34;0;1:0-0 | 2:0-5 | 3:0-4 | 7:5-8 | 12:8-16 | 14:8-15 | 4:9-13 | 10:11-18 | 6:12-15 | 8:13-16 | 5:15-17 | 9:15-19 | 13:16-20 | 15:16-21 | 17:21-31 | 18:21-22 | 19:31-40 | 11:32-35 | 16:35-37 | 20:40-40
1;4;36;84,478125;0;0;1;10;7;9;5;13;14;14;31;8;16;18;16;35;21;38;31;40;True;40;0;35;0;1:0-0 | 2:0-5 | 3:1-5 | 7:5-8 | 5:7-9 | 12:8-16 | 6:9-12 | 4:10-14 | 8:13-16 | 10:14-21 | 9:14-18 | 13:16-20 | 15:16-21 | 14:18-25 | 17:21-31 | 11:31-34 | 19:31-40 | 16:35-37 | 18:38-39 | 20:40-40
1;4;37;89,128125;0;0;1;9;5;6;5;11;16;12;25;8;13;17;16;33;21;36;31;40;True;40;0;36;0;1:0-0 | 2:0-5 | 3:1-5 | 5:5-7 | 7:5-8 | 6:6-9 | 12:8-16 | 4:9-13 | 8:11-14 | 10:12-19 | 13:13-17 | 15:16-21 | 9:16-20 | 14:17-24 | 17:21-31 | 11:25-28 | 19:31-40 | 16:33-35 | 18:36-37 | 20:40-40
1;4;38;85,678125;0;0;0;9;6;12;5;13;15;11;32;8;16;15;16;35;21;21;31;40;True;40;0;37;0;1:0-0 | 2:0-5 | 3:0-4 | 7:5-8 | 5:6-8 | 12:8-16 | 4:9-13 | 10:11-18 | 6:12-15 | 8:13-16 | 14:15-22 | 9:15-19 | 13:16-20 | 15:16-21 | 17:21-31 | 18:21-22 | 19:31-40 | 11:32-35 | 16:35-37 | 20:40-40
1;4;39;86,278125;0;0;0;12;8;5;5;9;16;6;28;8;14;18;16;34;21;22;31;40;True;40;0;38;0;1:0-0 | 2:0-5 | 3:0-4 | 6:5-8 | 7:5-8 | 10:6-13 | 12:8-16 | 5:8-10 | 8:9-12 | 4:12-16 | 13:14-18 | 15:16-21 | 9:16-20 | 14:18-25 | 17:21-31 | 18:22-23 | 11:28-31 | 19:31-40 | 16:34-36 | 20:40-40
1;4;40;90,628125;0;0;2;12;9;11;5;13;17;19;31;8;17;16;16;34;21;38;31;40;True;40;0;39;0;1:0-0 | 2:0-5 | 3:2-6 | 7:5-8 | 12:8-16 | 5:9-11 | 6:11-14 | 4:12-16 | 8:13-16 | 14:16-23 | 15:16-21 | 13:17-21 | 9:17-21 | 10:19-26 | 17:21-31 | 11:31-34 | 19:31-40 | 16:34-36 | 18:38-39 | 20:40-40
1;4;41;83,928125;0;0;1;9;7;9;5;12;16;19;31;8;13;13;16;34;21;21;31;40;True;40;0;40;0;1:0-0 | 2:0-5 | 3:1-5 | 7:5-8 | 5:7-9 | 12:8-16 | 4:9-13 | 6:9-12 | 8:12-15 | 13:13-17 | 14:13-20 | 15:16-21 | 9:16-20 | 10:19-26 | 17:21-31 | 18:21-22 | 11:31-34 | 19:31-40 | 16:34-36 | 20:40-40
1;4;42;83,878125;0;0;1;9;7;14;5;12;6;16;30;8;14;14;16;20;21;36;31;40;True;40;0;41;0;1:0-0 | 2:0-5 | 3:1-5 | 7:5-8 | 9:6-10 | 5:7-9 | 12:8-16 | 4:9-13 | 8:12-15 | 13:14-18 | 14:14-21 | 6:14-17 | 10:16-23 | 15:16-21 | 16:20-22 | 17:21-31 | 11:30-33 | 19:31-40 | 18:36-37 | 20:40-40
1;4;43;93,028125;0;0;1;10;7;28;5;13;16;14;31;8;14;18;16;35;21;21;31;40;True;40;0;42;0;1:0-0 | 2:0-5 | 3:1-5 | 7:5-8 | 5:7-9 | 12:8-16 | 4:10-14 | 8:13-16 | 10:14-21 | 13:14-18 | 15:16-21 | 9:16-20 | 14:18-25 | 17:21-31 | 18:21-22 | 6:28-31 | 11:31-34 | 19:31-40 | 16:35-37 | 20:40-40
1;4;44;90,528125;0;0;1;12;19;9;5;10;16;14;31;8;14;18;16;35;21;21;31;40;True;40;0;43;0;1:0-0 | 2:0-5 | 3:1-5 | 7:5-8 | 12:8-16 | 6:9-12 | 8:10-13 | 4:12-16 | 10:14-21 | 13:14-18 | 15:16-21 | 9:16-20 | 14:18-25 | 5:19-21 | 17:21-31 | 18:21-22 | 11:31-34 | 19:31-40 | 16:35-37 | 20:40-40
1;4;45;85,778125;0;0;1;10;7;5;5;12;17;12;31;8;14;17;16;16;21;22;31;40;True;40;0;44;0;1:0-0 | 2:0-5 | 3:1-5 | 6:5-8 | 7:5-8 | 5:7-9 | 12:8-16 | 4:10-14 | 10:12-19 | 8:12-15 | 13:14-18 | 15:16-21 | 16:16-18 | 14:17-24 | 9:17-21 | 17:21-31 | 18:22-23 | 11:31-34 | 19:31-40 | 20:40-40
1;4;46;89,628125;0;0;2;11;9;12;5;13;16;15;31;8;16;19;16;33;21;38;31;40;True;40;0;45;0;1:0-0 | 2:0-5 | 3:2-6 | 7:5-8 | 12:8-16 | 5:9-11 | 4:11-15 | 6:12-15 | 8:13-16 | 10:15-22 | 13:16-20 | 15:16-21 | 9:16-20 | 14:19-26 | 17:21-31 | 11:31-34 | 19:31-40 | 16:33-35 | 18:38-39 | 20:40-40
1;4;47;89,978125;0;0;1;9;7;9;5;12;16;14;27;8;14;17;16;32;21;37;31;40;True;40;0;46;0;1:0-0 | 2:0-5 | 3:1-5 | 7:5-8 | 5:7-9 | 12:8-16 | 4:9-13 | 6:9-12 | 8:12-15 | 10:14-21 | 13:14-18 | 15:16-21 | 9:16-20 | 14:17-24 | 17:21-31 | 11:27-30 | 19:31-40 | 16:32-34 | 18:37-38 | 20:40-40
1;4;48;88,928125;0;0;4;12;18;5;5;8;17;18;31;8;10;17;16;33;21;38;31;40;True;40;0;47;0;1:0-0 | 2:0-5 | 3:4-8 | 6:5-8 | 7:5-8 | 12:8-16 | 8:8-11 | 13:10-14 | 4:12-16 | 15:16-21 | 14:17-24 | 9:17-21 | 10:18-25 | 5:18-20 | 17:21-31 | 11:31-34 | 19:31-40 | 16:33-35 | 18:38-39 | 20:40-40
1;4;49;93,028125;0;0;1;9;5;11;5;13;16;5;24;8;15;20;16;34;21;32;31;40;True;40;0;48;0;1:0-0 | 2:0-5 | 3:1-5 | 10:5-12 | 5:5-7 | 7:5-8 | 12:8-16 | 4:9-13 | 6:11-14 | 8:13-16 | 13:15-19 | 15:16-21 | 9:16-20 | 14:20-27 | 17:21-31 | 11:24-27 | 19:31-40 | 18:32-33 | 16:34-36 | 20:40-40
1;4;50;83,078125;0;0;1;8;6;14;5;12;16;11;32;8;14;29;16;35;21;21;31;40;True;40;0;49;0;1:0-0 | 2:0-5 | 3:1-5 | 7:5-8 | 5:6-8 | 12:8-16 | 4:8-12 | 10:11-18 | 8:12-15 | 13:14-18 | 6:14-17 | 15:16-21 | 9:16-20 | 17:21-31 | 18:21-22 | 14:29-36 | 19:31-40 | 11:32-35 | 16:35-37 | 20:40-40
1;4;51;96,928125;0;0;1;11;8;3;5;8;5;10;24;8;13;20;16;27;21;33;31;40;True;40;0;50;0;1:0-0 | 2:0-5 | 3:1-5 | 6:3-6 | 7:5-8 | 9:5-9 | 12:8-16 | 5:8-10 | 8:8-11 | 10:10-17 | 4:11-15 | 13:13-17 | 15:16-21 | 14:20-27 | 17:21-31 | 11:24-27 | 16:27-29 | 19:31-40 | 18:33-34 | 20:40-40
1;4;52;85,678125;0;0;0;9;6;12;5;13;15;11;32;8;16;15;16;35;21;21;31;40;True;40;0;51;0;1:0-0 | 2:0-5 | 3:0-4 | 7:5-8 | 5:6-8 | 12:8-16 | 4:9-13 | 10:11-18 | 6:12-15 | 8:13-16 | 14:15-22 | 9:15-19 | 13:16-20 | 15:16-21 | 17:21-31 | 18:21-22 | 19:31-40 | 11:32-35 | 16:35-37 | 20:40-40
1;4;53;87,328125;0;0;1;10;7;9;5;13;16;14;31;8;14;18;16;35;21;21;31;40;True;40;0;52;0;1:0-0 | 2:0-5 | 3:1-5 | 7:5-8 | 5:7-9 | 12:8-16 | 6:9-12 | 4:10-14 | 8:13-16 | 10:14-21 | 13:14-18 | 15:16-21 | 9:16-20 | 14:18-25 | 17:21-31 | 18:21-22 | 11:31-34 | 19:31-40 | 16:35-37 | 20:40-40
1;4;54;87,828125;0;0;2;8;10;12;5;12;16;14;31;8;15;20;16;33;21;38;31;40;True;40;0;53;0;1:0-0 | 2:0-5 | 3:2-6 | 7:5-8 | 12:8-16 | 4:8-12 | 5:10-12 | 6:12-15 | 8:12-15 | 10:14-21 | 13:15-19 | 15:16-21 | 9:16-20 | 14:20-27 | 17:21-31 | 11:31-34 | 19:31-40 | 16:33-35 | 18:38-39 | 20:40-40
1;4;55;91,328125;0;0;3;10;8;17;5;13;15;10;37;8;17;19;16;33;21;39;31;40;True;40;0;54;0;1:0-0 | 2:0-5 | 3:3-7 | 7:5-8 | 12:8-16 | 5:8-10 | 10:10-17 | 4:10-14 | 8:13-16 | 9:15-19 | 15:16-21 | 13:17-21 | 6:17-20 | 14:19-26 | 17:21-31 | 19:31-40 | 16:33-35 | 11:37-40 | 18:39-40 | 20:40-40
1;4;56;90,028125;0;0;3;9;8;13;5;13;15;5;35;8;17;31;16;33;21;38;31;40;True;40;0;55;0;1:0-0 | 2:0-5 | 3:3-7 | 10:5-12 | 7:5-8 | 12:8-16 | 5:8-10 | 4:9-13 | 6:13-16 | 8:13-16 | 9:15-19 | 15:16-21 | 13:17-21 | 17:21-31 | 14:31-38 | 19:31-40 | 16:33-35 | 11:35-38 | 18:38-39 | 20:40-40
1;4;57;89,528125;0;0;1;11;7;9;5;10;16;5;30;8;13;19;16;35;21;28;31;40;True;40;0;56;0;1:0-0 | 2:0-5 | 3:1-5 | 10:5-12 | 7:5-8 | 5:7-9 | 12:8-16 | 6:9-12 | 8:10-13 | 4:11-15 | 13:13-17 | 15:16-21 | 9:16-20 | 14:19-26 | 17:21-31 | 18:28-29 | 11:30-33 | 19:31-40 | 16:35-37 | 20:40-40
1;4;58;90,628125;0;0;2;12;9;11;5;13;17;16;31;8;17;19;16;34;21;38;31;40;True;40;0;57;0;1:0-0 | 2:0-5 | 3:2-6 | 7:5-8 | 12:8-16 | 5:9-11 | 6:11-14 | 4:12-16 | 8:13-16 | 10:16-23 | 15:16-21 | 13:17-21 | 9:17-21 | 14:19-26 | 17:21-31 | 11:31-34 | 19:31-40 | 16:34-36 | 18:38-39 | 20:40-40
1;4;59;90,428125;0;0;1;8;9;10;5;12;15;5;31;8;14;19;16;32;21;34;31;40;True;40;0;58;0;1:0-0 | 2:0-5 | 3:1-5 | 10:5-12 | 7:5-8 | 12:8-16 | 4:8-12 | 5:9-11 | 6:10-13 | 8:12-15 | 13:14-18 | 9:15-19 | 15:16-21 | 14:19-26 | 17:21-31 | 11:31-34 | 19:31-40 | 16:32-34 | 18:34-35 | 20:40-40
1;4;60;86,878125;0;0;0;8;9;15;5;12;5;7;29;8;14;16;16;26;21;35;31;40;True;40;0;59;0;1:0-0 | 2:0-5 | 3:0-4 | 7:5-8 | 9:5-9 | 10:7-14 | 12:8-16 | 4:8-12 | 5:9-11 | 8:12-15 | 13:14-18 | 6:15-18 | 14:16-23 | 15:16-21 | 17:21-31 | 16:26-28 | 11:29-32 | 19:31-40 | 18:35-36 | 20:40-40
1;4;61;83,878125;0;0;1;9;7;14;5;12;6;16;30;8;14;14;16;20;21;36;31;40;True;40;0;60;0;1:0-0 | 2:0-5 | 3:1-5 | 7:5-8 | 9:6-10 | 5:7-9 | 12:8-16 | 4:9-13 | 8:12-15 | 13:14-18 | 14:14-21 | 6:14-17 | 10:16-23 | 15:16-21 | 16:20-22 | 17:21-31 | 11:30-33 | 19:31-40 | 18:36-37 | 20:40-40
1;4;62;93,928125;0;0;4;9;8;15;5;13;13;5;34;8;17;12;16;32;21;37;31;40;True;40;0;61;0;1:0-0 | 2:0-5 | 3:4-8 | 10:5-12 | 7:5-8 | 12:8-16 | 5:8-10 | 4:9-13 | 14:12-19 | 8:13-16 | 9:13-17 | 6:15-18 | 15:16-21 | 13:17-21 | 17:21-31 | 19:31-40 | 16:32-34 | 11:34-37 | 18:37-38 | 20:40-40
1;4;63;91,128125;0;0;1;10;19;9;5;13;16;14;31;8;14;18;16;35;21;21;31;40;True;40;0;62;0;1:0-0 | 2:0-5 | 3:1-5 | 7:5-8 | 12:8-16 | 6:9-12 | 4:10-14 | 8:13-16 | 10:14-21 | 13:14-18 | 15:16-21 | 9:16-20 | 14:18-25 | 5:19-21 | 17:21-31 | 18:21-22 | 11:31-34 | 19:31-40 | 16:35-37 | 20:40-40
1;4;64;90,628125;0;0;2;12;9;11;5;13;17;16;31;8;17;19;16;34;21;38;31;40;True;40;0;63;0;1:0-0 | 2:0-5 | 3:2-6 | 7:5-8 | 12:8-16 | 5:9-11 | 6:11-14 | 4:12-16 | 8:13-16 | 10:16-23 | 15:16-21 | 13:17-21 | 9:17-21 | 14:19-26 | 17:21-31 | 11:31-34 | 19:31-40 | 16:34-36 | 18:38-39 | 20:40-40
1;4;65;92,978125;0;0;3;10;8;3;5;13;11;11;32;8;17;31;16;37;21;38;31;40;True;40;1;0;1;1:0-0 | 2:0-5 | 3:3-7 | 6:3-6 | 7:5-8 | 12:8-16 | 5:8-10 | 4:10-14 | 10:11-18 | 9:11-15 | 8:13-16 | 15:16-21 | 13:17-21 | 17:21-31 | 14:31-38 | 19:31-40 | 11:32-35 | 16:37-39 | 18:38-39 | 20:40-40
1;4;66;104,878125;0;0;1;7;8;12;5;9;16;6;25;8;13;21;16;27;21;29;31;40;True;40;1;1;1;1:0-0 | 2:0-5 | 3:1-5 | 7:5-8 | 10:6-13 | 4:7-11 | 12:8-16 | 5:8-10 | 8:9-12 | 6:12-15 | 13:13-17 | 15:16-21 | 9:16-20 | 14:21-28 | 17:21-31 | 11:25-28 | 16:27-29 | 18:29-30 | 19:31-40 | 20:40-40
1;4;67;96,828125;0;0;1;10;14;4;5;7;17;9;20;8;13;14;16;28;21;32;31;40;True;40;1;2;1;1:0-0 | 2:0-5 | 3:1-5 | 6:4-7 | 7:5-8 | 8:7-10 | 12:8-16 | 10:9-16 | 4:10-14 | 13:13-17 | 14:14-21 | 5:14-16 | 15:16-21 | 9:17-21 | 11:20-23 | 17:21-31 | 16:28-30 | 19:31-40 | 18:32-33 | 20:40-40
1;4;68;96,878125;0;0;2;8;5;15;5;11;17;13;26;8;13;22;16;30;21;34;31;40;True;40;1;3;1;1:0-0 | 2:0-5 | 3:2-6 | 5:5-7 | 7:5-8 | 12:8-16 | 4:8-12 | 8:11-14 | 10:13-20 | 13:13-17 | 6:15-18 | 15:16-21 | 9:17-21 | 17:21-31 | 14:22-29 | 11:26-29 | 16:30-32 | 19:31-40 | 18:34-35 | 20:40-40
1;4;69;88,928125;0;0;4;12;18;5;5;8;17;18;31;8;10;23;16;33;21;38;31;40;True;40;1;4;1;1:0-0 | 2:0-5 | 3:4-8 | 6:5-8 | 7:5-8 | 12:8-16 | 8:8-11 | 13:10-14 | 4:12-16 | 15:16-21 | 9:17-21 | 10:18-25 | 5:18-20 | 17:21-31 | 14:23-30 | 11:31-34 | 19:31-40 | 16:33-35 | 18:38-39 | 20:40-40
1;4;70;90,678125;0;0;1;11;9;16;5;12;6;7;30;8;14;12;16;27;21;35;31;40;True;40;1;5;1;1:0-0 | 2:0-5 | 3:1-5 | 7:5-8 | 9:6-10 | 10:7-14 | 12:8-16 | 5:9-11 | 4:11-15 | 14:12-19 | 8:12-15 | 13:14-18 | 15:16-21 | 6:16-19 | 17:21-31 | 16:27-29 | 11:30-33 | 19:31-40 | 18:35-36 | 20:40-40
1;4;71;100,928125;0;0;0;9;12;7;5;13;10;12;20;8;15;16;16;30;21;32;31;40;True;40;1;6;1;1:0-0 | 2:0-5 | 3:0-4 | 7:5-8 | 6:7-10 | 12:8-16 | 4:9-13 | 9:10-14 | 10:12-19 | 5:12-14 | 8:13-16 | 13:15-19 | 14:16-23 | 15:16-21 | 11:20-23 | 17:21-31 | 16:30-32 | 19:31-40 | 18:32-33 | 20:40-40
1;4;72;90,428125;0;0;1;7;12;5;5;9;15;13;24;8;12;23;16;22;21;33;31;40;True;40;1;7;1;1:0-0 | 2:0-5 | 3:1-5 | 6:5-8 | 7:5-8 | 4:7-11 | 12:8-16 | 8:9-12 | 13:12-16 | 5:12-14 | 10:13-20 | 9:15-19 | 15:16-21 | 17:21-31 | 16:22-24 | 14:23-30 | 11:24-27 | 19:31-40 | 18:33-34 | 20:40-40
1;4;73;85,878125;0;0;1;11;9;16;5;12;5;6;29;8;15;10;16;27;21;35;31;40;True;40;1;8;1;1:0-0 | 2:0-5 | 3:1-5 | 7:5-8 | 9:5-9 | 10:6-13 | 12:8-16 | 5:9-11 | 14:10-17 | 4:11-15 | 8:12-15 | 13:15-19 | 15:16-21 | 6:16-19 | 17:21-31 | 16:27-29 | 11:29-32 | 19:31-40 | 18:35-36 | 20:40-40
1;4;74;105,228125;0;0;2;9;19;15;5;12;17;8;14;8;8;24;16;28;21;34;31;40;True;40;1;9;1;1:0-0 | 2:0-5 | 3:2-6 | 7:5-8 | 10:8-15 | 12:8-16 | 13:8-12 | 4:9-13 | 8:12-15 | 11:14-17 | 6:15-18 | 15:16-21 | 9:17-21 | 5:19-21 | 17:21-31 | 14:24-31 | 16:28-30 | 19:31-40 | 18:34-35 | 20:40-40
1;4;75;91,928125;0;0;1;9;7;12;5;12;6;15;25;8;14;14;16;30;21;33;31;40;True;40;1;10;1;1:0-0 | 2:0-5 | 3:1-5 | 7:5-8 | 9:6-10 | 5:7-9 | 12:8-16 | 4:9-13 | 6:12-15 | 8:12-15 | 13:14-18 | 14:14-21 | 10:15-22 | 15:16-21 | 17:21-31 | 11:25-28 | 16:30-32 | 19:31-40 | 18:33-34 | 20:40-40
1;4;76;88,428125;0;0;2;9;6;15;5;12;17;8;31;8;14;24;16;28;21;34;31;40;True;40;1;11;1;1:0-0 | 2:0-5 | 3:2-6 | 7:5-8 | 5:6-8 | 10:8-15 | 12:8-16 | 4:9-13 | 8:12-15 | 13:14-18 | 6:15-18 | 15:16-21 | 9:17-21 | 17:21-31 | 14:24-31 | 16:28-30 | 11:31-34 | 19:31-40 | 18:34-35 | 20:40-40
1;4;77;83,028125;0;0;0;8;15;17;5;13;7;5;33;8;17;21;16;38;21;38;31;40;True;40;1;12;1;1:0-0 | 2:0-5 | 3:0-4 | 10:5-12 | 7:5-8 | 9:7-11 | 12:8-16 | 4:8-12 | 8:13-16 | 5:15-17 | 15:16-21 | 13:17-21 | 6:17-20 | 14:21-28 | 17:21-31 | 19:31-40 | 11:33-36 | 16:38-40 | 18:38-39 | 20:40-40
1;4;78;104,228125;0;0;0;10;14;3;5;7;17;9;24;8;13;16;16;24;21;21;31;40;True;40;1;13;1;1:0-0 | 2:0-5 | 3:0-4 | 6:3-6 | 7:5-8 | 8:7-10 | 12:8-16 | 10:9-16 | 4:10-14 | 13:13-17 | 5:14-16 | 14:16-23 | 15:16-21 | 9:17-21 | 17:21-31 | 18:21-22 | 11:24-27 | 16:24-26 | 19:31-40 | 20:40-40
1;4;79;94,128125;0;0;1;9;6;15;5;11;6;8;28;8;13;12;16;26;21;34;31;40;True;40;1;14;1;1:0-0 | 2:0-5 | 3:1-5 | 7:5-8 | 5:6-8 | 9:6-10 | 10:8-15 | 12:8-16 | 4:9-13 | 8:11-14 | 14:12-19 | 13:13-17 | 6:15-18 | 15:16-21 | 17:21-31 | 16:26-28 | 11:28-31 | 19:31-40 | 18:34-35 | 20:40-40
1;4;80;92,128125;0;0;1;8;8;16;5;11;6;11;21;8;13;9;16;27;21;33;31;40;True;40;1;15;1;1:0-0 | 2:0-5 | 3:1-5 | 7:5-8 | 9:6-10 | 12:8-16 | 4:8-12 | 5:8-10 | 14:9-16 | 10:11-18 | 8:11-14 | 13:13-17 | 15:16-21 | 6:16-19 | 11:21-24 | 17:21-31 | 16:27-29 | 19:31-40 | 18:33-34 | 20:40-40
1;4;81;84,028125;0;0;2;10;8;12;5;12;16;13;32;8;15;23;16;37;21;39;31;40;True;40;1;16;1;1:0-0 | 2:0-5 | 3:2-6 | 7:5-8 | 12:8-16 | 5:8-10 | 4:10-14 | 6:12-15 | 8:12-15 | 10:13-20 | 13:15-19 | 15:16-21 | 9:16-20 | 17:21-31 | 14:23-30 | 19:31-40 | 11:32-35 | 16:37-39 | 18:39-40 | 20:40-40
1;4;82;100,228125;0;0;3;8;18;4;5;12;13;10;22;8;14;20;16;27;21;36;31;40;True;40;1;17;1;1:0-0 | 2:0-5 | 3:3-7 | 6:4-7 | 7:5-8 | 12:8-16 | 4:8-12 | 10:10-17 | 8:12-15 | 9:13-17 | 13:14-18 | 15:16-21 | 5:18-20 | 14:20-27 | 17:21-31 | 11:22-25 | 16:27-29 | 19:31-40 | 18:36-37 | 20:40-40
1;4;83;90,578125;0;0;2;9;7;14;5;10;17;9;24;8;13;30;16;33;21;37;31;40;True;40;1;18;1;1:0-0 | 2:0-5 | 3:2-6 | 7:5-8 | 5:7-9 | 12:8-16 | 10:9-16 | 4:9-13 | 8:10-13 | 13:13-17 | 6:14-17 | 15:16-21 | 9:17-21 | 17:21-31 | 11:24-27 | 14:30-37 | 19:31-40 | 16:33-35 | 18:37-38 | 20:40-40
1;4;84;97,328125;0;0;1;9;8;14;5;12;5;12;19;8;14;8;16;24;21;32;31;40;True;40;1;19;1;1:0-0 | 2:0-5 | 3:1-5 | 7:5-8 | 9:5-9 | 12:8-16 | 14:8-15 | 5:8-10 | 4:9-13 | 10:12-19 | 8:12-15 | 13:14-18 | 6:14-17 | 15:16-21 | 11:19-22 | 17:21-31 | 16:24-26 | 19:31-40 | 18:32-33 | 20:40-40
1;4;85;101,028125;0;0;1;8;8;13;5;12;16;8;12;8;17;22;16;31;21;36;31;40;True;40;1;20;1;1:0-0 | 2:0-5 | 3:1-5 | 7:5-8 | 10:8-15 | 12:8-16 | 4:8-12 | 5:8-10 | 11:12-15 | 8:12-15 | 6:13-16 | 15:16-21 | 9:16-20 | 13:17-21 | 17:21-31 | 14:22-29 | 16:31-33 | 19:31-40 | 18:36-37 | 20:40-40
1;4;86;92,278125;0;0;1;8;13;5;5;10;15;11;24;8;13;17;16;21;21;30;31;40;True;40;1;21;1;1:0-0 | 2:0-5 | 3:1-5 | 6:5-8 | 7:5-8 | 12:8-16 | 4:8-12 | 8:10-13 | 10:11-18 | 13:13-17 | 5:13-15 | 9:15-19 | 15:16-21 | 14:17-24 | 16:21-23 | 17:21-31 | 11:24-27 | 18:30-31 | 19:31-40 | 20:40-40
1;4;87;98,828125;0;0;4;10;8;17;5;13;10;8;22;8;17;26;16;38;21;33;31;40;True;40;1;22;1;1:0-0 | 2:0-5 | 3:4-8 | 7:5-8 | 10:8-15 | 12:8-16 | 5:8-10 | 4:10-14 | 9:10-14 | 8:13-16 | 15:16-21 | 13:17-21 | 6:17-20 | 17:21-31 | 11:22-25 | 14:26-33 | 19:31-40 | 18:33-34 | 16:38-40 | 20:40-40
1;4;88;92,478125;0;0;2;11;9;16;5;12;6;6;27;8;15;19;16;32;21;34;31;40;True;40;1;23;1;1:0-0 | 2:0-5 | 3:2-6 | 7:5-8 | 10:6-13 | 9:6-10 | 12:8-16 | 5:9-11 | 4:11-15 | 8:12-15 | 13:15-19 | 15:16-21 | 6:16-19 | 14:19-26 | 17:21-31 | 11:27-30 | 19:31-40 | 16:32-34 | 18:34-35 | 20:40-40
1;4;89;98,528125;0;0;0;7;13;10;5;10;16;9;20;8;16;10;16;31;21;27;31;40;True;40;1;24;1;1:0-0 | 2:0-5 | 3:0-4 | 7:5-8 | 4:7-11 | 12:8-16 | 10:9-16 | 14:10-17 | 6:10-13 | 8:10-13 | 5:13-15 | 13:16-20 | 15:16-21 | 9:16-20 | 11:20-23 | 17:21-31 | 18:27-28 | 16:31-33 | 19:31-40 | 20:40-40
1;4;90;92,878125;0;0;1;5;13;5;5;10;16;9;21;8;14;16;16;26;21;29;31;40;True;40;1;25;1;1:0-0 | 2:0-5 | 3:1-5 | 4:5-9 | 6:5-8 | 7:5-8 | 12:8-16 | 10:9-16 | 8:10-13 | 5:13-15 | 13:14-18 | 14:16-23 | 15:16-21 | 9:16-20 | 11:21-24 | 17:21-31 | 16:26-28 | 18:29-30 | 19:31-40 | 20:40-40
1;4;91;93,528125;0;0;2;8;10;6;5;12;17;12;28;8;15;23;16;27;21;34;31;40;True;40;1;26;1;1:0-0 | 2:0-5 | 3:2-6 | 7:5-8 | 6:6-9 | 12:8-16 | 4:8-12 | 5:10-12 | 10:12-19 | 8:12-15 | 13:15-19 | 15:16-21 | 9:17-21 | 17:21-31 | 14:23-30 | 16:27-29 | 11:28-31 | 19:31-40 | 18:34-35 | 20:40-40
1;4;92;99,328125;0;0;0;9;14;6;5;10;15;11;27;8;12;17;16;19;21;21;31;40;True;40;1;27;1;1:0-0 | 2:0-5 | 3:0-4 | 7:5-8 | 6:6-9 | 12:8-16 | 4:9-13 | 8:10-13 | 10:11-18 | 13:12-16 | 5:14-16 | 9:15-19 | 15:16-21 | 14:17-24 | 16:19-21 | 17:21-31 | 18:21-22 | 11:27-30 | 19:31-40 | 20:40-40
1;4;93;88,428125;0;0;2;9;6;15;5;12;17;8;31;8;14;24;16;28;21;34;31;40;True;40;1;28;1;1:0-0 | 2:0-5 | 3:2-6 | 7:5-8 | 5:6-8 | 10:8-15 | 12:8-16 | 4:9-13 | 8:12-15 | 13:14-18 | 6:15-18 | 15:16-21 | 9:17-21 | 17:21-31 | 14:24-31 | 16:28-30 | 11:31-34 | 19:31-40 | 18:34-35 | 20:40-40
1;4;94;103,028125;0;0;4;9;3;1;5;13;15;13;35;8;17;31;16;16;21;38;31;40;True;40;1;29;1;1:0-0 | 2:0-5 | 6:1-4 | 5:3-5 | 3:4-8 | 7:5-8 | 12:8-16 | 4:9-13 | 10:13-20 | 8:13-16 | 9:15-19 | 15:16-21 | 16:16-18 | 13:17-21 | 17:21-31 | 14:31-38 | 19:31-40 | 11:35-38 | 18:38-39 | 20:40-40
1;4;95;90,678125;0;0;2;8;19;5;5;12;5;17;25;8;14;9;16;28;21;34;31;40;True;40;1;30;1;1:0-0 | 2:0-5 | 3:2-6 | 6:5-8 | 7:5-8 | 9:5-9 | 12:8-16 | 4:8-12 | 14:9-16 | 8:12-15 | 13:14-18 | 15:16-21 | 10:17-24 | 5:19-21 | 17:21-31 | 11:25-28 | 16:28-30 | 19:31-40 | 18:34-35 | 20:40-40
1;4;96;91,028125;0;0;2;9;15;5;5;12;17;8;33;8;14;22;16;30;21;29;31;40;True;40;1;31;1;1:0-0 | 2:0-5 | 3:2-6 | 6:5-8 | 7:5-8 | 10:8-15 | 12:8-16 | 4:9-13 | 8:12-15 | 13:14-18 | 5:15-17 | 15:16-21 | 9:17-21 | 17:21-31 | 14:22-29 | 18:29-30 | 16:30-32 | 19:31-40 | 11:33-36 | 20:40-40
1;4;97;89,728125;0;0;1;10;7;16;5;13;7;5;30;8;14;9;16;24;21;34;31;40;True;40;1;32;1;1:0-0 | 2:0-5 | 3:1-5 | 10:5-12 | 7:5-8 | 5:7-9 | 9:7-11 | 12:8-16 | 14:9-16 | 4:10-14 | 8:13-16 | 13:14-18 | 15:16-21 | 6:16-19 | 17:21-31 | 16:24-26 | 11:30-33 | 19:31-40 | 18:34-35 | 20:40-40
1;4;98;90,028125;0;0;3;9;8;13;5;13;15;5;35;8;17;13;16;33;21;38;31;40;True;40;1;33;1;1:0-0 | 2:0-5 | 3:3-7 | 10:5-12 | 7:5-8 | 12:8-16 | 5:8-10 | 4:9-13 | 14:13-20 | 6:13-16 | 8:13-16 | 9:15-19 | 15:16-21 | 13:17-21 | 17:21-31 | 19:31-40 | 16:33-35 | 11:35-38 | 18:38-39 | 20:40-40
1;4;99;92,328125;0;0;3;9;15;5;5;12;17;8;31;8;13;22;16;34;21;36;31;40;True;40;1;34;1;1:0-0 | 2:0-5 | 3:3-7 | 6:5-8 | 7:5-8 | 10:8-15 | 12:8-16 | 4:9-13 | 8:12-15 | 13:13-17 | 5:15-17 | 15:16-21 | 9:17-21 | 17:21-31 | 14:22-29 | 11:31-34 | 19:31-40 | 16:34-36 | 18:36-37 | 20:40-40
1;4;100;100,678125;0;0;1;11;17;10;5;7;16;16;20;8;9;8;16;31;21;31;31;40;True;40;1;35;1;1:0-0 | 2:0-5 | 3:1-5 | 7:5-8 | 8:7-10 | 12:8-16 | 14:8-15 | 13:9-13 | 6:10-13 | 4:11-15 | 10:16-23 | 15:16-21 | 9:16-20 | 5:17-19 | 11:20-23 | 17:21-31 | 16:31-33 | 18:31-32 | 19:31-40 | 20:40-40
1;4;101;86,578125;0;0;0;8;3;11;5;12;7;6;23;8;14;15;16;19;21;31;31;40;True;40;1;36;1;1:0-0 | 2:0-5 | 3:0-4 | 5:3-5 | 7:5-8 | 10:6-13 | 9:7-11 | 12:8-16 | 4:8-12 | 6:11-14 | 8:12-15 | 13:14-18 | 14:15-22 | 15:16-21 | 16:19-21 | 17:21-31 | 11:23-26 | 18:31-32 | 19:31-40 | 20:40-40
1;4;102;100,828125;0;0;3;12;7;14;5;11;17;8;29;8;17;9;16;32;21;21;31;40;True;40;1;37;1;1:0-0 | 2:0-5 | 3:3-7 | 7:5-8 | 5:7-9 | 10:8-15 | 12:8-16 | 14:9-16 | 8:11-14 | 4:12-16 | 6:14-17 | 15:16-21 | 13:17-21 | 9:17-21 | 17:21-31 | 18:21-22 | 11:29-32 | 19:31-40 | 16:32-34 | 20:40-40
1;4;103;100,528125;0;0;3;9;7;15;5;12;12;8;24;8;15;26;16;35;21;36;31;40;True;40;1;38;1;1:0-0 | 2:0-5 | 3:3-7 | 7:5-8 | 5:7-9 | 10:8-15 | 12:8-16 | 4:9-13 | 8:12-15 | 9:12-16 | 13:15-19 | 6:15-18 | 15:16-21 | 17:21-31 | 11:24-27 | 14:26-33 | 19:31-40 | 16:35-37 | 18:36-37 | 20:40-40
1;4;104;97,128125;0;0;0;6;13;10;5;11;17;9;21;8;16;9;16;33;21;31;31;40;True;40;1;39;1;1:0-0 | 2:0-5 | 3:0-4 | 7:5-8 | 4:6-10 | 12:8-16 | 10:9-16 | 14:9-16 | 6:10-13 | 8:11-14 | 5:13-15 | 13:16-20 | 15:16-21 | 9:17-21 | 11:21-24 | 17:21-31 | 18:31-32 | 19:31-40 | 16:33-35 | 20:40-40
1;4;105;90,428125;0;0;1;7;12;5;5;9;15;13;24;8;12;23;16;22;21;33;31;40;True;40;1;40;1;1:0-0 | 2:0-5 | 3:1-5 | 6:5-8 | 7:5-8 | 4:7-11 | 12:8-16 | 8:9-12 | 13:12-16 | 5:12-14 | 10:13-20 | 9:15-19 | 15:16-21 | 17:21-31 | 16:22-24 | 14:23-30 | 11:24-27 | 19:31-40 | 18:33-34 | 20:40-40
1;4;106;93,878125;0;0;1;9;5;11;5;13;5;7;23;8;15;11;16;28;21;32;31;40;True;40;1;41;1;1:0-0 | 2:0-5 | 3:1-5 | 5:5-7 | 7:5-8 | 9:5-9 | 10:7-14 | 12:8-16 | 4:9-13 | 14:11-18 | 6:11-14 | 8:13-16 | 13:15-19 | 15:16-21 | 17:21-31 | 11:23-26 | 16:28-30 | 19:31-40 | 18:32-33 | 20:40-40
1;4;107;91,178125;0;0;4;12;10;17;5;13;5;8;31;8;16;21;16;37;21;39;31;40;True;40;1;42;1;1:0-0 | 2:0-5 | 3:4-8 | 7:5-8 | 9:5-9 | 10:8-15 | 12:8-16 | 5:10-12 | 4:12-16 | 8:13-16 | 13:16-20 | 15:16-21 | 6:17-20 | 14:21-28 | 17:21-31 | 11:31-34 | 19:31-40 | 16:37-39 | 18:39-40 | 20:40-40
1;4;108;83,628125;0;0;0;9;4;8;5;12;16;12;32;8;13;18;16;35;21;24;31;40;True;40;1;43;1;1:0-0 | 2:0-5 | 3:0-4 | 5:4-6 | 7:5-8 | 12:8-16 | 6:8-11 | 4:9-13 | 10:12-19 | 8:12-15 | 13:13-17 | 15:16-21 | 9:16-20 | 14:18-25 | 17:21-31 | 18:24-25 | 19:31-40 | 11:32-35 | 16:35-37 | 20:40-40
1;4;109;86,478125;0;0;1;9;15;5;5;12;16;8;21;8;8;21;16;26;21;31;31;40;True;40;1;44;1;1:0-0 | 2:0-5 | 3:1-5 | 6:5-8 | 7:5-8 | 10:8-15 | 12:8-16 | 13:8-12 | 4:9-13 | 8:12-15 | 5:15-17 | 15:16-21 | 9:16-20 | 11:21-24 | 14:21-28 | 17:21-31 | 16:26-28 | 18:31-32 | 19:31-40 | 20:40-40
1;4;110;85,578125;0;0;2;9;7;15;5;12;17;7;31;8;14;24;16;28;21;34;31;40;True;40;1;45;1;1:0-0 | 2:0-5 | 3:2-6 | 7:5-8 | 10:7-14 | 5:7-9 | 12:8-16 | 4:9-13 | 8:12-15 | 13:14-18 | 6:15-18 | 15:16-21 | 9:17-21 | 17:21-31 | 14:24-31 | 16:28-30 | 11:31-34 | 19:31-40 | 18:34-35 | 20:40-40
1;4;111;98,528125;0;0;0;7;13;10;5;10;16;9;20;8;16;10;16;31;21;27;31;40;True;40;1;46;1;1:0-0 | 2:0-5 | 3:0-4 | 7:5-8 | 4:7-11 | 12:8-16 | 10:9-16 | 14:10-17 | 6:10-13 | 8:10-13 | 5:13-15 | 13:16-20 | 15:16-21 | 9:16-20 | 11:20-23 | 17:21-31 | 18:27-28 | 16:31-33 | 19:31-40 | 20:40-40
1;4;112;95,328125;0;0;2;12;9;16;5;12;5;7;25;8;15;14;16;30;21;36;31;40;True;40;1;47;1;1:0-0 | 2:0-5 | 3:2-6 | 7:5-8 | 9:5-9 | 10:7-14 | 12:8-16 | 5:9-11 | 4:12-16 | 8:12-15 | 14:14-21 | 13:15-19 | 15:16-21 | 6:16-19 | 17:21-31 | 11:25-28 | 16:30-32 | 19:31-40 | 18:36-37 | 20:40-40
1;4;113;85,278125;0;0;1;10;7;9;5;13;16;14;31;8;14;13;16;35;21;38;31;40;True;40;1;48;1;1:0-0 | 2:0-5 | 3:1-5 | 7:5-8 | 5:7-9 | 12:8-16 | 6:9-12 | 4:10-14 | 14:13-20 | 8:13-16 | 10:14-21 | 13:14-18 | 15:16-21 | 9:16-20 | 17:21-31 | 11:31-34 | 19:31-40 | 16:35-37 | 18:38-39 | 20:40-40
1;4;114;95,278125;0;0;2;7;19;6;5;11;12;17;26;8;13;15;16;30;21;34;31;40;True;40;1;49;1;1:0-0 | 2:0-5 | 3:2-6 | 7:5-8 | 6:6-9 | 4:7-11 | 12:8-16 | 8:11-14 | 9:12-16 | 13:13-17 | 14:15-22 | 15:16-21 | 10:17-24 | 5:19-21 | 17:21-31 | 11:26-29 | 16:30-32 | 19:31-40 | 18:34-35 | 20:40-40
1;4;115;92,478125;0;0;2;11;9;16;5;12;6;6;27;8;15;19;16;32;21;34;31;40;True;40;1;50;1;1:0-0 | 2:0-5 | 3:2-6 | 7:5-8 | 10:6-13 | 9:6-10 | 12:8-16 | 5:9-11 | 4:11-15 | 8:12-15 | 13:15-19 | 15:16-21 | 6:16-19 | 14:19-26 | 17:21-31 | 11:27-30 | 19:31-40 | 16:32-34 | 18:34-35 | 20:40-40
1;4;116;92,628125;0;0;2;9;15;6;5;12;17;8;31;8;14;24;16;28;21;34;31;40;True;40;1;51;1;1:0-0 | 2:0-5 | 3:2-6 | 7:5-8 | 6:6-9 | 10:8-15 | 12:8-16 | 4:9-13 | 8:12-15 | 13:14-18 | 5:15-17 | 15:16-21 | 9:17-21 | 17:21-31 | 14:24-31 | 16:28-30 | 11:31-34 | 19:31-40 | 18:34-35 | 20:40-40
1;4;117;87,328125;0;0;1;10;7;9;5;13;16;14;31;8;14;18;16;35;21;21;31;40;True;40;1;52;1;1:0-0 | 2:0-5 | 3:1-5 | 7:5-8 | 5:7-9 | 12:8-16 | 6:9-12 | 4:10-14 | 8:13-16 | 10:14-21 | 13:14-18 | 15:16-21 | 9:16-20 | 14:18-25 | 17:21-31 | 18:21-22 | 11:31-34 | 19:31-40 | 16:35-37 | 20:40-40
1;4;118;93,728125;0;0;2;9;6;16;5;12;12;7;30;8;14;16;16;26;21;33;31;40;True;40;1;53;1;1:0-0 | 2:0-5 | 3:2-6 | 7:5-8 | 5:6-8 | 10:7-14 | 12:8-16 | 4:9-13 | 8:12-15 | 9:12-16 | 13:14-18 | 14:16-23 | 15:16-21 | 6:16-19 | 17:21-31 | 16:26-28 | 11:30-33 | 19:31-40 | 18:33-34 | 20:40-40
1;4;119;92,128125;0;0;1;9;15;6;5;12;17;8;31;8;14;23;16;30;21;26;31;40;True;40;1;54;1;1:0-0 | 2:0-5 | 3:1-5 | 7:5-8 | 6:6-9 | 10:8-15 | 12:8-16 | 4:9-13 | 8:12-15 | 13:14-18 | 5:15-17 | 15:16-21 | 9:17-21 | 17:21-31 | 14:23-30 | 18:26-27 | 16:30-32 | 11:31-34 | 19:31-40 | 20:40-40
1;4;120;94,728125;0;0;1;9;6;16;5;12;9;7;28;8;14;13;16;24;21;32;31;40;True;40;1;55;1;1:0-0 | 2:0-5 | 3:1-5 | 7:5-8 | 5:6-8 | 10:7-14 | 12:8-16 | 4:9-13 | 9:9-13 | 8:12-15 | 14:13-20 | 13:14-18 | 15:16-21 | 6:16-19 | 17:21-31 | 16:24-26 | 11:28-31 | 19:31-40 | 18:32-33 | 20:40-40
1;4;121;93,178125;0;0;1;9;15;6;5;12;17;8;31;8;14;24;16;31;21;27;31;40;True;40;1;56;1;1:0-0 | 2:0-5 | 3:1-5 | 7:5-8 | 6:6-9 | 10:8-15 | 12:8-16 | 4:9-13 | 8:12-15 | 13:14-18 | 5:15-17 | 15:16-21 | 9:17-21 | 17:21-31 | 14:24-31 | 18:27-28 | 11:31-34 | 16:31-33 | 19:31-40 | 20:40-40
1;4;122;98,128125;0;0;1;9;2;3;5;13;5;6;21;8;14;10;16;19;21;27;31;40;True;40;1;57;1;1:0-0 | 2:0-5 | 3:1-5 | 5:2-4 | 6:3-6 | 7:5-8 | 9:5-9 | 10:6-13 | 12:8-16 | 4:9-13 | 14:10-17 | 8:13-16 | 13:14-18 | 15:16-21 | 16:19-21 | 11:21-24 | 17:21-31 | 18:27-28 | 19:31-40 | 20:40-40
1;4;123;85,278125;0;0;1;10;7;9;5;13;16;14;31;8;14;18;16;35;21;38;31;40;True;40;1;58;1;1:0-0 | 2:0-5 | 3:1-5 | 7:5-8 | 5:7-9 | 12:8-16 | 6:9-12 | 4:10-14 | 8:13-16 | 10:14-21 | 13:14-18 | 15:16-21 | 9:16-20 | 14:18-25 | 17:21-31 | 11:31-34 | 19:31-40 | 16:35-37 | 18:38-39 | 20:40-40
1;4;124;84,578125;0;0;2;9;7;14;5;10;17;9;30;8;13;24;16;33;21;37;31;40;True;40;1;59;1;1:0-0 | 2:0-5 | 3:2-6 | 7:5-8 | 5:7-9 | 12:8-16 | 10:9-16 | 4:9-13 | 8:10-13 | 13:13-17 | 6:14-17 | 15:16-21 | 9:17-21 | 17:21-31 | 14:24-31 | 11:30-33 | 19:31-40 | 16:33-35 | 18:37-38 | 20:40-40
1;4;125;95,178125;0;0;1;10;8;4;5;9;13;7;21;8;14;12;16;20;21;28;31;40;True;40;1;60;1;1:0-0 | 2:0-5 | 3:1-5 | 6:4-7 | 7:5-8 | 10:7-14 | 12:8-16 | 5:8-10 | 8:9-12 | 4:10-14 | 14:12-19 | 9:13-17 | 13:14-18 | 15:16-21 | 16:20-22 | 11:21-24 | 17:21-31 | 18:28-29 | 19:31-40 | 20:40-40
1;4;126;92,528125;0;0;1;11;15;16;5;12;5;6;9;8;17;10;16;27;21;35;31;40;True;40;1;61;1;1:0-0 | 2:0-5 | 3:1-5 | 7:5-8 | 9:5-9 | 10:6-13 | 12:8-16 | 11:9-12 | 14:10-17 | 4:11-15 | 8:12-15 | 5:15-17 | 15:16-21 | 6:16-19 | 13:17-21 | 17:21-31 | 16:27-29 | 19:31-40 | 18:35-36 | 20:40-40
1;4;127;92,728125;0;0;1;9;6;15;5;12;11;8;30;8;13;15;16;27;21;34;31;40;True;40;1;62;1;1:0-0 | 2:0-5 | 3:1-5 | 7:5-8 | 5:6-8 | 10:8-15 | 12:8-16 | 4:9-13 | 9:11-15 | 8:12-15 | 13:13-17 | 14:15-22 | 6:15-18 | 15:16-21 | 17:21-31 | 16:27-29 | 11:30-33 | 19:31-40 | 18:34-35 | 20:40-40
1;4;128;88,928125;0;0;1;9;5;13;5;11;16;7;30;8;13;22;16;28;21;35;31;40;True;40;1;63;1;1:0-0 | 2:0-5 | 3:1-5 | 5:5-7 | 7:5-8 | 10:7-14 | 12:8-16 | 4:9-13 | 8:11-14 | 13:13-17 | 6:13-16 | 15:16-21 | 9:16-20 | 17:21-31 | 14:22-29 | 16:28-30 | 11:30-33 | 19:31-40 | 18:35-36 | 20:40-40
1;4;129;98,828125;0;0;4;10;8;17;5;13;10;8;22;8;17;26;16;38;21;33;31;40;True;40;2;0;2;1:0-0 | 2:0-5 | 3:4-8 | 7:5-8 | 10:8-15 | 12:8-16 | 5:8-10 | 4:10-14 | 9:10-14 | 8:13-16 | 15:16-21 | 13:17-21 | 6:17-20 | 17:21-31 | 11:22-25 | 14:26-33 | 19:31-40 | 18:33-34 | 16:38-40 | 20:40-40
1;4;130;100,128125;0;0;2;9;14;7;5;12;17;13;31;8;14;22;16;25;21;32;31;40;True;40;2;1;2;1:0-0 | 2:0-5 | 3:2-6 | 7:5-8 | 6:7-10 | 12:8-16 | 4:9-13 | 8:12-15 | 10:13-20 | 13:14-18 | 5:14-16 | 15:16-21 | 9:17-21 | 17:21-31 | 14:22-29 | 16:25-27 | 11:31-34 | 19:31-40 | 18:32-33 | 20:40-40
1;4;131;107,928125;0;0;4;10;8;17;5;13;10;11;22;8;13;26;16;38;21;33;31;40;True;40;2;2;2;1:0-0 | 2:0-5 | 3:4-8 | 7:5-8 | 12:8-16 | 5:8-10 | 4:10-14 | 9:10-14 | 10:11-18 | 13:13-17 | 8:13-16 | 15:16-21 | 6:17-20 | 17:21-31 | 11:22-25 | 14:26-33 | 19:31-40 | 18:33-34 | 16:38-40 | 20:40-40
1;4;132;98,928125;0;0;4;10;8;18;5;13;11;8;24;8;17;23;16;36;21;32;31;40;True;40;2;3;2;1:0-0 | 2:0-5 | 3:4-8 | 7:5-8 | 10:8-15 | 12:8-16 | 5:8-10 | 4:10-14 | 9:11-15 | 8:13-16 | 15:16-21 | 13:17-21 | 6:18-21 | 17:21-31 | 14:23-30 | 11:24-27 | 19:31-40 | 18:32-33 | 16:36-38 | 20:40-40
1;4;133;102,628125;0;0;2;10;7;12;5;13;13;15;27;8;16;22;16;31;21;25;31;40;True;40;2;4;2;1:0-0 | 2:0-5 | 3:2-6 | 7:5-8 | 5:7-9 | 12:8-16 | 4:10-14 | 6:12-15 | 8:13-16 | 9:13-17 | 10:15-22 | 13:16-20 | 15:16-21 | 17:21-31 | 14:22-29 | 18:25-26 | 11:27-30 | 16:31-33 | 19:31-40 | 20:40-40
1;4;134;101,228125;0;0;4;9;15;5;5;13;16;6;10;8;17;21;16;33;21;39;31;40;True;40;2;5;2;1:0-0 | 2:0-5 | 3:4-8 | 6:5-8 | 7:5-8 | 10:6-13 | 12:8-16 | 4:9-13 | 11:10-13 | 8:13-16 | 5:15-17 | 15:16-21 | 9:16-20 | 13:17-21 | 14:21-28 | 17:21-31 | 19:31-40 | 16:33-35 | 18:39-40 | 20:40-40
1;4;135;98,828125;0;0;4;10;8;17;5;13;10;8;22;8;17;26;16;38;21;33;31;40;True;40;2;6;2;1:0-0 | 2:0-5 | 3:4-8 | 7:5-8 | 10:8-15 | 12:8-16 | 5:8-10 | 4:10-14 | 9:10-14 | 8:13-16 | 15:16-21 | 13:17-21 | 6:17-20 | 17:21-31 | 11:22-25 | 14:26-33 | 19:31-40 | 18:33-34 | 16:38-40 | 20:40-40
1;4;136;97,428125;0;0;2;9;14;8;5;11;17;12;31;8;14;22;16;25;21;31;31;40;True;40;2;7;2;1:0-0 | 2:0-5 | 3:2-6 | 7:5-8 | 12:8-16 | 6:8-11 | 4:9-13 | 8:11-14 | 10:12-19 | 13:14-18 | 5:14-16 | 15:16-21 | 9:17-21 | 17:21-31 | 14:22-29 | 16:25-27 | 11:31-34 | 18:31-32 | 19:31-40 | 20:40-40
1;4;137;103,528125;0;0;4;12;8;5;5;12;9;10;27;8;17;31;16;38;21;39;31;40;True;40;2;8;2;1:0-0 | 2:0-5 | 3:4-8 | 6:5-8 | 7:5-8 | 12:8-16 | 5:8-10 | 9:9-13 | 10:10-17 | 4:12-16 | 8:12-15 | 15:16-21 | 13:17-21 | 17:21-31 | 11:27-30 | 14:31-38 | 19:31-40 | 16:38-40 | 18:39-40 | 20:40-40
1;4;138;92,028125;0;0;2;9;10;13;5;12;16;8;31;8;14;23;16;29;21;36;31;40;True;40;2;9;2;1:0-0 | 2:0-5 | 3:2-6 | 7:5-8 | 10:8-15 | 12:8-16 | 4:9-13 | 5:10-12 | 8:12-15 | 6:13-16 | 13:14-18 | 15:16-21 | 9:16-20 | 17:21-31 | 14:23-30 | 16:29-31 | 11:31-34 | 19:31-40 | 18:36-37 | 20:40-40
1;4;139;103,478125;0;0;3;9;13;12;5;13;17;16;30;8;15;21;16;22;21;28;31;40;True;40;2;10;2;1:0-0 | 2:0-5 | 3:3-7 | 7:5-8 | 12:8-16 | 4:9-13 | 6:12-15 | 5:13-15 | 8:13-16 | 13:15-19 | 10:16-23 | 15:16-21 | 9:17-21 | 14:21-28 | 17:21-31 | 16:22-24 | 18:28-29 | 11:30-33 | 19:31-40 | 20:40-40
1;4;140;101,478125;0;0;4;10;8;17;5;13;14;9;25;8;16;24;16;33;21;34;31;40;True;40;2;11;2;1:0-0 | 2:0-5 | 3:4-8 | 7:5-8 | 12:8-16 | 5:8-10 | 10:9-16 | 4:10-14 | 8:13-16 | 9:14-18 | 13:16-20 | 15:16-21 | 6:17-20 | 17:21-31 | 14:24-31 | 11:25-28 | 19:31-40 | 16:33-35 | 18:34-35 | 20:40-40
1;4;141;100,728125;0;0;4;9;8;15;5;13;10;10;25;8;17;23;16;38;21;34;31;40;True;40;2;12;2;1:0-0 | 2:0-5 | 3:4-8 | 7:5-8 | 12:8-16 | 5:8-10 | 4:9-13 | 10:10-17 | 9:10-14 | 8:13-16 | 6:15-18 | 15:16-21 | 13:17-21 | 17:21-31 | 14:23-30 | 11:25-28 | 19:31-40 | 18:34-35 | 16:38-40 | 20:40-40
1;4;142;97,828125;0;0;3;9;8;14;5;12;16;10;25;8;15;23;16;31;21;35;31;40;True;40;2;13;2;1:0-0 | 2:0-5 | 3:3-7 | 7:5-8 | 12:8-16 | 5:8-10 | 4:9-13 | 10:10-17 | 8:12-15 | 6:14-17 | 13:15-19 | 15:16-21 | 9:16-20 | 17:21-31 | 14:23-30 | 11:25-28 | 16:31-33 | 19:31-40 | 18:35-36 | 20:40-40
1;4;143;99,878125;0;0;4;10;8;17;5;13;13;7;26;8;17;24;16;33;21;34;31;40;True;40;2;14;2;1:0-0 | 2:0-5 | 3:4-8 | 7:5-8 | 10:7-14 | 12:8-16 | 5:8-10 | 4:10-14 | 8:13-16 | 9:13-17 | 15:16-21 | 13:17-21 | 6:17-20 | 17:21-31 | 14:24-31 | 11:26-29 | 19:31-40 | 16:33-35 | 18:34-35 | 20:40-40
1;4;144;105,028125;0;0;3;9;13;9;5;13;12;10;25;8;16;23;16;34;21;38;31;40;True;40;2;15;2;1:0-0 | 2:0-5 | 3:3-7 | 7:5-8 | 12:8-16 | 4:9-13 | 6:9-12 | 10:10-17 | 9:12-16 | 5:13-15 | 8:13-16 | 13:16-20 | 15:16-21 | 17:21-31 | 14:23-30 | 11:25-28 | 19:31-40 | 16:34-36 | 18:38-39 | 20:40-40
1;4;145;107,428125;0;0;4;11;9;14;5;13;12;7;25;8;17;25;16;31;21;36;31;40;True;40;2;16;2;1:0-0 | 2:0-5 | 3:4-8 | 7:5-8 | 10:7-14 | 12:8-16 | 5:9-11 | 4:11-15 | 9:12-16 | 8:13-16 | 6:14-17 | 15:16-21 | 13:17-21 | 17:21-31 | 11:25-28 | 14:25-32 | 16:31-33 | 19:31-40 | 18:36-37 | 20:40-40
1;4;146;86,278125;0;0;0;12;8;5;5;9;16;6;28;8;14;18;16;34;21;22;31;40;True;40;2;17;2;1:0-0 | 2:0-5 | 3:0-4 | 6:5-8 | 7:5-8 | 10:6-13 | 12:8-16 | 5:8-10 | 8:9-12 | 4:12-16 | 13:14-18 | 15:16-21 | 9:16-20 | 14:18-25 | 17:21-31 | 18:22-23 | 11:28-31 | 19:31-40 | 16:34-36 | 20:40-40
1;4;147;98,878125;0;0;4;12;8;5;5;12;9;10;37;8;17;31;16;27;21;39;31;40;True;40;2;18;2;1:0-0 | 2:0-5 | 3:4-8 | 6:5-8 | 7:5-8 | 12:8-16 | 5:8-10 | 9:9-13 | 10:10-17 | 4:12-16 | 8:12-15 | 15:16-21 | 13:17-21 | 17:21-31 | 16:27-29 | 14:31-38 | 19:31-40 | 11:37-40 | 18:39-40 | 20:40-40
1;4;148;108,028125;0;0;4;10;8;8;5;12;13;10;28;8;16;26;16;34;21;38;31;40;True;40;2;19;2;1:0-0 | 2:0-5 | 3:4-8 | 7:5-8 | 12:8-16 | 5:8-10 | 6:8-11 | 10:10-17 | 4:10-14 | 8:12-15 | 9:13-17 | 13:16-20 | 15:16-21 | 17:21-31 | 14:26-33 | 11:28-31 | 19:31-40 | 16:34-36 | 18:38-39 | 20:40-40
1;4;149;103,878125;0;0;4;10;8;14;5;13;9;15;22;8;17;31;16;26;21;33;31;40;True;40;2;20;2;1:0-0 | 2:0-5 | 3:4-8 | 7:5-8 | 12:8-16 | 5:8-10 | 9:9-13 | 4:10-14 | 8:13-16 | 6:14-17 | 10:15-22 | 15:16-21 | 13:17-21 | 17:21-31 | 11:22-25 | 16:26-28 | 14:31-38 | 19:31-40 | 18:33-34 | 20:40-40
1;4;150;97,928125;0;0;2;11;8;7;5;13;14;12;25;8;16;19;16;32;21;37;31;40;True;40;2;21;2;1:0-0 | 2:0-5 | 3:2-6 | 7:5-8 | 6:7-10 | 12:8-16 | 5:8-10 | 4:11-15 | 10:12-19 | 8:13-16 | 9:14-18 | 13:16-20 | 15:16-21 | 14:19-26 | 17:21-31 | 11:25-28 | 19:31-40 | 16:32-34 | 18:37-38 | 20:40-40
1;4;151;103,628125;0;0;4;9;14;8;5;11;16;13;27;8;16;27;16;33;21;37;31;40;True;40;2;22;2;1:0-0 | 2:0-5 | 3:4-8 | 7:5-8 | 12:8-16 | 6:8-11 | 4:9-13 | 8:11-14 | 10:13-20 | 5:14-16 | 13:16-20 | 15:16-21 | 9:16-20 | 17:21-31 | 11:27-30 | 14:27-34 | 19:31-40 | 16:33-35 | 18:37-38 | 20:40-40
1;4;152;96,528125;0;0;0;8;13;11;5;12;7;9;20;8;15;16;16;31;21;36;31;40;True;40;2;23;2;1:0-0 | 2:0-5 | 3:0-4 | 7:5-8 | 9:7-11 | 12:8-16 | 4:8-12 | 10:9-16 | 6:11-14 | 8:12-15 | 5:13-15 | 13:15-19 | 14:16-23 | 15:16-21 | 11:20-23 | 17:21-31 | 16:31-33 | 19:31-40 | 18:36-37 | 20:40-40
1;4;153;100,778125;0;0;4;10;8;16;5;13;11;9;23;8;17;24;16;35;21;35;31;40;True;40;2;24;2;1:0-0 | 2:0-5 | 3:4-8 | 7:5-8 | 12:8-16 | 5:8-10 | 10:9-16 | 4:10-14 | 9:11-15 | 8:13-16 | 15:16-21 | 6:16-19 | 13:17-21 | 17:21-31 | 11:23-26 | 14:24-31 | 19:31-40 | 16:35-37 | 18:35-36 | 20:40-40
1;4;154;102,078125;0;0;3;9;12;13;5;13;16;8;29;8;16;23;16;32;21;33;31;40;True;40;2;25;2;1:0-0 | 2:0-5 | 3:3-7 | 7:5-8 | 10:8-15 | 12:8-16 | 4:9-13 | 5:12-14 | 6:13-16 | 8:13-16 | 13:16-20 | 15:16-21 | 9:16-20 | 17:21-31 | 14:23-30 | 11:29-32 | 19:31-40 | 16:32-34 | 18:33-34 | 20:40-40
1;4;155;95,778125;0;0;0;8;13;7;5;12;11;9;20;8;15;16;16;31;21;36;31;40;True;40;2;26;2;1:0-0 | 2:0-5 | 3:0-4 | 7:5-8 | 6:7-10 | 12:8-16 | 4:8-12 | 10:9-16 | 9:11-15 | 8:12-15 | 5:13-15 | 13:15-19 | 14:16-23 | 15:16-21 | 11:20-23 | 17:21-31 | 16:31-33 | 19:31-40 | 18:36-37 | 20:40-40
1;4;156;102,878125;0;0;4;11;8;10;5;13;10;9;31;8;17;26;16;37;21;29;31;40;True;40;2;27;2;1:0-0 | 2:0-5 | 3:4-8 | 7:5-8 | 12:8-16 | 5:8-10 | 10:9-16 | 6:10-13 | 9:10-14 | 4:11-15 | 8:13-16 | 15:16-21 | 13:17-21 | 17:21-31 | 14:26-33 | 18:29-30 | 11:31-34 | 19:31-40 | 16:37-39 | 20:40-40
1;4;157;90,478125;0;0;2;12;7;4;5;12;17;16;31;8;17;17;16;34;21;39;31;40;True;40;2;28;2;1:0-0 | 2:0-5 | 3:2-6 | 6:4-7 | 7:5-8 | 5:7-9 | 12:8-16 | 4:12-16 | 8:12-15 | 10:16-23 | 15:16-21 | 13:17-21 | 14:17-24 | 9:17-21 | 17:21-31 | 11:31-34 | 19:31-40 | 16:34-36 | 18:39-40 | 20:40-40
1;4;158;98,828125;0;0;4;10;8;17;5;13;10;8;23;8;17;25;16;38;21;33;31;40;True;40;2;29;2;1:0-0 | 2:0-5 | 3:4-8 | 7:5-8 | 10:8-15 | 12:8-16 | 5:8-10 | 4:10-14 | 9:10-14 | 8:13-16 | 15:16-21 | 13:17-21 | 6:17-20 | 17:21-31 | 11:23-26 | 14:25-32 | 19:31-40 | 18:33-34 | 16:38-40 | 20:40-40
1;4;159;99,778125;0;0;4;10;8;12;5;13;11;9;31;8;17;26;16;37;21;28;31;40;True;40;2;30;2;1:0-0 | 2:0-5 | 3:4-8 | 7:5-8 | 12:8-16 | 5:8-10 | 10:9-16 | 4:10-14 | 9:11-15 | 6:12-15 | 8:13-16 | 15:16-21 | 13:17-21 | 17:21-31 | 14:26-33 | 18:28-29 | 11:31-34 | 19:31-40 | 16:37-39 | 20:40-40
1;4;160;83,028125;0;0;0;8;15;17;5;13;7;5;33;8;17;17;16;38;21;38;31;40;True;40;2;31;2;1:0-0 | 2:0-5 | 3:0-4 | 10:5-12 | 7:5-8 | 9:7-11 | 12:8-16 | 4:8-12 | 8:13-16 | 5:15-17 | 15:16-21 | 13:17-21 | 14:17-24 | 6:17-20 | 17:21-31 | 19:31-40 | 11:33-36 | 16:38-40 | 18:38-39 | 20:40-40
1;4;161;101,528125;0;0;2;10;13;5;5;12;11;10;25;8;15;26;16;36;21;38;31;40;True;40;2;32;2;1:0-0 | 2:0-5 | 3:2-6 | 6:5-8 | 7:5-8 | 12:8-16 | 10:10-17 | 4:10-14 | 9:11-15 | 8:12-15 | 5:13-15 | 13:15-19 | 15:16-21 | 17:21-31 | 11:25-28 | 14:26-33 | 19:31-40 | 16:36-38 | 18:38-39 | 20:40-40
1;4;162;101,178125;0;0;4;9;7;18;5;13;14;8;26;8;17;21;16;35;21;32;31;40;True;40;2;33;2;1:0-0 | 2:0-5 | 3:4-8 | 7:5-8 | 5:7-9 | 10:8-15 | 12:8-16 | 4:9-13 | 8:13-16 | 9:14-18 | 15:16-21 | 13:17-21 | 6:18-21 | 14:21-28 | 17:21-31 | 11:26-29 | 19:31-40 | 18:32-33 | 16:35-37 | 20:40-40
1;4;163;102,778125;0;0;3;11;7;12;5;13;15;14;27;8;17;19;16;35;21;37;31;40;True;40;2;34;2;1:0-0 | 2:0-5 | 3:3-7 | 7:5-8 | 5:7-9 | 12:8-16 | 4:11-15 | 6:12-15 | 8:13-16 | 10:14-21 | 9:15-19 | 15:16-21 | 13:17-21 | 14:19-26 | 17:21-31 | 11:27-30 | 19:31-40 | 16:35-37 | 18:37-38 | 20:40-40
1;4;164;108,878125;0;0;4;10;17;9;5;13;16;9;14;8;8;22;16;34;21;38;31;40;True;40;2;35;2;1:0-0 | 2:0-5 | 3:4-8 | 7:5-8 | 12:8-16 | 13:8-12 | 10:9-16 | 6:9-12 | 4:10-14 | 8:13-16 | 11:14-17 | 15:16-21 | 9:16-20 | 5:17-19 | 17:21-31 | 14:22-29 | 19:31-40 | 16:34-36 | 18:38-39 | 20:40-40
1;4;165;89,428125;0;0;1;9;17;5;5;12;15;11;24;8;13;25;16;32;21;37;31;40;True;40;2;36;2;1:0-0 | 2:0-5 | 3:1-5 | 6:5-8 | 7:5-8 | 12:8-16 | 4:9-13 | 10:11-18 | 8:12-15 | 13:13-17 | 9:15-19 | 15:16-21 | 5:17-19 | 17:21-31 | 11:24-27 | 14:25-32 | 19:31-40 | 16:32-34 | 18:37-38 | 20:40-40
1;4;166;98,828125;0;0;4;10;8;17;5;13;10;8;22;8;17;26;16;38;21;33;31;40;True;40;2;37;2;1:0-0 | 2:0-5 | 3:4-8 | 7:5-8 | 10:8-15 | 12:8-16 | 5:8-10 | 4:10-14 | 9:10-14 | 8:13-16 | 15:16-21 | 13:17-21 | 6:17-20 | 17:21-31 | 11:22-25 | 14:26-33 | 19:31-40 | 18:33-34 | 16:38-40 | 20:40-40
1;4;167;100,478125;0;0;4;10;8;15;5;13;9;11;22;8;17;28;16;31;21;33;31;40;True;40;2;38;2;1:0-0 | 2:0-5 | 3:4-8 | 7:5-8 | 12:8-16 | 5:8-10 | 9:9-13 | 4:10-14 | 10:11-18 | 8:13-16 | 6:15-18 | 15:16-21 | 13:17-21 | 17:21-31 | 11:22-25 | 14:28-35 | 16:31-33 | 19:31-40 | 18:33-34 | 20:40-40
1;4;168;98,828125;0;0;4;10;8;16;5;13;10;7;25;8;17;26;16;34;21;36;31;40;True;40;2;39;2;1:0-0 | 2:0-5 | 3:4-8 | 7:5-8 | 10:7-14 | 12:8-16 | 5:8-10 | 4:10-14 | 9:10-14 | 8:13-16 | 15:16-21 | 6:16-19 | 13:17-21 | 17:21-31 | 11:25-28 | 14:26-33 | 19:31-40 | 16:34-36 | 18:36-37 | 20:40-40
1;4;169;107,178125;0;0;2;9;14;11;5;12;11;10;23;8;15;25;16;33;21;36;31;40;True;40;2;40;2;1:0-0 | 2:0-5 | 3:2-6 | 7:5-8 | 12:8-16 | 4:9-13 | 10:10-17 | 6:11-14 | 9:11-15 | 8:12-15 | 5:14-16 | 13:15-19 | 15:16-21 | 17:21-31 | 11:23-26 | 14:25-32 | 19:31-40 | 16:33-35 | 18:36-37 | 20:40-40
1;4;170;98,928125;0;0;4;10;8;16;5;13;11;10;22;8;17;25;16;36;21;34;31;40;True;40;2;41;2;1:0-0 | 2:0-5 | 3:4-8 | 7:5-8 | 12:8-16 | 5:8-10 | 10:10-17 | 4:10-14 | 9:11-15 | 8:13-16 | 15:16-21 | 6:16-19 | 13:17-21 | 17:21-31 | 11:22-25 | 14:25-32 | 19:31-40 | 18:34-35 | 16:36-38 | 20:40-40
1;4;171;107,428125;0;0;4;11;9;14;5;13;12;8;26;8;17;25;16;31;21;35;31;40;True;40;2;42;2;1:0-0 | 2:0-5 | 3:4-8 | 7:5-8 | 10:8-15 | 12:8-16 | 5:9-11 | 4:11-15 | 9:12-16 | 8:13-16 | 6:14-17 | 15:16-21 | 13:17-21 | 17:21-31 | 14:25-32 | 11:26-29 | 16:31-33 | 19:31-40 | 18:35-36 | 20:40-40
1;4;172;100,628125;0;0;3;10;8;16;5;13;15;8;28;8;15;27;16;32;21;34;31;40;True;40;2;43;2;1:0-0 | 2:0-5 | 3:3-7 | 7:5-8 | 10:8-15 | 12:8-16 | 5:8-10 | 4:10-14 | 8:13-16 | 13:15-19 | 9:15-19 | 15:16-21 | 6:16-19 | 17:21-31 | 14:27-34 | 11:28-31 | 19:31-40 | 16:32-34 | 18:34-35 | 20:40-40
1;4;173;104,178125;0;0;1;10;10;6;5;12;16;12;28;8;13;20;16;33;21;29;31;40;True;40;2;44;2;1:0-0 | 2:0-5 | 3:1-5 | 7:5-8 | 6:6-9 | 12:8-16 | 4:10-14 | 5:10-12 | 10:12-19 | 8:12-15 | 13:13-17 | 15:16-21 | 9:16-20 | 14:20-27 | 17:21-31 | 11:28-31 | 18:29-30 | 19:31-40 | 16:33-35 | 20:40-40
1;4;174;103,228125;0;0;4;11;8;12;5;13;10;9;31;8;17;26;16;37;21;31;31;40;True;40;2;45;2;1:0-0 | 2:0-5 | 3:4-8 | 7:5-8 | 12:8-16 | 5:8-10 | 10:9-16 | 9:10-14 | 4:11-15 | 6:12-15 | 8:13-16 | 15:16-21 | 13:17-21 | 17:21-31 | 14:26-33 | 11:31-34 | 18:31-32 | 19:31-40 | 16:37-39 | 20:40-40
1;4;175;104,828125;0;0;4;11;10;12;5;13;13;6;31;8;17;26;16;26;21;36;31;40;True;40;2;46;2;1:0-0 | 2:0-5 | 3:4-8 | 7:5-8 | 10:6-13 | 12:8-16 | 5:10-12 | 4:11-15 | 6:12-15 | 8:13-16 | 9:13-17 | 15:16-21 | 13:17-21 | 17:21-31 | 14:26-33 | 16:26-28 | 11:31-34 | 19:31-40 | 18:36-37 | 20:40-40
1;4;176;100,528125;0;0;4;9;19;8;5;13;12;9;31;8;15;16;16;29;21;39;31;40;True;40;2;47;2;1:0-0 | 2:0-5 | 3:4-8 | 7:5-8 | 12:8-16 | 6:8-11 | 10:9-16 | 4:9-13 | 9:12-16 | 8:13-16 | 13:15-19 | 14:16-23 | 15:16-21 | 5:19-21 | 17:21-31 | 16:29-31 | 11:31-34 | 19:31-40 | 18:39-40 | 20:40-40
1;4;177;108,128125;0;0;4;9;8;13;5;13;13;10;29;8;17;24;16;28;21;36;31;40;True;40;2;48;2;1:0-0 | 2:0-5 | 3:4-8 | 7:5-8 | 12:8-16 | 5:8-10 | 4:9-13 | 10:10-17 | 6:13-16 | 8:13-16 | 9:13-17 | 15:16-21 | 13:17-21 | 17:21-31 | 14:24-31 | 16:28-30 | 11:29-32 | 19:31-40 | 18:36-37 | 20:40-40
1;4;178;85,278125;0;0;1;10;7;9;5;13;16;14;31;8;14;18;16;35;21;38;31;40;True;40;2;49;2;1:0-0 | 2:0-5 | 3:1-5 | 7:5-8 | 5:7-9 | 12:8-16 | 6:9-12 | 4:10-14 | 8:13-16 | 10:14-21 | 13:14-18 | 15:16-21 | 9:16-20 | 14:18-25 | 17:21-31 | 11:31-34 | 19:31-40 | 16:35-37 | 18:38-39 | 20:40-40
1;4;179;88,428125;0;0;2;9;6;15;5;12;17;8;31;8;14;24;16;28;21;34;31;40;True;40;2;50;2;1:0-0 | 2:0-5 | 3:2-6 | 7:5-8 | 5:6-8 | 10:8-15 | 12:8-16 | 4:9-13 | 8:12-15 | 13:14-18 | 6:15-18 | 15:16-21 | 9:17-21 | 17:21-31 | 14:24-31 | 16:28-30 | 11:31-34 | 19:31-40 | 18:34-35 | 20:40-40
1;4;180;92,628125;0;0;2;9;15;6;5;12;17;8;31;8;14;24;16;28;21;34;31;40;True;40;2;51;2;1:0-0 | 2:0-5 | 3:2-6 | 7:5-8 | 6:6-9 | 10:8-15 | 12:8-16 | 4:9-13 | 8:12-15 | 13:14-18 | 5:15-17 | 15:16-21 | 9:17-21 | 17:21-31 | 14:24-31 | 16:28-30 | 11:31-34 | 19:31-40 | 18:34-35 | 20:40-40
1;4;181;102,078125;0;0;3;9;12;13;5;13;16;8;29;8;16;23;16;32;21;33;31;40;True;40;2;52;2;1:0-0 | 2:0-5 | 3:3-7 | 7:5-8 | 10:8-15 | 12:8-16 | 4:9-13 | 5:12-14 | 6:13-16 | 8:13-16 | 13:16-20 | 15:16-21 | 9:16-20 | 17:21-31 | 14:23-30 | 11:29-32 | 19:31-40 | 16:32-34 | 18:33-34 | 20:40-40
1;4;182;98,828125;0;0;4;10;8;16;5;13;10;9;22;8;17;27;16;35;21;33;31;40;True;40;2;53;2;1:0-0 | 2:0-5 | 3:4-8 | 7:5-8 | 12:8-16 | 5:8-10 | 10:9-16 | 4:10-14 | 9:10-14 | 8:13-16 | 15:16-21 | 6:16-19 | 13:17-21 | 17:21-31 | 11:22-25 | 14:27-34 | 19:31-40 | 18:33-34 | 16:35-37 | 20:40-40
1;4;183;103,528125;0;0;3;12;8;13;5;12;14;10;29;8;17;21;16;37;21;35;31;40;True;40;2;54;2;1:0-0 | 2:0-5 | 3:3-7 | 7:5-8 | 12:8-16 | 5:8-10 | 10:10-17 | 4:12-16 | 8:12-15 | 6:13-16 | 9:14-18 | 15:16-21 | 13:17-21 | 14:21-28 | 17:21-31 | 11:29-32 | 19:31-40 | 18:35-36 | 16:37-39 | 20:40-40
1;4;184;103,528125;0;0;4;12;8;5;5;12;9;10;27;8;17;31;16;38;21;39;31;40;True;40;2;55;2;1:0-0 | 2:0-5 | 3:4-8 | 6:5-8 | 7:5-8 | 12:8-16 | 5:8-10 | 9:9-13 | 10:10-17 | 4:12-16 | 8:12-15 | 15:16-21 | 13:17-21 | 17:21-31 | 11:27-30 | 14:31-38 | 19:31-40 | 16:38-40 | 18:39-40 | 20:40-40
1;4;185;103,878125;0;0;4;9;15;4;5;13;12;14;27;8;17;26;16;36;21;39;31;40;True;40;2;56;2;1:0-0 | 2:0-5 | 3:4-8 | 6:4-7 | 7:5-8 | 12:8-16 | 4:9-13 | 9:12-16 | 8:13-16 | 10:14-21 | 5:15-17 | 15:16-21 | 13:17-21 | 17:21-31 | 14:26-33 | 11:27-30 | 19:31-40 | 16:36-38 | 18:39-40 | 20:40-40
1;4;186;106,228125;0;0;4;11;10;16;5;13;12;7;24;8;16;29;16;38;21;34;31;40;True;40;2;57;2;1:0-0 | 2:0-5 | 3:4-8 | 7:5-8 | 10:7-14 | 12:8-16 | 5:10-12 | 4:11-15 | 9:12-16 | 8:13-16 | 13:16-20 | 15:16-21 | 6:16-19 | 17:21-31 | 11:24-27 | 14:29-36 | 19:31-40 | 18:34-35 | 16:38-40 | 20:40-40
1;4;187;87,328125;0;0;1;10;7;9;5;13;16;14;31;8;14;18;16;35;21;21;31;40;True;40;2;58;2;1:0-0 | 2:0-5 | 3:1-5 | 7:5-8 | 5:7-9 | 12:8-16 | 6:9-12 | 4:10-14 | 8:13-16 | 10:14-21 | 13:14-18 | 15:16-21 | 9:16-20 | 14:18-25 | 17:21-31 | 18:21-22 | 11:31-34 | 19:31-40 | 16:35-37 | 20:40-40
1;4;188;103,628125;0;0;3;9;11;9;5;13;15;11;28;8;16;25;16;31;21;38;31;40;True;40;2;59;2;1:0-0 | 2:0-5 | 3:3-7 | 7:5-8 | 12:8-16 | 4:9-13 | 6:9-12 | 10:11-18 | 5:11-13 | 8:13-16 | 9:15-19 | 13:16-20 | 15:16-21 | 17:21-31 | 14:25-32 | 11:28-31 | 16:31-33 | 19:31-40 | 18:38-39 | 20:40-40
1;4;189;102,128125;0;0;4;11;9;16;5;13;11;7;25;8;17;26;16;32;21;34;31;40;True;40;2;60;2;1:0-0 | 2:0-5 | 3:4-8 | 7:5-8 | 10:7-14 | 12:8-16 | 5:9-11 | 4:11-15 | 9:11-15 | 8:13-16 | 15:16-21 | 6:16-19 | 13:17-21 | 17:21-31 | 11:25-28 | 14:26-33 | 19:31-40 | 16:32-34 | 18:34-35 | 20:40-40
1;4;190;106,978125;0;0;4;12;8;6;5;12;10;10;26;8;17;28;16;38;21;38;31;40;True;40;2;61;2;1:0-0 | 2:0-5 | 3:4-8 | 7:5-8 | 6:6-9 | 12:8-16 | 5:8-10 | 10:10-17 | 9:10-14 | 4:12-16 | 8:12-15 | 15:16-21 | 13:17-21 | 17:21-31 | 11:26-29 | 14:28-35 | 19:31-40 | 16:38-40 | 18:38-39 | 20:40-40
1;4;191;99,878125;0;0;4;10;8;17;5;13;13;7;26;8;17;24;16;33;21;34;31;40;True;40;2;62;2;1:0-0 | 2:0-5 | 3:4-8 | 7:5-8 | 10:7-14 | 12:8-16 | 5:8-10 | 4:10-14 | 8:13-16 | 9:13-17 | 15:16-21 | 13:17-21 | 6:17-20 | 17:21-31 | 14:24-31 | 11:26-29 | 19:31-40 | 16:33-35 | 18:34-35 | 20:40-40
1;4;192;99,128125;0;0;4;12;8;5;5;12;9;10;37;8;17;31;16;38;21;27;31;40;True;40;2;63;2;1:0-0 | 2:0-5 | 3:4-8 | 6:5-8 | 7:5-8 | 12:8-16 | 5:8-10 | 9:9-13 | 10:10-17 | 4:12-16 | 8:12-15 | 15:16-21 | 13:17-21 | 17:21-31 | 18:27-28 | 14:31-38 | 19:31-40 | 11:37-40 | 16:38-40 | 20:40-40
1;4;193;87,628125;0;0;2;12;8;4;5;12;17;16;31;8;17;17;16;34;21;39;31;40;True;40;3;0;3;1:0-0 | 2:0-5 | 3:2-6 | 6:4-7 | 7:5-8 | 12:8-16 | 5:8-10 | 4:12-16 | 8:12-15 | 10:16-23 | 15:16-21 | 13:17-21 | 14:17-24 | 9:17-21 | 17:21-31 | 11:31-34 | 19:31-40 | 16:34-36 | 18:39-40 | 20:40-40
1;4;194;87,478125;0;0;2;8;16;17;5;12;5;12;31;8;17;17;16;34;21;39;31;40;True;40;3;1;3;1:0-0 | 2:0-5 | 3:2-6 | 7:5-8 | 9:5-9 | 12:8-16 | 4:8-12 | 10:12-19 | 8:12-15 | 15:16-21 | 5:16-18 | 13:17-21 | 14:17-24 | 6:17-20 | 17:21-31 | 11:31-34 | 19:31-40 | 16:34-36 | 18:39-40 | 20:40-40
1;4;195;83,028125;0;0;0;8;15;17;5;13;7;5;31;8;17;17;16;38;21;38;31;40;True;40;3;2;3;1:0-0 | 2:0-5 | 3:0-4 | 10:5-12 | 7:5-8 | 9:7-11 | 12:8-16 | 4:8-12 | 8:13-16 | 5:15-17 | 15:16-21 | 13:17-21 | 14:17-24 | 6:17-20 | 17:21-31 | 11:31-34 | 19:31-40 | 16:38-40 | 18:38-39 | 20:40-40
1;4;196;83,028125;0;0;0;8;15;17;5;13;7;5;31;8;17;21;16;38;21;38;31;40;True;40;3;3;3;1:0-0 | 2:0-5 | 3:0-4 | 10:5-12 | 7:5-8 | 9:7-11 | 12:8-16 | 4:8-12 | 8:13-16 | 5:15-17 | 15:16-21 | 13:17-21 | 6:17-20 | 14:21-28 | 17:21-31 | 11:31-34 | 19:31-40 | 16:38-40 | 18:38-39 | 20:40-40
1;4;197;89,128125;0;0;2;9;8;5;5;12;17;14;28;8;16;21;16;31;21;34;31;40;True;40;3;4;3;1:0-0 | 2:0-5 | 3:2-6 | 6:5-8 | 7:5-8 | 12:8-16 | 5:8-10 | 4:9-13 | 8:12-15 | 10:14-21 | 13:16-20 | 15:16-21 | 9:17-21 | 14:21-28 | 17:21-31 | 11:28-31 | 16:31-33 | 19:31-40 | 18:34-35 | 20:40-40
1;4;198;89,528125;0;0;3;12;8;15;5;13;17;16;33;8;9;17;16;31;21;38;31;40;True;40;3;5;3;1:0-0 | 2:0-5 | 3:3-7 | 7:5-8 | 12:8-16 | 5:8-10 | 13:9-13 | 4:12-16 | 8:13-16 | 6:15-18 | 10:16-23 | 15:16-21 | 14:17-24 | 9:17-21 | 17:21-31 | 16:31-33 | 19:31-40 | 11:33-36 | 18:38-39 | 20:40-40
1;4;199;87,628125;0;0;2;12;8;4;5;12;17;16;31;8;17;17;16;34;21;39;31;40;True;40;3;6;3;1:0-0 | 2:0-5 | 3:2-6 | 6:4-7 | 7:5-8 | 12:8-16 | 5:8-10 | 4:12-16 | 8:12-15 | 10:16-23 | 15:16-21 | 13:17-21 | 14:17-24 | 9:17-21 | 17:21-31 | 11:31-34 | 19:31-40 | 16:34-36 | 18:39-40 | 20:40-40
1;4;200;81,628125;0;0;3;9;8;5;5;13;15;13;35;8;16;21;16;31;21;38;31;40;True;40;3;7;3;1:0-0 | 2:0-5 | 3:3-7 | 6:5-8 | 7:5-8 | 12:8-16 | 5:8-10 | 4:9-13 | 10:13-20 | 8:13-16 | 9:15-19 | 13:16-20 | 15:16-21 | 14:21-28 | 17:21-31 | 16:31-33 | 19:31-40 | 11:35-38 | 18:38-39 | 20:40-40
1;4;201;93,878125;0;0;2;12;8;17;5;13;17;16;34;8;17;8;16;32;21;21;31;40;True;40;3;8;3;1:0-0 | 2:0-5 | 3:2-6 | 7:5-8 | 12:8-16 | 14:8-15 | 5:8-10 | 4:12-16 | 8:13-16 | 10:16-23 | 15:16-21 | 13:17-21 | 6:17-20 | 9:17-21 | 17:21-31 | 18:21-22 | 19:31-40 | 16:32-34 | 11:34-37 | 20:40-40
1;4;202;98,428125;0;0;4;12;9;17;5;13;17;8;31;8;16;19;16;34;21;38;31;40;True;40;3;9;3;1:0-0 | 2:0-5 | 3:4-8 | 7:5-8 | 10:8-15 | 12:8-16 | 5:9-11 | 4:12-16 | 8:13-16 | 13:16-20 | 15:16-21 | 6:17-20 | 9:17-21 | 14:19-26 | 17:21-31 | 11:31-34 | 19:31-40 | 16:34-36 | 18:38-39 | 20:40-40
1;4;203;92,728125;0;0;2;12;16;18;5;8;8;17;31;8;12;33;16;21;21;39;31;40;True;40;3;10;3;1:0-0 | 2:0-5 | 3:2-6 | 7:5-8 | 12:8-16 | 8:8-11 | 9:8-12 | 13:12-16 | 4:12-16 | 15:16-21 | 5:16-18 | 10:17-24 | 6:18-21 | 16:21-23 | 17:21-31 | 11:31-34 | 19:31-40 | 14:33-40 | 18:39-40 | 20:40-40
1;4;204;91,678125;0;0;2;8;8;17;5;12;17;12;31;8;16;33;16;38;21;21;31;40;True;40;3;11;3;1:0-0 | 2:0-5 | 3:2-6 | 7:5-8 | 12:8-16 | 4:8-12 | 5:8-10 | 10:12-19 | 8:12-15 | 13:16-20 | 15:16-21 | 6:17-20 | 9:17-21 | 17:21-31 | 18:21-22 | 11:31-34 | 19:31-40 | 14:33-40 | 16:38-40 | 20:40-40
1;4;205;78,078125;0;0;0;12;15;5;5;8;17;17;31;8;8;21;16;38;21;38;31;40;True;40;3;12;3;1:0-0 | 2:0-5 | 3:0-4 | 6:5-8 | 7:5-8 | 12:8-16 | 13:8-12 | 8:8-11 | 4:12-16 | 5:15-17 | 15:16-21 | 10:17-24 | 9:17-21 | 14:21-28 | 17:21-31 | 11:31-34 | 19:31-40 | 16:38-40 | 18:38-39 | 20:40-40
1;4;206;87,778125;0;0;2;8;12;17;5;13;17;17;34;8;16;13;16;32;21;21;31;40;True;40;3;13;3;1:0-0 | 2:0-5 | 3:2-6 | 7:5-8 | 12:8-16 | 4:8-12 | 5:12-14 | 14:13-20 | 8:13-16 | 13:16-20 | 15:16-21 | 10:17-24 | 6:17-20 | 9:17-21 | 17:21-31 | 18:21-22 | 19:31-40 | 16:32-34 | 11:34-37 | 20:40-40
1;4;207;85,328125;0;0;2;12;8;5;5;13;17;16;32;8;17;21;16;34;21;39;31;40;True;40;3;14;3;1:0-0 | 2:0-5 | 3:2-6 | 6:5-8 | 7:5-8 | 12:8-16 | 5:8-10 | 4:12-16 | 8:13-16 | 10:16-23 | 15:16-21 | 13:17-21 | 9:17-21 | 14:21-28 | 17:21-31 | 19:31-40 | 11:32-35 | 16:34-36 | 18:39-40 | 20:40-40
1;4;208;92,928125;0;0;2;12;9;11;5;13;17;13;34;8;17;19;16;21;21;38;31;40;True;40;3;15;3;1:0-0 | 2:0-5 | 3:2-6 | 7:5-8 | 12:8-16 | 5:9-11 | 6:11-14 | 4:12-16 | 10:13-20 | 8:13-16 | 15:16-21 | 13:17-21 | 9:17-21 | 14:19-26 | 16:21-23 | 17:21-31 | 19:31-40 | 11:34-37 | 18:38-39 | 20:40-40
1;4;209;90,028125;0;0;3;9;8;13;5;13;15;5;35;8;17;31;16;33;21;38;31;40;True;40;3;16;3;1:0-0 | 2:0-5 | 3:3-7 | 10:5-12 | 7:5-8 | 12:8-16 | 5:8-10 | 4:9-13 | 6:13-16 | 8:13-16 | 9:15-19 | 15:16-21 | 13:17-21 | 17:21-31 | 14:31-38 | 19:31-40 | 16:33-35 | 11:35-38 | 18:38-39 | 20:40-40
1;4;210;89,078125;0;0;2;8;7;17;5;12;17;16;31;8;17;12;16;34;21;39;31;40;True;40;3;17;3;1:0-0 | 2:0-5 | 3:2-6 | 7:5-8 | 5:7-9 | 12:8-16 | 4:8-12 | 14:12-19 | 8:12-15 | 10:16-23 | 15:16-21 | 13:17-21 | 6:17-20 | 9:17-21 | 17:21-31 | 11:31-34 | 19:31-40 | 16:34-36 | 18:39-40 | 20:40-40
1;4;211;83,328125;0;0;2;8;13;5;5;12;17;17;31;8;16;18;16;33;21;39;31;40;True;40;3;18;3;1:0-0 | 2:0-5 | 3:2-6 | 6:5-8 | 7:5-8 | 12:8-16 | 4:8-12 | 8:12-15 | 5:13-15 | 13:16-20 | 15:16-21 | 10:17-24 | 9:17-21 | 14:18-25 | 17:21-31 | 11:31-34 | 19:31-40 | 16:33-35 | 18:39-40 | 20:40-40
1;4;212;87,628125;0;0;2;12;8;4;5;12;17;16;31;8;17;17;16;34;21;39;31;40;True;40;3;19;3;1:0-0 | 2:0-5 | 3:2-6 | 6:4-7 | 7:5-8 | 12:8-16 | 5:8-10 | 4:12-16 | 8:12-15 | 10:16-23 | 15:16-21 | 13:17-21 | 14:17-24 | 9:17-21 | 17:21-31 | 11:31-34 | 19:31-40 | 16:34-36 | 18:39-40 | 20:40-40
1;4;213;95,028125;0;0;2;12;8;4;5;12;17;16;31;8;17;17;16;17;21;39;31;40;True;40;3;20;3;1:0-0 | 2:0-5 | 3:2-6 | 6:4-7 | 7:5-8 | 12:8-16 | 5:8-10 | 4:12-16 | 8:12-15 | 10:16-23 | 15:16-21 | 13:17-21 | 14:17-24 | 16:17-19 | 9:17-21 | 17:21-31 | 11:31-34 | 19:31-40 | 18:39-40 | 20:40-40
1;4;214;88,028125;0;0;3;9;8;13;5;13;17;5;35;8;16;17;16;31;21;38;31;40;True;40;3;21;3;1:0-0 | 2:0-5 | 3:3-7 | 10:5-12 | 7:5-8 | 12:8-16 | 5:8-10 | 4:9-13 | 6:13-16 | 8:13-16 | 13:16-20 | 15:16-21 | 14:17-24 | 9:17-21 | 17:21-31 | 16:31-33 | 19:31-40 | 11:35-38 | 18:38-39 | 20:40-40
1;4;215;85,328125;0;0;2;12;8;5;5;13;17;16;32;8;17;21;16;34;21;39;31;40;True;40;3;22;3;1:0-0 | 2:0-5 | 3:2-6 | 6:5-8 | 7:5-8 | 12:8-16 | 5:8-10 | 4:12-16 | 8:13-16 | 10:16-23 | 15:16-21 | 13:17-21 | 9:17-21 | 14:21-28 | 17:21-31 | 19:31-40 | 11:32-35 | 16:34-36 | 18:39-40 | 20:40-40
1;4;216;98,778125;0;0;4;10;12;5;5;13;17;8;31;8;16;16;16;30;21;39;31;40;True;40;3;23;3;1:0-0 | 2:0-5 | 3:4-8 | 6:5-8 | 7:5-8 | 10:8-15 | 12:8-16 | 4:10-14 | 5:12-14 | 8:13-16 | 13:16-20 | 14:16-23 | 15:16-21 | 9:17-21 | 17:21-31 | 16:30-32 | 11:31-34 | 19:31-40 | 18:39-40 | 20:40-40
1;4;217;91,028125;0;0;2;12;8;18;5;13;5;13;33;8;17;21;16;17;21;39;31;40;True;40;3;24;3;1:0-0 | 2:0-5 | 3:2-6 | 7:5-8 | 9:5-9 | 12:8-16 | 5:8-10 | 4:12-16 | 10:13-20 | 8:13-16 | 15:16-21 | 13:17-21 | 16:17-19 | 6:18-21 | 14:21-28 | 17:21-31 | 19:31-40 | 11:33-36 | 18:39-40 | 20:40-40
1;4;218;91,028125;0;0;4;10;8;4;5;12;17;13;31;8;16;17;16;37;21;39;31;40;True;40;3;25;3;1:0-0 | 2:0-5 | 3:4-8 | 6:4-7 | 7:5-8 | 12:8-16 | 5:8-10 | 4:10-14 | 8:12-15 | 10:13-20 | 13:16-20 | 15:16-21 | 14:17-24 | 9:17-21 | 17:21-31 | 11:31-34 | 19:31-40 | 16:37-39 | 18:39-40 | 20:40-40
1;4;219;91,128125;0;0;2;12;7;17;5;13;5;13;32;8;17;18;16;16;21;39;31;40;True;40;3;26;3;1:0-0 | 2:0-5 | 3:2-6 | 7:5-8 | 9:5-9 | 5:7-9 | 12:8-16 | 4:12-16 | 10:13-20 | 8:13-16 | 15:16-21 | 16:16-18 | 13:17-21 | 6:17-20 | 14:18-25 | 17:21-31 | 19:31-40 | 11:32-35 | 18:39-40 | 20:40-40
1;4;220;91,428125;0;0;4;12;16;5;5;13;8;18;33;8;8;31;16;23;21;38;31;40;True;40;3;27;3;1:0-0 | 2:0-5 | 3:4-8 | 6:5-8 | 7:5-8 | 12:8-16 | 13:8-12 | 9:8-12 | 4:12-16 | 8:13-16 | 15:16-21 | 5:16-18 | 10:18-25 | 17:21-31 | 16:23-25 | 14:31-38 | 19:31-40 | 11:33-36 | 18:38-39 | 20:40-40
1;4;221;92,428125;0;0;2;12;8;18;5;13;8;17;32;8;16;21;16;34;21;39;31;40;True;40;3;28;3;1:0-0 | 2:0-5 | 3:2-6 | 7:5-8 | 12:8-16 | 5:8-10 | 9:8-12 | 4:12-16 | 8:13-16 | 13:16-20 | 15:16-21 | 10:17-24 | 6:18-21 | 14:21-28 | 17:21-31 | 19:31-40 | 11:32-35 | 16:34-36 | 18:39-40 | 20:40-40
1;4;222;91,828125;0;0;2;12;8;17;5;13;16;8;31;8;16;21;16;34;21;39;31;40;True;40;3;29;3;1:0-0 | 2:0-5 | 3:2-6 | 7:5-8 | 10:8-15 | 12:8-16 | 5:8-10 | 4:12-16 | 8:13-16 | 13:16-20 | 15:16-21 | 9:16-20 | 6:17-20 | 14:21-28 | 17:21-31 | 11:31-34 | 19:31-40 | 16:34-36 | 18:39-40 | 20:40-40
1;4;223;85,328125;0;0;2;12;8;5;5;13;17;16;32;8;17;21;16;34;21;39;31;40;True;40;3;30;3;1:0-0 | 2:0-5 | 3:2-6 | 6:5-8 | 7:5-8 | 12:8-16 | 5:8-10 | 4:12-16 | 8:13-16 | 10:16-23 | 15:16-21 | 13:17-21 | 9:17-21 | 14:21-28 | 17:21-31 | 19:31-40 | 11:32-35 | 16:34-36 | 18:39-40 | 20:40-40
1;4;224;91,978125;0;0;4;8;16;5;5;12;17;13;31;8;8;18;16;33;21;38;31;40;True;40;3;31;3;1:0-0 | 2:0-5 | 3:4-8 | 6:5-8 | 7:5-8 | 12:8-16 | 13:8-12 | 4:8-12 | 8:12-15 | 10:13-20 | 15:16-21 | 5:16-18 | 9:17-21 | 14:18-25 | 17:21-31 | 11:31-34 | 19:31-40 | 16:33-35 | 18:38-39 | 20:40-40
1;4;225;81,478125;0;0;2;8;12;5;5;13;13;17;31;8;17;33;16;21;21;39;31;40;True;40;3;32;3;1:0-0 | 2:0-5 | 3:2-6 | 6:5-8 | 7:5-8 | 12:8-16 | 4:8-12 | 5:12-14 | 8:13-16 | 9:13-17 | 15:16-21 | 10:17-24 | 13:17-21 | 16:21-23 | 17:21-31 | 11:31-34 | 19:31-40 | 14:33-40 | 18:39-40 | 20:40-40
1;4;226;86,828125;0;0;2;12;8;17;5;13;5;16;32;8;16;21;16;34;21;39;31;40;True;40;3;33;3;1:0-0 | 2:0-5 | 3:2-6 | 7:5-8 | 9:5-9 | 12:8-16 | 5:8-10 | 4:12-16 | 8:13-16 | 10:16-23 | 13:16-20 | 15:16-21 | 6:17-20 | 14:21-28 | 17:21-31 | 19:31-40 | 11:32-35 | 16:34-36 | 18:39-40 | 20:40-40
1;4;227;90,628125;0;0;2;12;8;12;5;13;17;5;34;8;17;17;16;31;21;39;31;40;True;40;3;34;3;1:0-0 | 2:0-5 | 3:2-6 | 10:5-12 | 7:5-8 | 12:8-16 | 5:8-10 | 4:12-16 | 6:12-15 | 8:13-16 | 15:16-21 | 13:17-21 | 14:17-24 | 9:17-21 | 17:21-31 | 16:31-33 | 19:31-40 | 11:34-37 | 18:39-40 | 20:40-40
1;4;228;81,278125;0;0;0;8;8;17;5;13;5;15;31;8;17;17;16;38;21;38;31;40;True;40;3;35;3;1:0-0 | 2:0-5 | 3:0-4 | 7:5-8 | 9:5-9 | 12:8-16 | 4:8-12 | 5:8-10 | 8:13-16 | 10:15-22 | 15:16-21 | 13:17-21 | 14:17-24 | 6:17-20 | 17:21-31 | 11:31-34 | 19:31-40 | 16:38-40 | 18:38-39 | 20:40-40
1;4;229;91,228125;0;0;4;8;13;5;5;13;17;6;31;8;17;17;16;26;21;39;31;40;True;40;3;36;3;1:0-0 | 2:0-5 | 3:4-8 | 6:5-8 | 7:5-8 | 10:6-13 | 12:8-16 | 4:8-12 | 5:13-15 | 8:13-16 | 15:16-21 | 13:17-21 | 14:17-24 | 9:17-21 | 17:21-31 | 16:26-28 | 11:31-34 | 19:31-40 | 18:39-40 | 20:40-40
1;4;230;83,028125;0;0;0;8;15;17;5;13;7;5;33;8;17;17;16;38;21;38;31;40;True;40;3;37;3;1:0-0 | 2:0-5 | 3:0-4 | 10:5-12 | 7:5-8 | 9:7-11 | 12:8-16 | 4:8-12 | 8:13-16 | 5:15-17 | 15:16-21 | 13:17-21 | 14:17-24 | 6:17-20 | 17:21-31 | 19:31-40 | 11:33-36 | 16:38-40 | 18:38-39 | 20:40-40
1;4;231;90,578125;0;0;0;12;8;21;5;8;5;15;31;8;17;17;16;38;21;38;31;40;True;40;3;38;3;1:0-0 | 2:0-5 | 3:0-4 | 7:5-8 | 9:5-9 | 12:8-16 | 5:8-10 | 8:8-11 | 4:12-16 | 10:15-22 | 15:16-21 | 13:17-21 | 14:17-24 | 17:21-31 | 6:21-24 | 11:31-34 | 19:31-40 | 16:38-40 | 18:38-39 | 20:40-40
1;4;232;87,628125;0;0;0;8;7;3;5;13;17;15;31;8;17;20;16;37;21;38;31;40;True;40;3;39;3;1:0-0 | 2:0-5 | 3:0-4 | 6:3-6 | 7:5-8 | 5:7-9 | 12:8-16 | 4:8-12 | 8:13-16 | 10:15-22 | 15:16-21 | 13:17-21 | 9:17-21 | 14:20-27 | 17:21-31 | 11:31-34 | 19:31-40 | 16:37-39 | 18:38-39 | 20:40-40
1;4;233;88,428125;0;0;2;9;6;15;5;12;17;8;31;8;14;24;16;28;21;34;31;40;True;40;3;40;3;1:0-0 | 2:0-5 | 3:2-6 | 7:5-8 | 5:6-8 | 10:8-15 | 12:8-16 | 4:9-13 | 8:12-15 | 13:14-18 | 6:15-18 | 15:16-21 | 9:17-21 | 17:21-31 | 14:24-31 | 16:28-30 | 11:31-34 | 19:31-40 | 18:34-35 | 20:40-40
1;4;234;83,028125;0;0;0;8;15;17;5;13;7;5;33;8;17;21;16;38;21;38;31;40;True;40;3;41;3;1:0-0 | 2:0-5 | 3:0-4 | 10:5-12 | 7:5-8 | 9:7-11 | 12:8-16 | 4:8-12 | 8:13-16 | 5:15-17 | 15:16-21 | 13:17-21 | 6:17-20 | 14:21-28 | 17:21-31 | 19:31-40 | 11:33-36 | 16:38-40 | 18:38-39 | 20:40-40
1;4;235;81,278125;0;0;2;12;16;4;5;13;17;17;32;8;8;8;16;18;21;39;31;40;True;40;3;42;3;1:0-0 | 2:0-5 | 3:2-6 | 6:4-7 | 7:5-8 | 12:8-16 | 13:8-12 | 14:8-15 | 4:12-16 | 8:13-16 | 15:16-21 | 5:16-18 | 10:17-24 | 9:17-21 | 16:18-20 | 17:21-31 | 19:31-40 | 11:32-35 | 18:39-40 | 20:40-40
1;4;236;86,028125;0;0;2;12;12;5;5;13;17;17;31;8;8;18;16;31;21;39;31;40;True;40;3;43;3;1:0-0 | 2:0-5 | 3:2-6 | 6:5-8 | 7:5-8 | 12:8-16 | 13:8-12 | 4:12-16 | 5:12-14 | 8:13-16 | 15:16-21 | 10:17-24 | 9:17-21 | 14:18-25 | 17:21-31 | 11:31-34 | 16:31-33 | 19:31-40 | 18:39-40 | 20:40-40
1;4;237;90,328125;0;0;4;12;10;5;5;12;16;8;31;8;16;21;16;37;21;39;31;40;True;40;3;44;3;1:0-0 | 2:0-5 | 3:4-8 | 6:5-8 | 7:5-8 | 10:8-15 | 12:8-16 | 5:10-12 | 4:12-16 | 8:12-15 | 13:16-20 | 15:16-21 | 9:16-20 | 14:21-28 | 17:21-31 | 11:31-34 | 19:31-40 | 16:37-39 | 18:39-40 | 20:40-40
1;4;238;89,128125;0;0;2;9;8;5;5;12;17;14;28;8;16;21;16;31;21;34;31;40;True;40;3;45;3;1:0-0 | 2:0-5 | 3:2-6 | 6:5-8 | 7:5-8 | 12:8-16 | 5:8-10 | 4:9-13 | 8:12-15 | 10:14-21 | 13:16-20 | 15:16-21 | 9:17-21 | 14:21-28 | 17:21-31 | 11:28-31 | 16:31-33 | 19:31-40 | 18:34-35 | 20:40-40
1;4;239;80,328125;0;0;0;8;15;5;5;13;7;17;33;8;17;17;16;38;21;38;31;40;True;40;3;46;3;1:0-0 | 2:0-5 | 3:0-4 | 6:5-8 | 7:5-8 | 9:7-11 | 12:8-16 | 4:8-12 | 8:13-16 | 5:15-17 | 15:16-21 | 10:17-24 | 13:17-21 | 14:17-24 | 17:21-31 | 19:31-40 | 11:33-36 | 16:38-40 | 18:38-39 | 20:40-40
1;4;240;85,878125;0;0;0;12;17;8;5;8;16;17;31;8;8;17;16;38;21;38;31;40;True;40;3;47;3;1:0-0 | 2:0-5 | 3:0-4 | 7:5-8 | 12:8-16 | 13:8-12 | 6:8-11 | 8:8-11 | 4:12-16 | 15:16-21 | 9:16-20 | 10:17-24 | 14:17-24 | 5:17-19 | 17:21-31 | 11:31-34 | 19:31-40 | 16:38-40 | 18:38-39 | 20:40-40
1;4;241;88,128125;0;0;2;12;7;17;5;12;5;16;31;8;17;17;16;34;21;39;31;40;True;40;3;48;3;1:0-0 | 2:0-5 | 3:2-6 | 7:5-8 | 9:5-9 | 5:7-9 | 12:8-16 | 4:12-16 | 8:12-15 | 10:16-23 | 15:16-21 | 13:17-21 | 14:17-24 | 6:17-20 | 17:21-31 | 11:31-34 | 19:31-40 | 16:34-36 | 18:39-40 | 20:40-40
1;4;242;91,678125;0;0;0;7;15;3;5;13;5;20;37;8;17;33;16;31;21;38;31;40;True;40;3;49;3;1:0-0 | 2:0-5 | 3:0-4 | 6:3-6 | 7:5-8 | 9:5-9 | 4:7-11 | 12:8-16 | 8:13-16 | 5:15-17 | 15:16-21 | 13:17-21 | 10:20-27 | 17:21-31 | 16:31-33 | 19:31-40 | 14:33-40 | 11:37-40 | 18:38-39 | 20:40-40
1;4;243;92,578125;0;0;4;8;12;5;5;13;13;17;32;8;17;33;16;21;21;21;31;40;True;40;3;50;3;1:0-0 | 2:0-5 | 3:4-8 | 6:5-8 | 7:5-8 | 12:8-16 | 4:8-12 | 5:12-14 | 8:13-16 | 9:13-17 | 15:16-21 | 10:17-24 | 13:17-21 | 16:21-23 | 17:21-31 | 18:21-22 | 19:31-40 | 11:32-35 | 14:33-40 | 20:40-40
1;4;244;90,278125;0;0;0;8;15;17;5;13;8;5;31;8;16;17;16;38;21;38;31;40;True;40;3;51;3;1:0-0 | 2:0-5 | 3:0-4 | 10:5-12 | 7:5-8 | 12:8-16 | 4:8-12 | 9:8-12 | 8:13-16 | 5:15-17 | 13:16-20 | 15:16-21 | 14:17-24 | 6:17-20 | 17:21-31 | 11:31-34 | 19:31-40 | 16:38-40 | 18:38-39 | 20:40-40
1;4;245;85,428125;0;0;4;12;8;16;5;10;5;16;31;8;16;21;16;37;21;39;31;40;True;40;3;52;3;1:0-0 | 2:0-5 | 3:4-8 | 7:5-8 | 9:5-9 | 12:8-16 | 5:8-10 | 8:10-13 | 4:12-16 | 10:16-23 | 13:16-20 | 15:16-21 | 6:16-19 | 14:21-28 | 17:21-31 | 11:31-34 | 19:31-40 | 16:37-39 | 18:39-40 | 20:40-40
1;4;246;81,478125;0;0;2;8;12;5;5;13;13;17;32;8;17;33;16;21;21;39;31;40;True;40;3;53;3;1:0-0 | 2:0-5 | 3:2-6 | 6:5-8 | 7:5-8 | 12:8-16 | 4:8-12 | 5:12-14 | 8:13-16 | 9:13-17 | 15:16-21 | 10:17-24 | 13:17-21 | 16:21-23 | 17:21-31 | 19:31-40 | 11:32-35 | 14:33-40 | 18:39-40 | 20:40-40
1;4;247;83,028125;0;0;0;8;15;17;5;13;7;5;31;8;17;17;16;38;21;38;31;40;True;40;3;54;3;1:0-0 | 2:0-5 | 3:0-4 | 10:5-12 | 7:5-8 | 9:7-11 | 12:8-16 | 4:8-12 | 8:13-16 | 5:15-17 | 15:16-21 | 13:17-21 | 14:17-24 | 6:17-20 | 17:21-31 | 11:31-34 | 19:31-40 | 16:38-40 | 18:38-39 | 20:40-40
1;4;248;86,428125;0;0;2;9;8;13;5;13;15;5;34;8;17;12;16;32;21;37;31;40;True;40;3;55;3;1:0-0 | 2:0-5 | 3:2-6 | 10:5-12 | 7:5-8 | 12:8-16 | 5:8-10 | 4:9-13 | 14:12-19 | 6:13-16 | 8:13-16 | 9:15-19 | 15:16-21 | 13:17-21 | 17:21-31 | 19:31-40 | 16:32-34 | 11:34-37 | 18:37-38 | 20:40-40
1;4;249;86,028125;0;0;2;12;8;5;5;13;8;16;31;8;17;18;16;34;21;39;31;40;True;40;3;56;3;1:0-0 | 2:0-5 | 3:2-6 | 6:5-8 | 7:5-8 | 12:8-16 | 5:8-10 | 9:8-12 | 4:12-16 | 8:13-16 | 10:16-23 | 15:16-21 | 13:17-21 | 14:18-25 | 17:21-31 | 11:31-34 | 19:31-40 | 16:34-36 | 18:39-40 | 20:40-40
1;4;250;91,978125;0;0;4;12;10;16;5;8;5;16;37;8;16;31;16;21;21;39;31;40;True;40;3;57;3;1:0-0 | 2:0-5 | 3:4-8 | 7:5-8 | 9:5-9 | 12:8-16 | 8:8-11 | 5:10-12 | 4:12-16 | 10:16-23 | 13:16-20 | 15:16-21 | 6:16-19 | 16:21-23 | 17:21-31 | 14:31-38 | 19:31-40 | 11:37-40 | 18:39-40 | 20:40-40
1;4;251;92,628125;0;0;4;8;19;5;5;13;17;17;31;8;8;8;16;33;21;39;31;40;True;40;3;58;3;1:0-0 | 2:0-5 | 3:4-8 | 6:5-8 | 7:5-8 | 12:8-16 | 13:8-12 | 14:8-15 | 4:8-12 | 8:13-16 | 15:16-21 | 10:17-24 | 9:17-21 | 5:19-21 | 17:21-31 | 11:31-34 | 19:31-40 | 16:33-35 | 18:39-40 | 20:40-40
1;4;252;78,378125;0;0;0;12;17;5;5;8;16;17;31;8;8;17;16;38;21;38;31;40;True;40;3;59;3;1:0-0 | 2:0-5 | 3:0-4 | 6:5-8 | 7:5-8 | 12:8-16 | 13:8-12 | 8:8-11 | 4:12-16 | 15:16-21 | 9:16-20 | 10:17-24 | 14:17-24 | 5:17-19 | 17:21-31 | 11:31-34 | 19:31-40 | 16:38-40 | 18:38-39 | 20:40-40
1;4;253;91,178125;0;0;4;12;10;16;5;12;5;8;31;8;16;21;16;37;21;39;31;40;True;40;3;60;3;1:0-0 | 2:0-5 | 3:4-8 | 7:5-8 | 9:5-9 | 10:8-15 | 12:8-16 | 5:10-12 | 4:12-16 | 8:12-15 | 13:16-20 | 15:16-21 | 6:16-19 | 14:21-28 | 17:21-31 | 11:31-34 | 19:31-40 | 16:37-39 | 18:39-40 | 20:40-40
1;4;254;90,228125;0;0;2;12;8;18;5;13;8;17;31;8;16;21;16;34;21;39;31;40;True;40;3;61;3;1:0-0 | 2:0-5 | 3:2-6 | 7:5-8 | 12:8-16 | 5:8-10 | 9:8-12 | 4:12-16 | 8:13-16 | 13:16-20 | 15:16-21 | 10:17-24 | 6:18-21 | 14:21-28 | 17:21-31 | 11:31-34 | 19:31-40 | 16:34-36 | 18:39-40 | 20:40-40
1;4;255;83,028125;0;0;0;8;15;17;5;13;7;5;31;8;17;21;16;38;21;38;31;40;True;40;3;62;3;1:0-0 | 2:0-5 | 3:0-4 | 10:5-12 | 7:5-8 | 9:7-11 | 12:8-16 | 4:8-12 | 8:13-16 | 5:15-17 | 15:16-21 | 13:17-21 | 6:17-20 | 14:21-28 | 17:21-31 | 11:31-34 | 19:31-40 | 16:38-40 | 18:38-39 | 20:40-40
1;4;256;98,628125;0;0;3;9;16;5;5;8;13;15;13;8;17;21;16;31;21;38;31;40;True;40;3;63;3;1:0-0 | 2:0-5 | 3:3-7 | 6:5-8 | 7:5-8 | 12:8-16 | 8:8-11 | 4:9-13 | 11:13-16 | 9:13-17 | 10:15-22 | 15:16-21 | 5:16-18 | 13:17-21 | 14:21-28 | 17:21-31 | 16:31-33 | 19:31-40 | 18:38-39 | 20:40-40
1;5;1;91,228125;0;0;0;11;8;7;5;13;16;12;29;8;15;18;16;33;21;37;31;40;True;40;0;0;0;1:0-0 | 2:0-5 | 3:0-4 | 7:5-8 | 6:7-10 | 12:8-16 | 5:8-10 | 4:11-15 | 10:12-19 | 8:13-16 | 13:15-19 | 15:16-21 | 9:16-20 | 14:18-25 | 17:21-31 | 11:29-32 | 19:31-40 | 16:33-35 | 18:37-38 | 20:40-40
1;5;2;91,978125;0;0;1;11;9;9;5;13;16;15;34;8;15;18;16;33;21;28;31;40;True;40;0;1;0;1:0-0 | 2:0-5 | 3:1-5 | 7:5-8 | 12:8-16 | 5:9-11 | 6:9-12 | 4:11-15 | 8:13-16 | 10:15-22 | 13:15-19 | 15:16-21 | 9:16-20 | 14:18-25 | 17:21-31 | 18:28-29 | 19:31-40 | 16:33-35 | 11:34-37 | 20:40-40
1;5;3;81,728125;0;0;1;9;7;11;5;11;16;12;32;8;14;22;16;35;21;36;31;40;True;40;0;2;0;1:0-0 | 2:0-5 | 3:1-5 | 7:5-8 | 5:7-9 | 12:8-16 | 4:9-13 | 6:11-14 | 8:11-14 | 10:12-19 | 13:14-18 | 15:16-21 | 9:16-20 | 17:21-31 | 14:22-29 | 19:31-40 | 11:32-35 | 16:35-37 | 18:36-37 | 20:40-40
1;5;4;86,578125;0;0;0;11;8;7;5;10;16;11;30;8;14;18;16;35;21;27;31;40;True;40;0;3;0;1:0-0 | 2:0-5 | 3:0-4 | 7:5-8 | 6:7-10 | 12:8-16 | 5:8-10 | 8:10-13 | 10:11-18 | 4:11-15 | 13:14-18 | 15:16-21 | 9:16-20 | 14:18-25 | 17:21-31 | 18:27-28 | 11:30-33 | 19:31-40 | 16:35-37 | 20:40-40
1;5;5;90,678125;0;0;1;8;9;13;5;11;16;15;34;8;16;16;16;37;21;27;31;40;True;40;0;4;0;1:0-0 | 2:0-5 | 3:1-5 | 7:5-8 | 12:8-16 | 4:8-12 | 5:9-11 | 8:11-14 | 6:13-16 | 10:15-22 | 13:16-20 | 14:16-23 | 15:16-21 | 9:16-20 | 17:21-31 | 18:27-28 | 19:31-40 | 11:34-37 | 16:37-39 | 20:40-40
1;5;6;85,028125;0;0;1;8;12;11;5;11;16;15;31;8;14;17;16;35;21;38;31;40;True;40;0;5;0;1:0-0 | 2:0-5 | 3:1-5 | 7:5-8 | 12:8-16 | 4:8-12 | 6:11-14 | 8:11-14 | 5:12-14 | 13:14-18 | 10:15-22 | 15:16-21 | 9:16-20 | 14:17-24 | 17:21-31 | 11:31-34 | 19:31-40 | 16:35-37 | 18:38-39 | 20:40-40
1;5;7;83,028125;0;0;1;9;7;11;5;12;16;12;31;8;14;8;16;34;21;21;31;40;True;40;0;6;0;1:0-0 | 2:0-5 | 3:1-5 | 7:5-8 | 5:7-9 | 12:8-16 | 14:8-15 | 4:9-13 | 6:11-14 | 10:12-19 | 8:12-15 | 13:14-18 | 15:16-21 | 9:16-20 | 17:21-31 | 18:21-22 | 11:31-34 | 19:31-40 | 16:34-36 | 20:40-40
1;5;8;85,278125;0;0;1;10;7;9;5;13;16;14;31;8;14;18;16;35;21;38;31;40;True;40;0;7;0;1:0-0 | 2:0-5 | 3:1-5 | 7:5-8 | 5:7-9 | 12:8-16 | 6:9-12 | 4:10-14 | 8:13-16 | 10:14-21 | 13:14-18 | 15:16-21 | 9:16-20 | 14:18-25 | 17:21-31 | 11:31-34 | 19:31-40 | 16:35-37 | 18:38-39 | 20:40-40
1;5;9;85,678125;0;0;1;9;7;15;5;12;16;10;32;8;14;21;16;36;21;32;31;40;True;40;0;8;0;1:0-0 | 2:0-5 | 3:1-5 | 7:5-8 | 5:7-9 | 12:8-16 | 4:9-13 | 10:10-17 | 8:12-15 | 13:14-18 | 6:15-18 | 15:16-21 | 9:16-20 | 14:21-28 | 17:21-31 | 19:31-40 | 11:32-35 | 18:32-33 | 16:36-38 | 20:40-40
1;5;10;85,278125;0;0;1;10;7;9;5;13;16;14;31;8;14;18;16;35;21;38;31;40;True;40;0;9;0;1:0-0 | 2:0-5 | 3:1-5 | 7:5-8 | 5:7-9 | 12:8-16 | 6:9-12 | 4:10-14 | 8:13-16 | 10:14-21 | 13:14-18 | 15:16-21 | 9:16-20 | 14:18-25 | 17:21-31 | 11:31-34 | 19:31-40 | 16:35-37 | 18:38-39 | 20:40-40
1;5;11;88,528125;0;0;0;8;4;5;5;11;16;11;28;8;13;17;16;22;21;29;31;40;True;40;0;10;0;1:0-0 | 2:0-5 | 3:0-4 | 5:4-6 | 6:5-8 | 7:5-8 | 12:8-16 | 4:8-12 | 10:11-18 | 8:11-14 | 13:13-17 | 15:16-21 | 9:16-20 | 14:17-24 | 17:21-31 | 16:22-24 | 11:28-31 | 18:29-30 | 19:31-40 | 20:40-40
1;5;12;91,128125;0;0;1;9;8;10;5;12;16;19;25;8;14;16;16;36;21;33;31;40;True;40;0;11;0;1:0-0 | 2:0-5 | 3:1-5 | 7:5-8 | 12:8-16 | 5:8-10 | 4:9-13 | 6:10-13 | 8:12-15 | 13:14-18 | 14:16-23 | 15:16-21 | 9:16-20 | 10:19-26 | 17:21-31 | 11:25-28 | 19:31-40 | 18:33-34 | 16:36-38 | 20:40-40
1;5;13;88,378125;0;0;1;9;6;6;5;12;16;9;30;8;13;18;16;18;21;21;31;40;True;40;0;12;0;1:0-0 | 2:0-5 | 3:1-5 | 7:5-8 | 5:6-8 | 6:6-9 | 12:8-16 | 10:9-16 | 4:9-13 | 8:12-15 | 13:13-17 | 15:16-21 | 9:16-20 | 14:18-25 | 16:18-20 | 17:21-31 | 18:21-22 | 11:30-33 | 19:31-40 | 20:40-40
1;5;14;87,328125;0;0;1;8;14;6;5;12;10;11;24;8;16;16;16;32;21;37;31;40;True;40;0;13;0;1:0-0 | 2:0-5 | 3:1-5 | 7:5-8 | 6:6-9 | 12:8-16 | 4:8-12 | 9:10-14 | 10:11-18 | 8:12-15 | 5:14-16 | 13:16-20 | 14:16-23 | 15:16-21 | 17:21-31 | 11:24-27 | 19:31-40 | 16:32-34 | 18:37-38 | 20:40-40
1;5;15;91,078125;0;0;2;10;8;16;5;12;15;12;32;8;16;23;16;37;21;21;31;40;True;40;0;14;0;1:0-0 | 2:0-5 | 3:2-6 | 7:5-8 | 12:8-16 | 5:8-10 | 4:10-14 | 10:12-19 | 8:12-15 | 9:15-19 | 13:16-20 | 15:16-21 | 6:16-19 | 17:21-31 | 18:21-22 | 14:23-30 | 19:31-40 | 11:32-35 | 16:37-39 | 20:40-40
1;5;16;85,628125;0;0;2;8;10;12;5;12;16;19;31;8;15;17;16;35;21;38;31;40;True;40;0;15;0;1:0-0 | 2:0-5 | 3:2-6 | 7:5-8 | 12:8-16 | 4:8-12 | 5:10-12 | 6:12-15 | 8:12-15 | 13:15-19 | 15:16-21 | 9:16-20 | 14:17-24 | 10:19-26 | 17:21-31 | 11:31-34 | 19:31-40 | 16:35-37 | 18:38-39 | 20:40-40
1;5;17;84,028125;0;0;2;10;8;12;5;12;16;13;32;8;15;23;16;37;21;39;31;40;True;40;0;16;0;1:0-0 | 2:0-5 | 3:2-6 | 7:5-8 | 12:8-16 | 5:8-10 | 4:10-14 | 6:12-15 | 8:12-15 | 10:13-20 | 13:15-19 | 15:16-21 | 9:16-20 | 17:21-31 | 14:23-30 | 19:31-40 | 11:32-35 | 16:37-39 | 18:39-40 | 20:40-40
1;5;18;87,828125;0;0;2;8;10;12;5;12;16;20;31;8;15;14;16;33;21;38;31;40;True;40;0;17;0;1:0-0 | 2:0-5 | 3:2-6 | 7:5-8 | 12:8-16 | 4:8-12 | 5:10-12 | 6:12-15 | 8:12-15 | 14:14-21 | 13:15-19 | 15:16-21 | 9:16-20 | 10:20-27 | 17:21-31 | 11:31-34 | 19:31-40 | 16:33-35 | 18:38-39 | 20:40-40
1;5;19;86,428125;0;0;2;9;8;13;5;13;15;5;34;8;17;12;16;32;21;37;31;40;True;40;0;18;0;1:0-0 | 2:0-5 | 3:2-6 | 10:5-12 | 7:5-8 | 12:8-16 | 5:8-10 | 4:9-13 | 14:12-19 | 6:13-16 | 8:13-16 | 9:15-19 | 15:16-21 | 13:17-21 | 17:21-31 | 19:31-40 | 16:32-34 | 11:34-37 | 18:37-38 | 20:40-40
1;5;20;81,528125;0;0;1;10;8;11;5;13;16;13;31;8;15;21;16;36;21;38;31;40;True;40;0;19;0;1:0-0 | 2:0-5 | 3:1-5 | 7:5-8 | 12:8-16 | 5:8-10 | 4:10-14 | 6:11-14 | 10:13-20 | 8:13-16 | 13:15-19 | 15:16-21 | 9:16-20 | 14:21-28 | 17:21-31 | 11:31-34 | 19:31-40 | 16:36-38 | 18:38-39 | 20:40-40
1;5;21;81,478125;0;0;2;8;12;5;5;13;13;17;32;8;17;33;16;21;21;39;31;40;True;40;0;20;0;1:0-0 | 2:0-5 | 3:2-6 | 6:5-8 | 7:5-8 | 12:8-16 | 4:8-12 | 5:12-14 | 8:13-16 | 9:13-17 | 15:16-21 | 10:17-24 | 13:17-21 | 16:21-23 | 17:21-31 | 19:31-40 | 11:32-35 | 14:33-40 | 18:39-40 | 20:40-40
1;5;22;83,878125;0;0;1;9;7;14;5;12;6;16;30;8;14;14;16;20;21;36;31;40;True;40;0;21;0;1:0-0 | 2:0-5 | 3:1-5 | 7:5-8 | 9:6-10 | 5:7-9 | 12:8-16 | 4:9-13 | 8:12-15 | 13:14-18 | 14:14-21 | 6:14-17 | 10:16-23 | 15:16-21 | 16:20-22 | 17:21-31 | 11:30-33 | 19:31-40 | 18:36-37 | 20:40-40
1;5;23;87,328125;0;0;1;10;7;9;5;13;16;14;31;8;14;21;16;35;21;21;31;40;True;40;0;22;0;1:0-0 | 2:0-5 | 3:1-5 | 7:5-8 | 5:7-9 | 12:8-16 | 6:9-12 | 4:10-14 | 8:13-16 | 10:14-21 | 13:14-18 | 15:16-21 | 9:16-20 | 14:21-28 | 17:21-31 | 18:21-22 | 11:31-34 | 19:31-40 | 16:35-37 | 20:40-40
1;5;24;87,328125;0;0;1;10;7;9;5;13;16;14;31;8;14;18;16;35;21;21;31;40;True;40;0;23;0;1:0-0 | 2:0-5 | 3:1-5 | 7:5-8 | 5:7-9 | 12:8-16 | 6:9-12 | 4:10-14 | 8:13-16 | 10:14-21 | 13:14-18 | 15:16-21 | 9:16-20 | 14:18-25 | 17:21-31 | 18:21-22 | 11:31-34 | 19:31-40 | 16:35-37 | 20:40-40
1;5;25;87,828125;0;0;2;8;10;12;5;12;16;20;31;8;15;14;16;33;21;38;31;40;True;40;0;24;0;1:0-0 | 2:0-5 | 3:2-6 | 7:5-8 | 12:8-16 | 4:8-12 | 5:10-12 | 6:12-15 | 8:12-15 | 14:14-21 | 13:15-19 | 15:16-21 | 9:16-20 | 10:20-27 | 17:21-31 | 11:31-34 | 19:31-40 | 16:33-35 | 18:38-39 | 20:40-40
1;5;26;85,328125;0;0;1;11;9;10;5;13;16;15;31;8;16;18;16;35;21;38;31;40;True;40;0;25;0;1:0-0 | 2:0-5 | 3:1-5 | 7:5-8 | 12:8-16 | 5:9-11 | 6:10-13 | 4:11-15 | 8:13-16 | 10:15-22 | 13:16-20 | 15:16-21 | 9:16-20 | 14:18-25 | 17:21-31 | 11:31-34 | 19:31-40 | 16:35-37 | 18:38-39 | 20:40-40
1;5;27;88,828125;0;0;2;9;7;15;5;12;17;11;32;8;15;31;16;33;21;23;31;40;True;40;0;26;0;1:0-0 | 2:0-5 | 3:2-6 | 7:5-8 | 5:7-9 | 12:8-16 | 4:9-13 | 10:11-18 | 8:12-15 | 13:15-19 | 6:15-18 | 15:16-21 | 9:17-21 | 17:21-31 | 18:23-24 | 14:31-38 | 19:31-40 | 11:32-35 | 16:33-35 | 20:40-40
1;5;28;90,328125;0;0;1;8;6;17;5;12;16;10;29;8;16;16;16;32;21;37;31;40;True;40;0;27;0;1:0-0 | 2:0-5 | 3:1-5 | 7:5-8 | 5:6-8 | 12:8-16 | 4:8-12 | 10:10-17 | 8:12-15 | 13:16-20 | 14:16-23 | 15:16-21 | 9:16-20 | 6:17-20 | 17:21-31 | 11:29-32 | 19:31-40 | 16:32-34 | 18:37-38 | 20:40-40
1;5;29;78,078125;0;0;0;12;15;5;5;8;17;17;31;8;8;21;16;38;21;38;31;40;True;40;0;28;0;1:0-0 | 2:0-5 | 3:0-4 | 6:5-8 | 7:5-8 | 12:8-16 | 13:8-12 | 8:8-11 | 4:12-16 | 5:15-17 | 15:16-21 | 10:17-24 | 9:17-21 | 14:21-28 | 17:21-31 | 11:31-34 | 19:31-40 | 16:38-40 | 18:38-39 | 20:40-40
1;5;30;83,528125;0;0;1;9;7;7;5;12;16;12;31;8;14;15;16;34;21;22;31;40;True;40;0;29;0;1:0-0 | 2:0-5 | 3:1-5 | 7:5-8 | 5:7-9 | 6:7-10 | 12:8-16 | 4:9-13 | 10:12-19 | 8:12-15 | 13:14-18 | 14:15-22 | 15:16-21 | 9:16-20 | 17:21-31 | 18:22-23 | 11:31-34 | 19:31-40 | 16:34-36 | 20:40-40
1;5;31;81,278125;0;0;2;12;16;4;5;13;17;17;32;8;8;8;16;18;21;39;31;40;True;40;0;30;0;1:0-0 | 2:0-5 | 3:2-6 | 6:4-7 | 7:5-8 | 12:8-16 | 13:8-12 | 14:8-15 | 4:12-16 | 8:13-16 | 15:16-21 | 5:16-18 | 10:17-24 | 9:17-21 | 16:18-20 | 17:21-31 | 19:31-40 | 11:32-35 | 18:39-40 | 20:40-40
1;5;32;80,228125;0;0;1;10;7;5;5;12;16;12;31;8;14;17;16;34;21;22;31;40;True;40;0;31;0;1:0-0 | 2:0-5 | 3:1-5 | 6:5-8 | 7:5-8 | 5:7-9 | 12:8-16 | 4:10-14 | 10:12-19 | 8:12-15 | 13:14-18 | 15:16-21 | 9:16-20 | 14:17-24 | 17:21-31 | 18:22-23 | 11:31-34 | 19:31-40 | 16:34-36 | 20:40-40
1;5;33;85,678125;0;0;1;9;7;15;5;12;16;10;32;8;14;21;16;36;21;32;31;40;True;40;0;32;0;1:0-0 | 2:0-5 | 3:1-5 | 7:5-8 | 5:7-9 | 12:8-16 | 4:9-13 | 10:10-17 | 8:12-15 | 13:14-18 | 6:15-18 | 15:16-21 | 9:16-20 | 14:21-28 | 17:21-31 | 19:31-40 | 11:32-35 | 18:32-33 | 16:36-38 | 20:40-40
1;5;34;86,628125;0;0;1;10;8;13;5;10;16;12;30;8;15;16;16;33;21;37;31;40;True;40;0;33;0;1:0-0 | 2:0-5 | 3:1-5 | 7:5-8 | 12:8-16 | 5:8-10 | 4:10-14 | 8:10-13 | 10:12-19 | 6:13-16 | 13:15-19 | 14:16-23 | 15:16-21 | 9:16-20 | 17:21-31 | 11:30-33 | 19:31-40 | 16:33-35 | 18:37-38 | 20:40-40
1;5;35;91,778125;0;0;1;10;18;9;5;13;16;14;31;8;14;8;16;35;21;21;31;40;True;40;0;34;0;1:0-0 | 2:0-5 | 3:1-5 | 7:5-8 | 12:8-16 | 14:8-15 | 6:9-12 | 4:10-14 | 8:13-16 | 10:14-21 | 13:14-18 | 15:16-21 | 9:16-20 | 5:18-20 | 17:21-31 | 18:21-22 | 11:31-34 | 19:31-40 | 16:35-37 | 20:40-40
1;5;36;84,478125;0;0;1;10;7;9;5;13;14;14;31;8;16;18;16;35;21;38;31;40;True;40;0;35;0;1:0-0 | 2:0-5 | 3:1-5 | 7:5-8 | 5:7-9 | 12:8-16 | 6:9-12 | 4:10-14 | 8:13-16 | 10:14-21 | 9:14-18 | 13:16-20 | 15:16-21 | 14:18-25 | 17:21-31 | 11:31-34 | 19:31-40 | 16:35-37 | 18:38-39 | 20:40-40
1;5;37;86,928125;0;0;1;11;7;6;5;10;16;11;30;8;14;17;16;35;21;23;31;40;True;40;0;36;0;1:0-0 | 2:0-5 | 3:1-5 | 7:5-8 | 6:6-9 | 5:7-9 | 12:8-16 | 8:10-13 | 10:11-18 | 4:11-15 | 13:14-18 | 15:16-21 | 9:16-20 | 14:17-24 | 17:21-31 | 18:23-24 | 11:30-33 | 19:31-40 | 16:35-37 | 20:40-40
1;5;38;85,678125;0;0;0;9;6;12;5;13;15;11;32;8;16;15;16;35;21;21;31;40;True;40;0;37;0;1:0-0 | 2:0-5 | 3:0-4 | 7:5-8 | 5:6-8 | 12:8-16 | 4:9-13 | 10:11-18 | 6:12-15 | 8:13-16 | 14:15-22 | 9:15-19 | 13:16-20 | 15:16-21 | 17:21-31 | 18:21-22 | 19:31-40 | 11:32-35 | 16:35-37 | 20:40-40
1;5;39;86,278125;0;0;0;12;8;5;5;9;16;6;28;8;14;18;16;34;21;22;31;40;True;40;0;38;0;1:0-0 | 2:0-5 | 3:0-4 | 6:5-8 | 7:5-8 | 10:6-13 | 12:8-16 | 5:8-10 | 8:9-12 | 4:12-16 | 13:14-18 | 15:16-21 | 9:16-20 | 14:18-25 | 17:21-31 | 18:22-23 | 11:28-31 | 19:31-40 | 16:34-36 | 20:40-40
1;5;40;90,528125;0;0;1;12;19;9;5;10;16;14;31;8;14;12;16;35;21;21;31;40;True;40;0;39;0;1:0-0 | 2:0-5 | 3:1-5 | 7:5-8 | 12:8-16 | 6:9-12 | 8:10-13 | 14:12-19 | 4:12-16 | 10:14-21 | 13:14-18 | 15:16-21 | 9:16-20 | 5:19-21 | 17:21-31 | 18:21-22 | 11:31-34 | 19:31-40 | 16:35-37 | 20:40-40
1;5;41;83,928125;0;0;1;9;7;9;5;12;16;19;31;8;13;13;16;34;21;21;31;40;True;40;0;40;0;1:0-0 | 2:0-5 | 3:1-5 | 7:5-8 | 5:7-9 | 12:8-16 | 4:9-13 | 6:9-12 | 8:12-15 | 13:13-17 | 14:13-20 | 15:16-21 | 9:16-20 | 10:19-26 | 17:21-31 | 18:21-22 | 11:31-34 | 19:31-40 | 16:34-36 | 20:40-40
1;5;42;83,878125;0;0;1;9;7;14;5;12;6;16;30;8;14;14;16;20;21;36;31;40;True;40;0;41;0;1:0-0 | 2:0-5 | 3:1-5 | 7:5-8 | 9:6-10 | 5:7-9 | 12:8-16 | 4:9-13 | 8:12-15 | 13:14-18 | 14:14-21 | 6:14-17 | 10:16-23 | 15:16-21 | 16:20-22 | 17:21-31 | 11:30-33 | 19:31-40 | 18:36-37 | 20:40-40
1;5;43;88,778125;0;0;1;10;17;5;5;12;16;12;31;8;14;8;16;34;21;22;31;40;True;40;0;42;0;1:0-0 | 2:0-5 | 3:1-5 | 6:5-8 | 7:5-8 | 12:8-16 | 14:8-15 | 4:10-14 | 10:12-19 | 8:12-15 | 13:14-18 | 15:16-21 | 9:16-20 | 5:17-19 | 17:21-31 | 18:22-23 | 11:31-34 | 19:31-40 | 16:34-36 | 20:40-40
1;5;44;87,328125;0;0;1;10;7;9;5;13;16;21;31;8;14;18;16;35;21;21;31;40;True;40;0;43;0;1:0-0 | 2:0-5 | 3:1-5 | 7:5-8 | 5:7-9 | 12:8-16 | 6:9-12 | 4:10-14 | 8:13-16 | 13:14-18 | 15:16-21 | 9:16-20 | 14:18-25 | 10:21-28 | 17:21-31 | 18:21-22 | 11:31-34 | 19:31-40 | 16:35-37 | 20:40-40
1;5;45;83,878125;0;0;1;9;7;14;5;12;6;16;30;8;14;14;16;20;21;36;31;40;True;40;0;44;0;1:0-0 | 2:0-5 | 3:1-5 | 7:5-8 | 9:6-10 | 5:7-9 | 12:8-16 | 4:9-13 | 8:12-15 | 13:14-18 | 14:14-21 | 6:14-17 | 10:16-23 | 15:16-21 | 16:20-22 | 17:21-31 | 11:30-33 | 19:31-40 | 18:36-37 | 20:40-40
1;5;46;89,628125;0;0;2;11;9;12;5;13;16;15;31;8;16;19;16;33;21;38;31;40;True;40;0;45;0;1:0-0 | 2:0-5 | 3:2-6 | 7:5-8 | 12:8-16 | 5:9-11 | 4:11-15 | 6:12-15 | 8:13-16 | 10:15-22 | 13:16-20 | 15:16-21 | 9:16-20 | 14:19-26 | 17:21-31 | 11:31-34 | 19:31-40 | 16:33-35 | 18:38-39 | 20:40-40
1;5;47;89,978125;0;0;1;9;7;9;5;12;16;14;27;8;14;17;16;32;21;37;31;40;True;40;0;46;0;1:0-0 | 2:0-5 | 3:1-5 | 7:5-8 | 5:7-9 | 12:8-16 | 4:9-13 | 6:9-12 | 8:12-15 | 10:14-21 | 13:14-18 | 15:16-21 | 9:16-20 | 14:17-24 | 17:21-31 | 11:27-30 | 19:31-40 | 16:32-34 | 18:37-38 | 20:40-40
1;5;48;87,728125;0;0;1;8;6;17;5;13;12;10;29;8;16;16;16;32;21;37;31;40;True;40;0;47;0;1:0-0 | 2:0-5 | 3:1-5 | 7:5-8 | 5:6-8 | 12:8-16 | 4:8-12 | 10:10-17 | 9:12-16 | 8:13-16 | 13:16-20 | 14:16-23 | 15:16-21 | 6:17-20 | 17:21-31 | 11:29-32 | 19:31-40 | 16:32-34 | 18:37-38 | 20:40-40
1;5;49;81,628125;0;0;3;9;8;5;5;13;15;13;35;8;16;21;16;31;21;38;31;40;True;40;0;48;0;1:0-0 | 2:0-5 | 3:3-7 | 6:5-8 | 7:5-8 | 12:8-16 | 5:8-10 | 4:9-13 | 10:13-20 | 8:13-16 | 9:15-19 | 13:16-20 | 15:16-21 | 14:21-28 | 17:21-31 | 16:31-33 | 19:31-40 | 11:35-38 | 18:38-39 | 20:40-40
1;5;50;83,078125;0;0;1;8;6;14;5;12;16;11;32;8;14;29;16;35;21;21;31;40;True;40;0;49;0;1:0-0 | 2:0-5 | 3:1-5 | 7:5-8 | 5:6-8 | 12:8-16 | 4:8-12 | 10:11-18 | 8:12-15 | 13:14-18 | 6:14-17 | 15:16-21 | 9:16-20 | 17:21-31 | 18:21-22 | 14:29-36 | 19:31-40 | 11:32-35 | 16:35-37 | 20:40-40
1;5;51;80,378125;0;0;2;8;12;5;5;13;17;17;32;8;17;33;16;16;21;39;31;40;True;40;0;50;0;1:0-0 | 2:0-5 | 3:2-6 | 6:5-8 | 7:5-8 | 12:8-16 | 4:8-12 | 5:12-14 | 8:13-16 | 15:16-21 | 16:16-18 | 10:17-24 | 13:17-21 | 9:17-21 | 17:21-31 | 19:31-40 | 11:32-35 | 14:33-40 | 18:39-40 | 20:40-40
1;5;52;82,128125;0;0;1;10;15;11;5;13;17;14;31;8;8;18;16;35;21;38;31;40;True;40;0;51;0;1:0-0 | 2:0-5 | 3:1-5 | 7:5-8 | 12:8-16 | 13:8-12 | 4:10-14 | 6:11-14 | 8:13-16 | 10:14-21 | 5:15-17 | 15:16-21 | 9:17-21 | 14:18-25 | 17:21-31 | 11:31-34 | 19:31-40 | 16:35-37 | 18:38-39 | 20:40-40
1;5;53;87,328125;0;0;1;10;7;9;5;13;16;14;31;8;14;18;16;35;21;21;31;40;True;40;0;52;0;1:0-0 | 2:0-5 | 3:1-5 | 7:5-8 | 5:7-9 | 12:8-16 | 6:9-12 | 4:10-14 | 8:13-16 | 10:14-21 | 13:14-18 | 15:16-21 | 9:16-20 | 14:18-25 | 17:21-31 | 18:21-22 | 11:31-34 | 19:31-40 | 16:35-37 | 20:40-40
1;5;54;87,828125;0;0;2;8;10;12;5;12;16;14;31;8;15;20;16;33;21;38;31;40;True;40;0;53;0;1:0-0 | 2:0-5 | 3:2-6 | 7:5-8 | 12:8-16 | 4:8-12 | 5:10-12 | 6:12-15 | 8:12-15 | 10:14-21 | 13:15-19 | 15:16-21 | 9:16-20 | 14:20-27 | 17:21-31 | 11:31-34 | 19:31-40 | 16:33-35 | 18:38-39 | 20:40-40
1;5;55;88,678125;0;0;3;12;19;5;5;9;16;17;31;8;11;16;16;33;21;38;31;40;True;40;0;54;0;1:0-0 | 2:0-5 | 3:3-7 | 6:5-8 | 7:5-8 | 12:8-16 | 8:9-12 | 13:11-15 | 4:12-16 | 14:16-23 | 15:16-21 | 9:16-20 | 10:17-24 | 5:19-21 | 17:21-31 | 11:31-34 | 19:31-40 | 16:33-35 | 18:38-39 | 20:40-40
1;5;56;90,028125;0;0;3;9;8;13;5;13;15;5;35;8;17;31;16;33;21;38;31;40;True;40;0;55;0;1:0-0 | 2:0-5 | 3:3-7 | 10:5-12 | 7:5-8 | 12:8-16 | 5:8-10 | 4:9-13 | 6:13-16 | 8:13-16 | 9:15-19 | 15:16-21 | 13:17-21 | 17:21-31 | 14:31-38 | 19:31-40 | 16:33-35 | 11:35-38 | 18:38-39 | 20:40-40
1;5;57;88,278125;0;0;1;8;6;9;5;10;16;17;29;8;12;15;16;33;21;21;31;40;True;40;0;56;0;1:0-0 | 2:0-5 | 3:1-5 | 7:5-8 | 5:6-8 | 12:8-16 | 4:8-12 | 6:9-12 | 8:10-13 | 13:12-16 | 14:15-22 | 15:16-21 | 9:16-20 | 10:17-24 | 17:21-31 | 18:21-22 | 11:29-32 | 19:31-40 | 16:33-35 | 20:40-40
1;5;58;87,378125;0;0;0;8;6;14;5;13;16;11;32;8;14;15;16;35;21;25;31;40;True;40;0;57;0;1:0-0 | 2:0-5 | 3:0-4 | 7:5-8 | 5:6-8 | 12:8-16 | 4:8-12 | 10:11-18 | 8:13-16 | 13:14-18 | 6:14-17 | 14:15-22 | 15:16-21 | 9:16-20 | 17:21-31 | 18:25-26 | 19:31-40 | 11:32-35 | 16:35-37 | 20:40-40
1;5;59;84,928125;0;0;2;10;7;15;5;12;5;17;31;8;14;27;16;20;21;37;31;40;True;40;0;58;0;1:0-0 | 2:0-5 | 3:2-6 | 7:5-8 | 9:5-9 | 5:7-9 | 12:8-16 | 4:10-14 | 8:12-15 | 13:14-18 | 6:15-18 | 15:16-21 | 10:17-24 | 16:20-22 | 17:21-31 | 14:27-34 | 11:31-34 | 19:31-40 | 18:37-38 | 20:40-40
1;5;60;86,878125;0;0;0;8;9;15;5;12;5;7;29;8;14;16;16;26;21;35;31;40;True;40;0;59;0;1:0-0 | 2:0-5 | 3:0-4 | 7:5-8 | 9:5-9 | 10:7-14 | 12:8-16 | 4:8-12 | 5:9-11 | 8:12-15 | 13:14-18 | 6:15-18 | 14:16-23 | 15:16-21 | 17:21-31 | 16:26-28 | 11:29-32 | 19:31-40 | 18:35-36 | 20:40-40
1;5;61;83,878125;0;0;1;9;7;14;5;12;6;16;30;8;14;14;16;20;21;36;31;40;True;40;0;60;0;1:0-0 | 2:0-5 | 3:1-5 | 7:5-8 | 9:6-10 | 5:7-9 | 12:8-16 | 4:9-13 | 8:12-15 | 13:14-18 | 14:14-21 | 6:14-17 | 10:16-23 | 15:16-21 | 16:20-22 | 17:21-31 | 11:30-33 | 19:31-40 | 18:36-37 | 20:40-40
1;5;62;85,228125;0;0;1;9;9;12;5;12;16;7;32;8;15;21;16;35;21;37;31;40;True;40;0;61;0;1:0-0 | 2:0-5 | 3:1-5 | 7:5-8 | 10:7-14 | 12:8-16 | 4:9-13 | 5:9-11 | 6:12-15 | 8:12-15 | 13:15-19 | 15:16-21 | 9:16-20 | 14:21-28 | 17:21-31 | 19:31-40 | 11:32-35 | 16:35-37 | 18:37-38 | 20:40-40
1;5;63;91,128125;0;0;1;10;19;9;5;13;16;14;31;8;14;18;16;35;21;21;31;40;True;40;0;62;0;1:0-0 | 2:0-5 | 3:1-5 | 7:5-8 | 12:8-16 | 6:9-12 | 4:10-14 | 8:13-16 | 10:14-21 | 13:14-18 | 15:16-21 | 9:16-20 | 14:18-25 | 5:19-21 | 17:21-31 | 18:21-22 | 11:31-34 | 19:31-40 | 16:35-37 | 20:40-40
1;5;64;90,628125;0;0;2;12;9;11;5;13;17;16;31;8;17;19;16;34;21;38;31;40;True;40;0;63;0;1:0-0 | 2:0-5 | 3:2-6 | 7:5-8 | 12:8-16 | 5:9-11 | 6:11-14 | 4:12-16 | 8:13-16 | 10:16-23 | 15:16-21 | 13:17-21 | 9:17-21 | 14:19-26 | 17:21-31 | 11:31-34 | 19:31-40 | 16:34-36 | 18:38-39 | 20:40-40
1;5;65;92,978125;0;0;3;10;8;3;5;13;11;11;32;8;17;31;16;37;21;38;31;40;True;40;1;0;1;1:0-0 | 2:0-5 | 3:3-7 | 6:3-6 | 7:5-8 | 12:8-16 | 5:8-10 | 4:10-14 | 10:11-18 | 9:11-15 | 8:13-16 | 15:16-21 | 13:17-21 | 17:21-31 | 14:31-38 | 19:31-40 | 11:32-35 | 16:37-39 | 18:38-39 | 20:40-40
1;5;66;82,078125;0;0;0;8;3;8;5;12;17;11;31;8;14;22;16;26;21;25;31;40;True;40;1;1;1;1:0-0 | 2:0-5 | 3:0-4 | 5:3-5 | 7:5-8 | 12:8-16 | 4:8-12 | 6:8-11 | 10:11-18 | 8:12-15 | 13:14-18 | 15:16-21 | 9:17-21 | 17:21-31 | 14:22-29 | 18:25-26 | 16:26-28 | 11:31-34 | 19:31-40 | 20:40-40
1;5;67;95,028125;0;0;1;12;7;16;5;11;5;6;26;8;14;9;16;24;21;32;31;40;True;40;1;2;1;1:0-0 | 2:0-5 | 3:1-5 | 7:5-8 | 9:5-9 | 10:6-13 | 5:7-9 | 12:8-16 | 14:9-16 | 8:11-14 | 4:12-16 | 13:14-18 | 15:16-21 | 6:16-19 | 17:21-31 | 16:24-26 | 11:26-29 | 19:31-40 | 18:32-33 | 20:40-40
1;5;68;88,428125;0;0;2;9;6;15;5;12;17;8;31;8;14;24;16;28;21;34;31;40;True;40;1;3;1;1:0-0 | 2:0-5 | 3:2-6 | 7:5-8 | 5:6-8 | 10:8-15 | 12:8-16 | 4:9-13 | 8:12-15 | 13:14-18 | 6:15-18 | 15:16-21 | 9:17-21 | 17:21-31 | 14:24-31 | 16:28-30 | 11:31-34 | 19:31-40 | 18:34-35 | 20:40-40
1;5;69;88,928125;0;0;4;12;18;5;5;8;17;18;31;8;10;23;16;33;21;38;31;40;True;40;1;4;1;1:0-0 | 2:0-5 | 3:4-8 | 6:5-8 | 7:5-8 | 12:8-16 | 8:8-11 | 13:10-14 | 4:12-16 | 15:16-21 | 9:17-21 | 10:18-25 | 5:18-20 | 17:21-31 | 14:23-30 | 11:31-34 | 19:31-40 | 16:33-35 | 18:38-39 | 20:40-40
1;5;70;90,678125;0;0;1;11;9;16;5;12;6;7;30;8;14;12;16;27;21;35;31;40;True;40;1;5;1;1:0-0 | 2:0-5 | 3:1-5 | 7:5-8 | 9:6-10 | 10:7-14 | 12:8-16 | 5:9-11 | 4:11-15 | 14:12-19 | 8:12-15 | 13:14-18 | 15:16-21 | 6:16-19 | 17:21-31 | 16:27-29 | 11:30-33 | 19:31-40 | 18:35-36 | 20:40-40
1;5;71;81,278125;0;0;0;8;8;17;5;13;5;15;31;8;17;17;16;38;21;38;31;40;True;40;1;6;1;1:0-0 | 2:0-5 | 3:0-4 | 7:5-8 | 9:5-9 | 12:8-16 | 4:8-12 | 5:8-10 | 8:13-16 | 10:15-22 | 15:16-21 | 13:17-21 | 14:17-24 | 6:17-20 | 17:21-31 | 11:31-34 | 19:31-40 | 16:38-40 | 18:38-39 | 20:40-40
1;5;72;90,428125;0;0;1;7;12;5;5;9;15;13;24;8;12;23;16;22;21;33;31;40;True;40;1;7;1;1:0-0 | 2:0-5 | 3:1-5 | 6:5-8 | 7:5-8 | 4:7-11 | 12:8-16 | 8:9-12 | 13:12-16 | 5:12-14 | 10:13-20 | 9:15-19 | 15:16-21 | 17:21-31 | 16:22-24 | 14:23-30 | 11:24-27 | 19:31-40 | 18:33-34 | 20:40-40
1;5;73;85,878125;0;0;1;11;9;16;5;12;5;6;29;8;15;10;16;27;21;35;31;40;True;40;1;8;1;1:0-0 | 2:0-5 | 3:1-5 | 7:5-8 | 9:5-9 | 10:6-13 | 12:8-16 | 5:9-11 | 14:10-17 | 4:11-15 | 8:12-15 | 13:15-19 | 15:16-21 | 6:16-19 | 17:21-31 | 16:27-29 | 11:29-32 | 19:31-40 | 18:35-36 | 20:40-40
1;5;74;97,728125;0;0;0;9;6;9;5;12;16;13;27;8;13;19;16;16;21;34;31;40;True;40;1;9;1;1:0-0 | 2:0-5 | 3:0-4 | 7:5-8 | 5:6-8 | 12:8-16 | 4:9-13 | 6:9-12 | 8:12-15 | 10:13-20 | 13:13-17 | 15:16-21 | 16:16-18 | 9:16-20 | 14:19-26 | 17:21-31 | 11:27-30 | 19:31-40 | 18:34-35 | 20:40-40
1;5;75;85,428125;0;0;1;9;6;14;5;11;16;6;31;8;14;23;16;28;21;35;31;40;True;40;1;10;1;1:0-0 | 2:0-5 | 3:1-5 | 7:5-8 | 10:6-13 | 5:6-8 | 12:8-16 | 4:9-13 | 8:11-14 | 13:14-18 | 6:14-17 | 15:16-21 | 9:16-20 | 17:21-31 | 14:23-30 | 16:28-30 | 11:31-34 | 19:31-40 | 18:35-36 | 20:40-40
1;5;76;88,428125;0;0;2;9;6;15;5;12;17;8;31;8;14;24;16;28;21;34;31;40;True;40;1;11;1;1:0-0 | 2:0-5 | 3:2-6 | 7:5-8 | 5:6-8 | 10:8-15 | 12:8-16 | 4:9-13 | 8:12-15 | 13:14-18 | 6:15-18 | 15:16-21 | 9:17-21 | 17:21-31 | 14:24-31 | 16:28-30 | 11:31-34 | 19:31-40 | 18:34-35 | 20:40-40
1;5;77;83,028125;0;0;0;8;15;17;5;13;7;5;33;8;17;21;16;38;21;38;31;40;True;40;1;12;1;1:0-0 | 2:0-5 | 3:0-4 | 10:5-12 | 7:5-8 | 9:7-11 | 12:8-16 | 4:8-12 | 8:13-16 | 5:15-17 | 15:16-21 | 13:17-21 | 6:17-20 | 14:21-28 | 17:21-31 | 19:31-40 | 11:33-36 | 16:38-40 | 18:38-39 | 20:40-40
1;5;78;78,378125;0;0;0;12;17;5;5;8;16;17;31;8;8;17;16;38;21;38;31;40;True;40;1;13;1;1:0-0 | 2:0-5 | 3:0-4 | 6:5-8 | 7:5-8 | 12:8-16 | 13:8-12 | 8:8-11 | 4:12-16 | 15:16-21 | 9:16-20 | 10:17-24 | 14:17-24 | 5:17-19 | 17:21-31 | 11:31-34 | 19:31-40 | 16:38-40 | 18:38-39 | 20:40-40
1;5;79;94,128125;0;0;1;9;6;15;5;11;6;8;28;8;13;12;16;26;21;34;31;40;True;40;1;14;1;1:0-0 | 2:0-5 | 3:1-5 | 7:5-8 | 5:6-8 | 9:6-10 | 10:8-15 | 12:8-16 | 4:9-13 | 8:11-14 | 14:12-19 | 13:13-17 | 6:15-18 | 15:16-21 | 17:21-31 | 16:26-28 | 11:28-31 | 19:31-40 | 18:34-35 | 20:40-40
1;5;80;92,128125;0;0;1;8;8;16;5;11;6;11;21;8;13;9;16;27;21;33;31;40;True;40;1;15;1;1:0-0 | 2:0-5 | 3:1-5 | 7:5-8 | 9:6-10 | 12:8-16 | 4:8-12 | 5:8-10 | 14:9-16 | 10:11-18 | 8:11-14 | 13:13-17 | 15:16-21 | 6:16-19 | 11:21-24 | 17:21-31 | 16:27-29 | 19:31-40 | 18:33-34 | 20:40-40
1;5;81;84,028125;0;0;2;10;8;12;5;12;16;13;32;8;15;23;16;37;21;39;31;40;True;40;1;16;1;1:0-0 | 2:0-5 | 3:2-6 | 7:5-8 | 12:8-16 | 5:8-10 | 4:10-14 | 6:12-15 | 8:12-15 | 10:13-20 | 13:15-19 | 15:16-21 | 9:16-20 | 17:21-31 | 14:23-30 | 19:31-40 | 11:32-35 | 16:37-39 | 18:39-40 | 20:40-40
1;5;82;83,028125;0;0;1;9;7;10;5;12;16;12;35;8;14;20;16;38;21;29;31;40;True;40;1;17;1;1:0-0 | 2:0-5 | 3:1-5 | 7:5-8 | 5:7-9 | 12:8-16 | 4:9-13 | 6:10-13 | 10:12-19 | 8:12-15 | 13:14-18 | 15:16-21 | 9:16-20 | 14:20-27 | 17:21-31 | 18:29-30 | 19:31-40 | 11:35-38 | 16:38-40 | 20:40-40
1;5;83;90,578125;0;0;2;9;7;14;5;10;17;9;24;8;13;30;16;33;21;37;31;40;True;40;1;18;1;1:0-0 | 2:0-5 | 3:2-6 | 7:5-8 | 5:7-9 | 12:8-16 | 10:9-16 | 4:9-13 | 8:10-13 | 13:13-17 | 6:14-17 | 15:16-21 | 9:17-21 | 17:21-31 | 11:24-27 | 14:30-37 | 19:31-40 | 16:33-35 | 18:37-38 | 20:40-40
1;5;84;97,328125;0;0;1;9;8;14;5;12;5;12;19;8;14;8;16;24;21;32;31;40;True;40;1;19;1;1:0-0 | 2:0-5 | 3:1-5 | 7:5-8 | 9:5-9 | 12:8-16 | 14:8-15 | 5:8-10 | 4:9-13 | 10:12-19 | 8:12-15 | 13:14-18 | 6:14-17 | 15:16-21 | 11:19-22 | 17:21-31 | 16:24-26 | 19:31-40 | 18:32-33 | 20:40-40
1;5;85;88,028125;0;0;1;9;6;15;5;13;11;5;30;8;17;9;16;27;21;33;31;40;True;40;1;20;1;1:0-0 | 2:0-5 | 3:1-5 | 10:5-12 | 7:5-8 | 5:6-8 | 12:8-16 | 14:9-16 | 4:9-13 | 9:11-15 | 8:13-16 | 6:15-18 | 15:16-21 | 13:17-21 | 17:21-31 | 16:27-29 | 11:30-33 | 19:31-40 | 18:33-34 | 20:40-40
1;5;86;92,278125;0;0;1;8;13;5;5;10;15;11;24;8;13;17;16;21;21;30;31;40;True;40;1;21;1;1:0-0 | 2:0-5 | 3:1-5 | 6:5-8 | 7:5-8 | 12:8-16 | 4:8-12 | 8:10-13 | 10:11-18 | 13:13-17 | 5:13-15 | 9:15-19 | 15:16-21 | 14:17-24 | 16:21-23 | 17:21-31 | 11:24-27 | 18:30-31 | 19:31-40 | 20:40-40
1;5;87;83,028125;0;0;1;9;7;11;5;12;16;12;31;8;14;8;16;34;21;21;31;40;True;40;1;22;1;1:0-0 | 2:0-5 | 3:1-5 | 7:5-8 | 5:7-9 | 12:8-16 | 14:8-15 | 4:9-13 | 6:11-14 | 10:12-19 | 8:12-15 | 13:14-18 | 15:16-21 | 9:16-20 | 17:21-31 | 18:21-22 | 11:31-34 | 19:31-40 | 16:34-36 | 20:40-40
1;5;88;92,478125;0;0;2;11;9;16;5;12;6;6;27;8;15;19;16;32;21;34;31;40;True;40;1;23;1;1:0-0 | 2:0-5 | 3:2-6 | 7:5-8 | 10:6-13 | 9:6-10 | 12:8-16 | 5:9-11 | 4:11-15 | 8:12-15 | 13:15-19 | 15:16-21 | 6:16-19 | 14:19-26 | 17:21-31 | 11:27-30 | 19:31-40 | 16:32-34 | 18:34-35 | 20:40-40
1;5;89;87,728125;0;0;0;9;11;17;5;12;6;5;31;8;16;17;16;35;21;37;31;40;True;40;1;24;1;1:0-0 | 2:0-5 | 3:0-4 | 10:5-12 | 7:5-8 | 9:6-10 | 12:8-16 | 4:9-13 | 5:11-13 | 8:12-15 | 13:16-20 | 15:16-21 | 14:17-24 | 6:17-20 | 17:21-31 | 11:31-34 | 19:31-40 | 16:35-37 | 18:37-38 | 20:40-40
1;5;90;85,578125;0;0;2;9;7;15;5;12;17;6;31;8;14;24;16;28;21;34;31;40;True;40;1;25;1;1:0-0 | 2:0-5 | 3:2-6 | 7:5-8 | 10:6-13 | 5:7-9 | 12:8-16 | 4:9-13 | 8:12-15 | 13:14-18 | 6:15-18 | 15:16-21 | 9:17-21 | 17:21-31 | 14:24-31 | 16:28-30 | 11:31-34 | 19:31-40 | 18:34-35 | 20:40-40
1;5;91;93,528125;0;0;2;8;10;6;5;12;17;12;28;8;15;23;16;27;21;34;31;40;True;40;1;26;1;1:0-0 | 2:0-5 | 3:2-6 | 7:5-8 | 6:6-9 | 12:8-16 | 4:8-12 | 5:10-12 | 10:12-19 | 8:12-15 | 13:15-19 | 15:16-21 | 9:17-21 | 17:21-31 | 14:23-30 | 16:27-29 | 11:28-31 | 19:31-40 | 18:34-35 | 20:40-40
1;5;92;88,528125;0;0;1;9;6;15;5;12;11;8;30;8;15;13;16;27;21;34;31;40;True;40;1;27;1;1:0-0 | 2:0-5 | 3:1-5 | 7:5-8 | 5:6-8 | 10:8-15 | 12:8-16 | 4:9-13 | 9:11-15 | 8:12-15 | 14:13-20 | 13:15-19 | 6:15-18 | 15:16-21 | 17:21-31 | 16:27-29 | 11:30-33 | 19:31-40 | 18:34-35 | 20:40-40
1;5;93;87,128125;0;0;1;6;12;5;5;9;17;8;21;8;13;15;16;30;21;31;31;40;True;40;1;28;1;1:0-0 | 2:0-5 | 3:1-5 | 6:5-8 | 7:5-8 | 4:6-10 | 10:8-15 | 12:8-16 | 8:9-12 | 5:12-14 | 13:13-17 | 14:15-22 | 15:16-21 | 9:17-21 | 11:21-24 | 17:21-31 | 16:30-32 | 18:31-32 | 19:31-40 | 20:40-40
1;5;94;77,978125;0;0;1;10;9;16;5;13;5;8;31;8;17;20;16;35;21;37;31;40;True;40;1;29;1;1:0-0 | 2:0-5 | 3:1-5 | 7:5-8 | 9:5-9 | 10:8-15 | 12:8-16 | 5:9-11 | 4:10-14 | 8:13-16 | 15:16-21 | 6:16-19 | 13:17-21 | 14:20-27 | 17:21-31 | 11:31-34 | 19:31-40 | 16:35-37 | 18:37-38 | 20:40-40
1;5;95;90,528125;0;0;0;8;6;9;5;12;16;13;27;8;13;12;16;32;21;34;31;40;True;40;1;30;1;1:0-0 | 2:0-5 | 3:0-4 | 7:5-8 | 5:6-8 | 12:8-16 | 4:8-12 | 6:9-12 | 14:12-19 | 8:12-15 | 10:13-20 | 13:13-17 | 15:16-21 | 9:16-20 | 17:21-31 | 11:27-30 | 19:31-40 | 16:32-34 | 18:34-35 | 20:40-40
1;5;96;89,228125;0;0;1;9;6;9;5;13;9;14;31;8;16;19;16;34;21;37;31;40;True;40;1;31;1;1:0-0 | 2:0-5 | 3:1-5 | 7:5-8 | 5:6-8 | 12:8-16 | 4:9-13 | 6:9-12 | 9:9-13 | 8:13-16 | 10:14-21 | 13:16-20 | 15:16-21 | 14:19-26 | 17:21-31 | 11:31-34 | 19:31-40 | 16:34-36 | 18:37-38 | 20:40-40
1;5;97;89,728125;0;0;1;10;7;16;5;13;7;5;30;8;14;9;16;24;21;34;31;40;True;40;1;32;1;1:0-0 | 2:0-5 | 3:1-5 | 10:5-12 | 7:5-8 | 5:7-9 | 9:7-11 | 12:8-16 | 14:9-16 | 4:10-14 | 8:13-16 | 13:14-18 | 15:16-21 | 6:16-19 | 17:21-31 | 16:24-26 | 11:30-33 | 19:31-40 | 18:34-35 | 20:40-40
1;5;98;90,028125;0;0;3;9;8;13;5;13;15;5;35;8;17;13;16;33;21;38;31;40;True;40;1;33;1;1:0-0 | 2:0-5 | 3:3-7 | 10:5-12 | 7:5-8 | 12:8-16 | 5:8-10 | 4:9-13 | 14:13-20 | 6:13-16 | 8:13-16 | 9:15-19 | 15:16-21 | 13:17-21 | 17:21-31 | 19:31-40 | 16:33-35 | 11:35-38 | 18:38-39 | 20:40-40
1;5;99;92,328125;0;0;3;9;15;5;5;12;17;8;31;8;13;22;16;34;21;36;31;40;True;40;1;34;1;1:0-0 | 2:0-5 | 3:3-7 | 6:5-8 | 7:5-8 | 10:8-15 | 12:8-16 | 4:9-13 | 8:12-15 | 13:13-17 | 5:15-17 | 15:16-21 | 9:17-21 | 17:21-31 | 14:22-29 | 11:31-34 | 19:31-40 | 16:34-36 | 18:36-37 | 20:40-40
1;5;100;83,628125;0;0;0;9;4;8;5;12;16;12;32;8;13;18;16;35;21;24;31;40;True;40;1;35;1;1:0-0 | 2:0-5 | 3:0-4 | 5:4-6 | 7:5-8 | 12:8-16 | 6:8-11 | 4:9-13 | 10:12-19 | 8:12-15 | 13:13-17 | 15:16-21 | 9:16-20 | 14:18-25 | 17:21-31 | 18:24-25 | 19:31-40 | 11:32-35 | 16:35-37 | 20:40-40
1;5;101;86,578125;0;0;0;8;3;11;5;12;7;6;23;8;14;15;16;19;21;31;31;40;True;40;1;36;1;1:0-0 | 2:0-5 | 3:0-4 | 5:3-5 | 7:5-8 | 10:6-13 | 9:7-11 | 12:8-16 | 4:8-12 | 6:11-14 | 8:12-15 | 13:14-18 | 14:15-22 | 15:16-21 | 16:19-21 | 17:21-31 | 11:23-26 | 18:31-32 | 19:31-40 | 20:40-40
1;5;102;83,628125;0;0;1;9;7;11;5;10;17;13;32;8;14;23;16;30;21;35;31;40;True;40;1;37;1;1:0-0 | 2:0-5 | 3:1-5 | 7:5-8 | 5:7-9 | 12:8-16 | 4:9-13 | 8:10-13 | 6:11-14 | 10:13-20 | 13:14-18 | 15:16-21 | 9:17-21 | 17:21-31 | 14:23-30 | 16:30-32 | 19:31-40 | 11:32-35 | 18:35-36 | 20:40-40
1;5;103;76,178125;0;0;0;10;8;5;5;13;14;12;31;8;16;24;16;34;21;21;31;40;True;40;1;38;1;1:0-0 | 2:0-5 | 3:0-4 | 6:5-8 | 7:5-8 | 12:8-16 | 5:8-10 | 4:10-14 | 10:12-19 | 8:13-16 | 9:14-18 | 13:16-20 | 15:16-21 | 17:21-31 | 18:21-22 | 14:24-31 | 11:31-34 | 19:31-40 | 16:34-36 | 20:40-40
1;5;104;97,128125;0;0;0;6;13;10;5;11;17;9;21;8;16;9;16;33;21;31;31;40;True;40;1;39;1;1:0-0 | 2:0-5 | 3:0-4 | 7:5-8 | 4:6-10 | 12:8-16 | 10:9-16 | 14:9-16 | 6:10-13 | 8:11-14 | 5:13-15 | 13:16-20 | 15:16-21 | 9:17-21 | 11:21-24 | 17:21-31 | 18:31-32 | 19:31-40 | 16:33-35 | 20:40-40
1;5;105;90,428125;0;0;1;7;12;5;5;9;15;13;24;8;12;23;16;22;21;33;31;40;True;40;1;40;1;1:0-0 | 2:0-5 | 3:1-5 | 6:5-8 | 7:5-8 | 4:7-11 | 12:8-16 | 8:9-12 | 13:12-16 | 5:12-14 | 10:13-20 | 9:15-19 | 15:16-21 | 17:21-31 | 16:22-24 | 14:23-30 | 11:24-27 | 19:31-40 | 18:33-34 | 20:40-40
1;5;106;93,878125;0;0;1;9;5;11;5;13;5;7;23;8;15;11;16;28;21;32;31;40;True;40;1;41;1;1:0-0 | 2:0-5 | 3:1-5 | 5:5-7 | 7:5-8 | 9:5-9 | 10:7-14 | 12:8-16 | 4:9-13 | 14:11-18 | 6:11-14 | 8:13-16 | 13:15-19 | 15:16-21 | 17:21-31 | 11:23-26 | 16:28-30 | 19:31-40 | 18:32-33 | 20:40-40
1;5;107;91,178125;0;0;4;12;10;17;5;13;5;8;31;8;16;21;16;37;21;39;31;40;True;40;1;42;1;1:0-0 | 2:0-5 | 3:4-8 | 7:5-8 | 9:5-9 | 10:8-15 | 12:8-16 | 5:10-12 | 4:12-16 | 8:13-16 | 13:16-20 | 15:16-21 | 6:17-20 | 14:21-28 | 17:21-31 | 11:31-34 | 19:31-40 | 16:37-39 | 18:39-40 | 20:40-40
1;5;108;83,628125;0;0;0;9;4;8;5;12;16;12;32;8;13;18;16;35;21;24;31;40;True;40;1;43;1;1:0-0 | 2:0-5 | 3:0-4 | 5:4-6 | 7:5-8 | 12:8-16 | 6:8-11 | 4:9-13 | 10:12-19 | 8:12-15 | 13:13-17 | 15:16-21 | 9:16-20 | 14:18-25 | 17:21-31 | 18:24-25 | 19:31-40 | 11:32-35 | 16:35-37 | 20:40-40
1;5;109;86,478125;0;0;1;9;15;5;5;12;16;8;21;8;8;21;16;26;21;31;31;40;True;40;1;44;1;1:0-0 | 2:0-5 | 3:1-5 | 6:5-8 | 7:5-8 | 10:8-15 | 12:8-16 | 13:8-12 | 4:9-13 | 8:12-15 | 5:15-17 | 15:16-21 | 9:16-20 | 11:21-24 | 14:21-28 | 17:21-31 | 16:26-28 | 18:31-32 | 19:31-40 | 20:40-40
1;5;110;82,278125;0;0;1;9;14;16;5;13;7;5;31;8;16;19;16;36;21;38;31;40;True;40;1;45;1;1:0-0 | 2:0-5 | 3:1-5 | 10:5-12 | 7:5-8 | 9:7-11 | 12:8-16 | 4:9-13 | 8:13-16 | 5:14-16 | 13:16-20 | 15:16-21 | 6:16-19 | 14:19-26 | 17:21-31 | 11:31-34 | 19:31-40 | 16:36-38 | 18:38-39 | 20:40-40
1;5;111;85,178125;0;0;0;10;8;5;5;13;14;12;24;8;16;31;16;34;21;21;31;40;True;40;1;46;1;1:0-0 | 2:0-5 | 3:0-4 | 6:5-8 | 7:5-8 | 12:8-16 | 5:8-10 | 4:10-14 | 10:12-19 | 8:13-16 | 9:14-18 | 13:16-20 | 15:16-21 | 17:21-31 | 18:21-22 | 11:24-27 | 14:31-38 | 19:31-40 | 16:34-36 | 20:40-40
1;5;112;95,328125;0;0;2;12;9;16;5;12;5;7;25;8;15;14;16;30;21;36;31;40;True;40;1;47;1;1:0-0 | 2:0-5 | 3:2-6 | 7:5-8 | 9:5-9 | 10:7-14 | 12:8-16 | 5:9-11 | 4:12-16 | 8:12-15 | 14:14-21 | 13:15-19 | 15:16-21 | 6:16-19 | 17:21-31 | 11:25-28 | 16:30-32 | 19:31-40 | 18:36-37 | 20:40-40
1;5;113;85,278125;0;0;1;10;7;9;5;13;16;14;31;8;14;13;16;35;21;38;31;40;True;40;1;48;1;1:0-0 | 2:0-5 | 3:1-5 | 7:5-8 | 5:7-9 | 12:8-16 | 6:9-12 | 4:10-14 | 14:13-20 | 8:13-16 | 10:14-21 | 13:14-18 | 15:16-21 | 9:16-20 | 17:21-31 | 11:31-34 | 19:31-40 | 16:35-37 | 18:38-39 | 20:40-40
1;5;114;90,278125;0;0;1;9;7;14;5;12;10;5;30;8;13;17;16;26;21;34;31;40;True;40;1;49;1;1:0-0 | 2:0-5 | 3:1-5 | 10:5-12 | 7:5-8 | 5:7-9 | 12:8-16 | 4:9-13 | 9:10-14 | 8:12-15 | 13:13-17 | 6:14-17 | 15:16-21 | 14:17-24 | 17:21-31 | 16:26-28 | 11:30-33 | 19:31-40 | 18:34-35 | 20:40-40
1;5;115;92,478125;0;0;2;11;9;16;5;12;6;6;27;8;15;19;16;32;21;34;31;40;True;40;1;50;1;1:0-0 | 2:0-5 | 3:2-6 | 7:5-8 | 10:6-13 | 9:6-10 | 12:8-16 | 5:9-11 | 4:11-15 | 8:12-15 | 13:15-19 | 15:16-21 | 6:16-19 | 14:19-26 | 17:21-31 | 11:27-30 | 19:31-40 | 16:32-34 | 18:34-35 | 20:40-40
1;5;116;86,578125;0;0;0;8;3;11;5;12;7;6;23;8;14;15;16;19;21;31;31;40;True;40;1;51;1;1:0-0 | 2:0-5 | 3:0-4 | 5:3-5 | 7:5-8 | 10:6-13 | 9:7-11 | 12:8-16 | 4:8-12 | 6:11-14 | 8:12-15 | 13:14-18 | 14:15-22 | 15:16-21 | 16:19-21 | 17:21-31 | 11:23-26 | 18:31-32 | 19:31-40 | 20:40-40
1;5;117;87,328125;0;0;1;10;7;9;5;13;16;14;31;8;14;18;16;35;21;21;31;40;True;40;1;52;1;1:0-0 | 2:0-5 | 3:1-5 | 7:5-8 | 5:7-9 | 12:8-16 | 6:9-12 | 4:10-14 | 8:13-16 | 10:14-21 | 13:14-18 | 15:16-21 | 9:16-20 | 14:18-25 | 17:21-31 | 18:21-22 | 11:31-34 | 19:31-40 | 16:35-37 | 20:40-40
1;5;118;93,728125;0;0;2;9;6;16;5;12;12;7;30;8;14;16;16;26;21;33;31;40;True;40;1;53;1;1:0-0 | 2:0-5 | 3:2-6 | 7:5-8 | 5:6-8 | 10:7-14 | 12:8-16 | 4:9-13 | 8:12-15 | 9:12-16 | 13:14-18 | 14:16-23 | 15:16-21 | 6:16-19 | 17:21-31 | 16:26-28 | 11:30-33 | 19:31-40 | 18:33-34 | 20:40-40
1;5;119;84,028125;0;0;2;10;8;12;5;12;16;13;32;8;15;23;16;37;21;39;31;40;True;40;1;54;1;1:0-0 | 2:0-5 | 3:2-6 | 7:5-8 | 12:8-16 | 5:8-10 | 4:10-14 | 6:12-15 | 8:12-15 | 10:13-20 | 13:15-19 | 15:16-21 | 9:16-20 | 17:21-31 | 14:23-30 | 19:31-40 | 11:32-35 | 16:37-39 | 18:39-40 | 20:40-40
1;5;120;89,678125;0;0;1;10;9;16;5;5;13;8;31;8;17;20;16;35;21;37;31;40;True;40;1;55;1;1:0-0 | 2:0-5 | 3:1-5 | 7:5-8 | 8:5-8 | 10:8-15 | 12:8-16 | 5:9-11 | 4:10-14 | 9:13-17 | 15:16-21 | 6:16-19 | 13:17-21 | 14:20-27 | 17:21-31 | 11:31-34 | 19:31-40 | 16:35-37 | 18:37-38 | 20:40-40
1;5;121;93,178125;0;0;1;9;15;6;5;12;17;8;31;8;14;24;16;31;21;27;31;40;True;40;1;56;1;1:0-0 | 2:0-5 | 3:1-5 | 7:5-8 | 6:6-9 | 10:8-15 | 12:8-16 | 4:9-13 | 8:12-15 | 13:14-18 | 5:15-17 | 15:16-21 | 9:17-21 | 17:21-31 | 14:24-31 | 18:27-28 | 11:31-34 | 16:31-33 | 19:31-40 | 20:40-40
1;5;122;92,928125;0;0;1;10;6;16;5;13;8;5;30;8;14;10;16;26;21;34;31;40;True;40;1;57;1;1:0-0 | 2:0-5 | 3:1-5 | 10:5-12 | 7:5-8 | 5:6-8 | 12:8-16 | 9:8-12 | 14:10-17 | 4:10-14 | 8:13-16 | 13:14-18 | 15:16-21 | 6:16-19 | 17:21-31 | 16:26-28 | 11:30-33 | 19:31-40 | 18:34-35 | 20:40-40
1;5;123;85,278125;0;0;1;10;7;9;5;13;16;14;31;8;14;18;16;35;21;38;31;40;True;40;1;58;1;1:0-0 | 2:0-5 | 3:1-5 | 7:5-8 | 5:7-9 | 12:8-16 | 6:9-12 | 4:10-14 | 8:13-16 | 10:14-21 | 13:14-18 | 15:16-21 | 9:16-20 | 14:18-25 | 17:21-31 | 11:31-34 | 19:31-40 | 16:35-37 | 18:38-39 | 20:40-40
1;5;124;83,628125;0;0;1;10;15;5;5;13;16;8;25;8;8;22;16;19;21;33;31;40;True;40;1;59;1;1:0-0 | 2:0-5 | 3:1-5 | 6:5-8 | 7:5-8 | 10:8-15 | 12:8-16 | 13:8-12 | 4:10-14 | 8:13-16 | 5:15-17 | 15:16-21 | 9:16-20 | 16:19-21 | 17:21-31 | 14:22-29 | 11:25-28 | 19:31-40 | 18:33-34 | 20:40-40
1;5;125;89,428125;0;0;1;8;3;10;5;12;16;8;31;8;13;20;16;26;21;31;31;40;True;40;1;60;1;1:0-0 | 2:0-5 | 3:1-5 | 5:3-5 | 7:5-8 | 10:8-15 | 12:8-16 | 4:8-12 | 6:10-13 | 8:12-15 | 13:13-17 | 15:16-21 | 9:16-20 | 14:20-27 | 17:21-31 | 16:26-28 | 11:31-34 | 18:31-32 | 19:31-40 | 20:40-40
1;5;126;92,528125;0;0;1;11;15;16;5;12;5;6;9;8;17;10;16;27;21;35;31;40;True;40;1;61;1;1:0-0 | 2:0-5 | 3:1-5 | 7:5-8 | 9:5-9 | 10:6-13 | 12:8-16 | 11:9-12 | 14:10-17 | 4:11-15 | 8:12-15 | 5:15-17 | 15:16-21 | 6:16-19 | 13:17-21 | 17:21-31 | 16:27-29 | 19:31-40 | 18:35-36 | 20:40-40
1;5;127;92,728125;0;0;1;9;6;15;5;12;11;8;30;8;13;15;16;27;21;34;31;40;True;40;1;62;1;1:0-0 | 2:0-5 | 3:1-5 | 7:5-8 | 5:6-8 | 10:8-15 | 12:8-16 | 4:9-13 | 9:11-15 | 8:12-15 | 13:13-17 | 14:15-22 | 6:15-18 | 15:16-21 | 17:21-31 | 16:27-29 | 11:30-33 | 19:31-40 | 18:34-35 | 20:40-40
1;5;128;88,928125;0;0;1;9;5;13;5;11;16;7;30;8;13;22;16;28;21;35;31;40;True;40;1;63;1;1:0-0 | 2:0-5 | 3:1-5 | 5:5-7 | 7:5-8 | 10:7-14 | 12:8-16 | 4:9-13 | 8:11-14 | 13:13-17 | 6:13-16 | 15:16-21 | 9:16-20 | 17:21-31 | 14:22-29 | 16:28-30 | 11:30-33 | 19:31-40 | 18:35-36 | 20:40-40
1;5;129;98,828125;0;0;4;10;8;17;5;13;10;8;22;8;17;26;16;38;21;33;31;40;True;40;2;0;2;1:0-0 | 2:0-5 | 3:4-8 | 7:5-8 | 10:8-15 | 12:8-16 | 5:8-10 | 4:10-14 | 9:10-14 | 8:13-16 | 15:16-21 | 13:17-21 | 6:17-20 | 17:21-31 | 11:22-25 | 14:26-33 | 19:31-40 | 18:33-34 | 16:38-40 | 20:40-40
1;5;130;100,128125;0;0;2;9;14;7;5;12;17;13;31;8;14;22;16;25;21;32;31;40;True;40;2;1;2;1:0-0 | 2:0-5 | 3:2-6 | 7:5-8 | 6:7-10 | 12:8-16 | 4:9-13 | 8:12-15 | 10:13-20 | 13:14-18 | 5:14-16 | 15:16-21 | 9:17-21 | 17:21-31 | 14:22-29 | 16:25-27 | 11:31-34 | 19:31-40 | 18:32-33 | 20:40-40
1;5;131;100,378125;0;0;4;9;8;18;5;13;14;24;26;8;17;21;16;35;21;21;31;40;True;40;2;2;2;1:0-0 | 2:0-5 | 3:4-8 | 7:5-8 | 12:8-16 | 5:8-10 | 4:9-13 | 8:13-16 | 9:14-18 | 15:16-21 | 13:17-21 | 6:18-21 | 14:21-28 | 17:21-31 | 18:21-22 | 10:24-31 | 11:26-29 | 19:31-40 | 16:35-37 | 20:40-40
1;5;132;93,278125;0;0;0;9;9;13;5;13;13;11;32;8;16;18;16;37;21;38;31;40;True;40;2;3;2;1:0-0 | 2:0-5 | 3:0-4 | 7:5-8 | 12:8-16 | 4:9-13 | 5:9-11 | 10:11-18 | 6:13-16 | 8:13-16 | 9:13-17 | 13:16-20 | 15:16-21 | 14:18-25 | 17:21-31 | 19:31-40 | 11:32-35 | 16:37-39 | 18:38-39 | 20:40-40
1;5;133;98,828125;0;0;4;10;8;16;5;13;10;8;23;8;17;26;16;35;21;34;31;40;True;40;2;4;2;1:0-0 | 2:0-5 | 3:4-8 | 7:5-8 | 10:8-15 | 12:8-16 | 5:8-10 | 4:10-14 | 9:10-14 | 8:13-16 | 15:16-21 | 6:16-19 | 13:17-21 | 17:21-31 | 11:23-26 | 14:26-33 | 19:31-40 | 18:34-35 | 16:35-37 | 20:40-40
1;5;134;101,228125;0;0;4;9;15;5;5;13;16;6;10;8;17;21;16;33;21;39;31;40;True;40;2;5;2;1:0-0 | 2:0-5 | 3:4-8 | 6:5-8 | 7:5-8 | 10:6-13 | 12:8-16 | 4:9-13 | 11:10-13 | 8:13-16 | 5:15-17 | 15:16-21 | 9:16-20 | 13:17-21 | 14:21-28 | 17:21-31 | 19:31-40 | 16:33-35 | 18:39-40 | 20:40-40
1;5;135;98,828125;0;0;4;10;8;17;5;13;10;8;22;8;17;26;16;38;21;33;31;40;True;40;2;6;2;1:0-0 | 2:0-5 | 3:4-8 | 7:5-8 | 10:8-15 | 12:8-16 | 5:8-10 | 4:10-14 | 9:10-14 | 8:13-16 | 15:16-21 | 13:17-21 | 6:17-20 | 17:21-31 | 11:22-25 | 14:26-33 | 19:31-40 | 18:33-34 | 16:38-40 | 20:40-40
1;5;136;97,428125;0;0;2;9;14;8;5;11;17;12;31;8;14;22;16;25;21;31;31;40;True;40;2;7;2;1:0-0 | 2:0-5 | 3:2-6 | 7:5-8 | 12:8-16 | 6:8-11 | 4:9-13 | 8:11-14 | 10:12-19 | 13:14-18 | 5:14-16 | 15:16-21 | 9:17-21 | 17:21-31 | 14:22-29 | 16:25-27 | 11:31-34 | 18:31-32 | 19:31-40 | 20:40-40
1;5;137;99,878125;0;0;3;10;7;16;5;12;16;8;29;8;15;24;16;31;21;34;31;40;True;40;2;8;2;1:0-0 | 2:0-5 | 3:3-7 | 7:5-8 | 5:7-9 | 10:8-15 | 12:8-16 | 4:10-14 | 8:12-15 | 13:15-19 | 15:16-21 | 6:16-19 | 9:16-20 | 17:21-31 | 14:24-31 | 11:29-32 | 16:31-33 | 19:31-40 | 18:34-35 | 20:40-40
1;5;138;92,028125;0;0;2;9;10;13;5;12;16;8;31;8;14;23;16;29;21;36;31;40;True;40;2;9;2;1:0-0 | 2:0-5 | 3:2-6 | 7:5-8 | 10:8-15 | 12:8-16 | 4:9-13 | 5:10-12 | 8:12-15 | 6:13-16 | 13:14-18 | 15:16-21 | 9:16-20 | 17:21-31 | 14:23-30 | 16:29-31 | 11:31-34 | 19:31-40 | 18:36-37 | 20:40-40
1;5;139;94,378125;0;0;2;11;8;5;5;12;15;13;27;8;16;20;16;35;21;35;31;40;True;40;2;10;2;1:0-0 | 2:0-5 | 3:2-6 | 6:5-8 | 7:5-8 | 12:8-16 | 5:8-10 | 4:11-15 | 8:12-15 | 10:13-20 | 9:15-19 | 13:16-20 | 15:16-21 | 14:20-27 | 17:21-31 | 11:27-30 | 19:31-40 | 16:35-37 | 18:35-36 | 20:40-40
1;5;140;101,478125;0;0;4;10;8;17;5;13;14;9;25;8;16;24;16;33;21;34;31;40;True;40;2;11;2;1:0-0 | 2:0-5 | 3:4-8 | 7:5-8 | 12:8-16 | 5:8-10 | 10:9-16 | 4:10-14 | 8:13-16 | 9:14-18 | 13:16-20 | 15:16-21 | 6:17-20 | 17:21-31 | 14:24-31 | 11:25-28 | 19:31-40 | 16:33-35 | 18:34-35 | 20:40-40
1;5;141;96,778125;0;0;1;9;16;5;5;12;16;9;28;8;13;24;16;30;21;35;31;40;True;40;2;12;2;1:0-0 | 2:0-5 | 3:1-5 | 6:5-8 | 7:5-8 | 12:8-16 | 10:9-16 | 4:9-13 | 8:12-15 | 13:13-17 | 15:16-21 | 5:16-18 | 9:16-20 | 17:21-31 | 14:24-31 | 11:28-31 | 16:30-32 | 19:31-40 | 18:35-36 | 20:40-40
1;5;142;90,578125;0;0;1;11;8;9;5;10;16;7;29;8;14;21;16;32;21;26;31;40;True;40;2;13;2;1:0-0 | 2:0-5 | 3:1-5 | 7:5-8 | 10:7-14 | 12:8-16 | 5:8-10 | 6:9-12 | 8:10-13 | 4:11-15 | 13:14-18 | 15:16-21 | 9:16-20 | 14:21-28 | 17:21-31 | 18:26-27 | 11:29-32 | 19:31-40 | 16:32-34 | 20:40-40
1;5;143;85,878125;0;0;1;12;8;5;5;10;12;9;22;8;16;31;16;36;21;28;31;40;True;40;2;14;2;1:0-0 | 2:0-5 | 3:1-5 | 6:5-8 | 7:5-8 | 12:8-16 | 5:8-10 | 10:9-16 | 8:10-13 | 4:12-16 | 9:12-16 | 13:16-20 | 15:16-21 | 17:21-31 | 11:22-25 | 18:28-29 | 14:31-38 | 19:31-40 | 16:36-38 | 20:40-40
1;5;144;105,028125;0;0;3;9;13;9;5;13;12;10;25;8;16;23;16;34;21;38;31;40;True;40;2;15;2;1:0-0 | 2:0-5 | 3:3-7 | 7:5-8 | 12:8-16 | 4:9-13 | 6:9-12 | 10:10-17 | 9:12-16 | 5:13-15 | 8:13-16 | 13:16-20 | 15:16-21 | 17:21-31 | 14:23-30 | 11:25-28 | 19:31-40 | 16:34-36 | 18:38-39 | 20:40-40
1;5;145;83,028125;0;0;0;8;15;17;5;13;7;5;33;8;17;21;16;38;21;38;31;40;True;40;2;16;2;1:0-0 | 2:0-5 | 3:0-4 | 10:5-12 | 7:5-8 | 9:7-11 | 12:8-16 | 4:8-12 | 8:13-16 | 5:15-17 | 15:16-21 | 13:17-21 | 6:17-20 | 14:21-28 | 17:21-31 | 19:31-40 | 11:33-36 | 16:38-40 | 18:38-39 | 20:40-40
1;5;146;86,278125;0;0;0;12;8;5;5;9;16;6;28;8;14;18;16;34;21;22;31;40;True;40;2;17;2;1:0-0 | 2:0-5 | 3:0-4 | 6:5-8 | 7:5-8 | 10:6-13 | 12:8-16 | 5:8-10 | 8:9-12 | 4:12-16 | 13:14-18 | 15:16-21 | 9:16-20 | 14:18-25 | 17:21-31 | 18:22-23 | 11:28-31 | 19:31-40 | 16:34-36 | 20:40-40
1;5;147;98,878125;0;0;4;12;8;5;5;12;9;10;37;8;17;31;16;27;21;39;31;40;True;40;2;18;2;1:0-0 | 2:0-5 | 3:4-8 | 6:5-8 | 7:5-8 | 12:8-16 | 5:8-10 | 9:9-13 | 10:10-17 | 4:12-16 | 8:12-15 | 15:16-21 | 13:17-21 | 17:21-31 | 16:27-29 | 14:31-38 | 19:31-40 | 11:37-40 | 18:39-40 | 20:40-40
1;5;148;81,478125;0;0;2;8;12;5;5;13;13;17;32;8;17;33;16;21;21;39;31;40;True;40;2;19;2;1:0-0 | 2:0-5 | 3:2-6 | 6:5-8 | 7:5-8 | 12:8-16 | 4:8-12 | 5:12-14 | 8:13-16 | 9:13-17 | 15:16-21 | 10:17-24 | 13:17-21 | 16:21-23 | 17:21-31 | 19:31-40 | 11:32-35 | 14:33-40 | 18:39-40 | 20:40-40
1;5;149;86,828125;0;0;1;9;12;17;5;13;8;7;30;8;17;20;16;38;21;35;31;40;True;40;2;20;2;1:0-0 | 2:0-5 | 3:1-5 | 7:5-8 | 10:7-14 | 12:8-16 | 9:8-12 | 4:9-13 | 5:12-14 | 8:13-16 | 15:16-21 | 13:17-21 | 6:17-20 | 14:20-27 | 17:21-31 | 11:30-33 | 19:31-40 | 18:35-36 | 16:38-40 | 20:40-40
1;5;150;97,928125;0;0;2;11;8;7;5;13;14;12;25;8;16;19;16;32;21;37;31;40;True;40;2;21;2;1:0-0 | 2:0-5 | 3:2-6 | 7:5-8 | 6:7-10 | 12:8-16 | 5:8-10 | 4:11-15 | 10:12-19 | 8:13-16 | 9:14-18 | 13:16-20 | 15:16-21 | 14:19-26 | 17:21-31 | 11:25-28 | 19:31-40 | 16:32-34 | 18:37-38 | 20:40-40
1;5;151;103,628125;0;0;4;9;14;8;5;11;16;13;27;8;16;27;16;33;21;37;31;40;True;40;2;22;2;1:0-0 | 2:0-5 | 3:4-8 | 7:5-8 | 12:8-16 | 6:8-11 | 4:9-13 | 8:11-14 | 10:13-20 | 5:14-16 | 13:16-20 | 15:16-21 | 9:16-20 | 17:21-31 | 11:27-30 | 14:27-34 | 19:31-40 | 16:33-35 | 18:37-38 | 20:40-40
1;5;152;96,528125;0;0;0;8;13;11;5;12;7;9;20;8;15;16;16;31;21;36;31;40;True;40;2;23;2;1:0-0 | 2:0-5 | 3:0-4 | 7:5-8 | 9:7-11 | 12:8-16 | 4:8-12 | 10:9-16 | 6:11-14 | 8:12-15 | 5:13-15 | 13:15-19 | 14:16-23 | 15:16-21 | 11:20-23 | 17:21-31 | 16:31-33 | 19:31-40 | 18:36-37 | 20:40-40
1;5;153;92,728125;0;0;1;10;9;8;5;12;16;13;31;8;14;19;16;31;21;34;31;40;True;40;2;24;2;1:0-0 | 2:0-5 | 3:1-5 | 7:5-8 | 12:8-16 | 6:8-11 | 5:9-11 | 4:10-14 | 8:12-15 | 10:13-20 | 13:14-18 | 15:16-21 | 9:16-20 | 14:19-26 | 17:21-31 | 11:31-34 | 16:31-33 | 19:31-40 | 18:34-35 | 20:40-40
1;5;154;94,428125;0;0;2;10;7;12;5;13;16;13;31;8;15;20;16;32;21;29;31;40;True;40;2;25;2;1:0-0 | 2:0-5 | 3:2-6 | 7:5-8 | 5:7-9 | 12:8-16 | 4:10-14 | 6:12-15 | 10:13-20 | 8:13-16 | 13:15-19 | 15:16-21 | 9:16-20 | 14:20-27 | 17:21-31 | 18:29-30 | 11:31-34 | 19:31-40 | 16:32-34 | 20:40-40
1;5;155;95,778125;0;0;0;8;13;7;5;12;11;9;20;8;15;16;16;31;21;36;31;40;True;40;2;26;2;1:0-0 | 2:0-5 | 3:0-4 | 7:5-8 | 6:7-10 | 12:8-16 | 4:8-12 | 10:9-16 | 9:11-15 | 8:12-15 | 5:13-15 | 13:15-19 | 14:16-23 | 15:16-21 | 11:20-23 | 17:21-31 | 16:31-33 | 19:31-40 | 18:36-37 | 20:40-40
1;5;156;102,878125;0;0;4;11;8;10;5;13;10;9;31;8;17;26;16;37;21;29;31;40;True;40;2;27;2;1:0-0 | 2:0-5 | 3:4-8 | 7:5-8 | 12:8-16 | 5:8-10 | 10:9-16 | 6:10-13 | 9:10-14 | 4:11-15 | 8:13-16 | 15:16-21 | 13:17-21 | 17:21-31 | 14:26-33 | 18:29-30 | 11:31-34 | 19:31-40 | 16:37-39 | 20:40-40
1;5;157;90,478125;0;0;2;12;7;4;5;12;17;16;31;8;17;17;16;34;21;39;31;40;True;40;2;28;2;1:0-0 | 2:0-5 | 3:2-6 | 6:4-7 | 7:5-8 | 5:7-9 | 12:8-16 | 4:12-16 | 8:12-15 | 10:16-23 | 15:16-21 | 13:17-21 | 14:17-24 | 9:17-21 | 17:21-31 | 11:31-34 | 19:31-40 | 16:34-36 | 18:39-40 | 20:40-40
1;5;158;98,828125;0;0;4;10;8;17;5;13;10;8;23;8;17;25;16;38;21;33;31;40;True;40;2;29;2;1:0-0 | 2:0-5 | 3:4-8 | 7:5-8 | 10:8-15 | 12:8-16 | 5:8-10 | 4:10-14 | 9:10-14 | 8:13-16 | 15:16-21 | 13:17-21 | 6:17-20 | 17:21-31 | 11:23-26 | 14:25-32 | 19:31-40 | 18:33-34 | 16:38-40 | 20:40-40
1;5;159;98,828125;0;0;4;10;8;16;5;13;10;7;24;8;17;25;16;35;21;34;31;40;True;40;2;30;2;1:0-0 | 2:0-5 | 3:4-8 | 7:5-8 | 10:7-14 | 12:8-16 | 5:8-10 | 4:10-14 | 9:10-14 | 8:13-16 | 15:16-21 | 6:16-19 | 13:17-21 | 17:21-31 | 11:24-27 | 14:25-32 | 19:31-40 | 18:34-35 | 16:35-37 | 20:40-40
1;5;160;83,028125;0;0;0;8;15;17;5;13;7;5;33;8;17;17;16;38;21;38;31;40;True;40;2;31;2;1:0-0 | 2:0-5 | 3:0-4 | 10:5-12 | 7:5-8 | 9:7-11 | 12:8-16 | 4:8-12 | 8:13-16 | 5:15-17 | 15:16-21 | 13:17-21 | 14:17-24 | 6:17-20 | 17:21-31 | 19:31-40 | 11:33-36 | 16:38-40 | 18:38-39 | 20:40-40
1;5;161;101,478125;0;0;4;10;8;17;5;13;14;9;25;8;16;24;16;33;21;34;31;40;True;40;2;32;2;1:0-0 | 2:0-5 | 3:4-8 | 7:5-8 | 12:8-16 | 5:8-10 | 10:9-16 | 4:10-14 | 8:13-16 | 9:14-18 | 13:16-20 | 15:16-21 | 6:17-20 | 17:21-31 | 14:24-31 | 11:25-28 | 19:31-40 | 16:33-35 | 18:34-35 | 20:40-40
1;5;162;101,178125;0;0;4;9;7;18;5;13;14;8;26;8;17;21;16;35;21;32;31;40;True;40;2;33;2;1:0-0 | 2:0-5 | 3:4-8 | 7:5-8 | 5:7-9 | 10:8-15 | 12:8-16 | 4:9-13 | 8:13-16 | 9:14-18 | 15:16-21 | 13:17-21 | 6:18-21 | 14:21-28 | 17:21-31 | 11:26-29 | 19:31-40 | 18:32-33 | 16:35-37 | 20:40-40
1;5;163;101,078125;0;0;1;10;10;6;5;10;17;7;29;8;14;21;16;31;21;27;31;40;True;40;2;34;2;1:0-0 | 2:0-5 | 3:1-5 | 7:5-8 | 6:6-9 | 10:7-14 | 12:8-16 | 4:10-14 | 5:10-12 | 8:10-13 | 13:14-18 | 15:16-21 | 9:17-21 | 14:21-28 | 17:21-31 | 18:27-28 | 11:29-32 | 16:31-33 | 19:31-40 | 20:40-40
1;5;164;80,228125;0;0;1;10;7;5;5;12;16;12;31;8;14;17;16;34;21;22;31;40;True;40;2;35;2;1:0-0 | 2:0-5 | 3:1-5 | 6:5-8 | 7:5-8 | 5:7-9 | 12:8-16 | 4:10-14 | 10:12-19 | 8:12-15 | 13:14-18 | 15:16-21 | 9:16-20 | 14:17-24 | 17:21-31 | 18:22-23 | 11:31-34 | 19:31-40 | 16:34-36 | 20:40-40
1;5;165;89,428125;0;0;1;9;17;5;5;12;15;11;24;8;13;25;16;32;21;37;31;40;True;40;2;36;2;1:0-0 | 2:0-5 | 3:1-5 | 6:5-8 | 7:5-8 | 12:8-16 | 4:9-13 | 10:11-18 | 8:12-15 | 13:13-17 | 9:15-19 | 15:16-21 | 5:17-19 | 17:21-31 | 11:24-27 | 14:25-32 | 19:31-40 | 16:32-34 | 18:37-38 | 20:40-40
1;5;166;95,978125;0;0;1;8;13;7;5;12;14;11;27;8;15;20;16;29;21;34;31;40;True;40;2;37;2;1:0-0 | 2:0-5 | 3:1-5 | 7:5-8 | 6:7-10 | 12:8-16 | 4:8-12 | 10:11-18 | 8:12-15 | 5:13-15 | 9:14-18 | 13:15-19 | 15:16-21 | 14:20-27 | 17:21-31 | 11:27-30 | 16:29-31 | 19:31-40 | 18:34-35 | 20:40-40
1;5;167;100,478125;0;0;4;10;8;15;5;13;9;11;22;8;17;28;16;31;21;33;31;40;True;40;2;38;2;1:0-0 | 2:0-5 | 3:4-8 | 7:5-8 | 12:8-16 | 5:8-10 | 9:9-13 | 4:10-14 | 10:11-18 | 8:13-16 | 6:15-18 | 15:16-21 | 13:17-21 | 17:21-31 | 11:22-25 | 14:28-35 | 16:31-33 | 19:31-40 | 18:33-34 | 20:40-40
1;5;168;92,028125;0;0;3;12;8;4;5;12;13;14;35;8;17;25;16;31;21;39;31;40;True;40;2;39;2;1:0-0 | 2:0-5 | 3:3-7 | 6:4-7 | 7:5-8 | 12:8-16 | 5:8-10 | 4:12-16 | 8:12-15 | 9:13-17 | 10:14-21 | 15:16-21 | 13:17-21 | 17:21-31 | 14:25-32 | 16:31-33 | 19:31-40 | 11:35-38 | 18:39-40 | 20:40-40
1;5;169;103,878125;0;0;4;10;8;14;5;13;9;15;22;8;17;31;16;26;21;33;31;40;True;40;2;40;2;1:0-0 | 2:0-5 | 3:4-8 | 7:5-8 | 12:8-16 | 5:8-10 | 9:9-13 | 4:10-14 | 8:13-16 | 6:14-17 | 10:15-22 | 15:16-21 | 13:17-21 | 17:21-31 | 11:22-25 | 16:26-28 | 14:31-38 | 19:31-40 | 18:33-34 | 20:40-40
1;5;170;92,678125;0;0;2;9;7;12;5;12;16;13;28;8;15;21;16;33;21;36;31;40;True;40;2;41;2;1:0-0 | 2:0-5 | 3:2-6 | 7:5-8 | 5:7-9 | 12:8-16 | 4:9-13 | 6:12-15 | 8:12-15 | 10:13-20 | 13:15-19 | 15:16-21 | 9:16-20 | 14:21-28 | 17:21-31 | 11:28-31 | 19:31-40 | 16:33-35 | 18:36-37 | 20:40-40
1;5;171;103,528125;0;0;3;12;8;13;5;12;14;10;29;8;17;21;16;37;21;35;31;40;True;40;2;42;2;1:0-0 | 2:0-5 | 3:3-7 | 7:5-8 | 12:8-16 | 5:8-10 | 10:10-17 | 4:12-16 | 8:12-15 | 6:13-16 | 9:14-18 | 15:16-21 | 13:17-21 | 14:21-28 | 17:21-31 | 11:29-32 | 19:31-40 | 18:35-36 | 16:37-39 | 20:40-40
1;5;172;98,928125;0;0;4;10;8;16;5;13;11;9;25;8;17;24;16;36;21;34;31;40;True;40;2;43;2;1:0-0 | 2:0-5 | 3:4-8 | 7:5-8 | 12:8-16 | 5:8-10 | 10:9-16 | 4:10-14 | 9:11-15 | 8:13-16 | 15:16-21 | 6:16-19 | 13:17-21 | 17:21-31 | 14:24-31 | 11:25-28 | 19:31-40 | 18:34-35 | 16:36-38 | 20:40-40
1;5;173;83,028125;0;0;0;8;15;17;5;13;7;5;33;8;17;17;16;38;21;38;31;40;True;40;2;44;2;1:0-0 | 2:0-5 | 3:0-4 | 10:5-12 | 7:5-8 | 9:7-11 | 12:8-16 | 4:8-12 | 8:13-16 | 5:15-17 | 15:16-21 | 13:17-21 | 14:17-24 | 6:17-20 | 17:21-31 | 19:31-40 | 11:33-36 | 16:38-40 | 18:38-39 | 20:40-40
1;5;174;103,228125;0;0;4;11;8;12;5;13;10;9;31;8;17;26;16;37;21;31;31;40;True;40;2;45;2;1:0-0 | 2:0-5 | 3:4-8 | 7:5-8 | 12:8-16 | 5:8-10 | 10:9-16 | 9:10-14 | 4:11-15 | 6:12-15 | 8:13-16 | 15:16-21 | 13:17-21 | 17:21-31 | 14:26-33 | 11:31-34 | 18:31-32 | 19:31-40 | 16:37-39 | 20:40-40
1;5;175;104,828125;0;0;4;11;10;12;5;13;13;6;31;8;17;26;16;26;21;36;31;40;True;40;2;46;2;1:0-0 | 2:0-5 | 3:4-8 | 7:5-8 | 10:6-13 | 12:8-16 | 5:10-12 | 4:11-15 | 6:12-15 | 8:13-16 | 9:13-17 | 15:16-21 | 13:17-21 | 17:21-31 | 14:26-33 | 16:26-28 | 11:31-34 | 19:31-40 | 18:36-37 | 20:40-40
1;5;176;100,528125;0;0;4;9;19;8;5;13;12;9;31;8;15;16;16;29;21;39;31;40;True;40;2;47;2;1:0-0 | 2:0-5 | 3:4-8 | 7:5-8 | 12:8-16 | 6:8-11 | 10:9-16 | 4:9-13 | 9:12-16 | 8:13-16 | 13:15-19 | 14:16-23 | 15:16-21 | 5:19-21 | 17:21-31 | 16:29-31 | 11:31-34 | 19:31-40 | 18:39-40 | 20:40-40
1;5;177;89,078125;0;0;2;9;7;14;5;12;17;13;31;8;14;22;16;25;21;32;31;40;True;40;2;48;2;1:0-0 | 2:0-5 | 3:2-6 | 7:5-8 | 5:7-9 | 12:8-16 | 4:9-13 | 8:12-15 | 10:13-20 | 13:14-18 | 6:14-17 | 15:16-21 | 9:17-21 | 17:21-31 | 14:22-29 | 16:25-27 | 11:31-34 | 19:31-40 | 18:32-33 | 20:40-40
1;5;178;85,278125;0;0;1;10;7;9;5;13;16;14;31;8;14;18;16;35;21;38;31;40;True;40;2;49;2;1:0-0 | 2:0-5 | 3:1-5 | 7:5-8 | 5:7-9 | 12:8-16 | 6:9-12 | 4:10-14 | 8:13-16 | 10:14-21 | 13:14-18 | 15:16-21 | 9:16-20 | 14:18-25 | 17:21-31 | 11:31-34 | 19:31-40 | 16:35-37 | 18:38-39 | 20:40-40
1;5;179;88,428125;0;0;2;9;6;15;5;12;17;8;31;8;14;24;16;28;21;34;31;40;True;40;2;50;2;1:0-0 | 2:0-5 | 3:2-6 | 7:5-8 | 5:6-8 | 10:8-15 | 12:8-16 | 4:9-13 | 8:12-15 | 13:14-18 | 6:15-18 | 15:16-21 | 9:17-21 | 17:21-31 | 14:24-31 | 16:28-30 | 11:31-34 | 19:31-40 | 18:34-35 | 20:40-40
1;5;180;92,628125;0;0;2;9;15;6;5;12;17;8;31;8;14;24;16;28;21;34;31;40;True;40;2;51;2;1:0-0 | 2:0-5 | 3:2-6 | 7:5-8 | 6:6-9 | 10:8-15 | 12:8-16 | 4:9-13 | 8:12-15 | 13:14-18 | 5:15-17 | 15:16-21 | 9:17-21 | 17:21-31 | 14:24-31 | 16:28-30 | 11:31-34 | 19:31-40 | 18:34-35 | 20:40-40
1;5;181;102,078125;0;0;3;9;12;13;5;13;16;8;29;8;16;23;16;32;21;33;31;40;True;40;2;52;2;1:0-0 | 2:0-5 | 3:3-7 | 7:5-8 | 10:8-15 | 12:8-16 | 4:9-13 | 5:12-14 | 6:13-16 | 8:13-16 | 13:16-20 | 15:16-21 | 9:16-20 | 17:21-31 | 14:23-30 | 11:29-32 | 19:31-40 | 16:32-34 | 18:33-34 | 20:40-40
1;5;182;98,828125;0;0;4;10;8;16;5;13;10;9;22;8;17;27;16;35;21;33;31;40;True;40;2;53;2;1:0-0 | 2:0-5 | 3:4-8 | 7:5-8 | 12:8-16 | 5:8-10 | 10:9-16 | 4:10-14 | 9:10-14 | 8:13-16 | 15:16-21 | 6:16-19 | 13:17-21 | 17:21-31 | 11:22-25 | 14:27-34 | 19:31-40 | 18:33-34 | 16:35-37 | 20:40-40
1;5;183;103,528125;0;0;3;12;8;13;5;12;14;10;29;8;17;21;16;37;21;35;31;40;True;40;2;54;2;1:0-0 | 2:0-5 | 3:3-7 | 7:5-8 | 12:8-16 | 5:8-10 | 10:10-17 | 4:12-16 | 8:12-15 | 6:13-16 | 9:14-18 | 15:16-21 | 13:17-21 | 14:21-28 | 17:21-31 | 11:29-32 | 19:31-40 | 18:35-36 | 16:37-39 | 20:40-40
1;5;184;94,678125;0;0;4;12;8;5;5;12;17;10;37;8;17;31;16;27;21;21;31;40;True;40;2;55;2;1:0-0 | 2:0-5 | 3:4-8 | 6:5-8 | 7:5-8 | 12:8-16 | 5:8-10 | 10:10-17 | 4:12-16 | 8:12-15 | 15:16-21 | 13:17-21 | 9:17-21 | 17:21-31 | 18:21-22 | 16:27-29 | 14:31-38 | 19:31-40 | 11:37-40 | 20:40-40
1;5;185;103,628125;0;0;4;9;14;8;5;11;16;13;27;8;16;27;16;33;21;37;31;40;True;40;2;56;2;1:0-0 | 2:0-5 | 3:4-8 | 7:5-8 | 12:8-16 | 6:8-11 | 4:9-13 | 8:11-14 | 10:13-20 | 5:14-16 | 13:16-20 | 15:16-21 | 9:16-20 | 17:21-31 | 11:27-30 | 14:27-34 | 19:31-40 | 16:33-35 | 18:37-38 | 20:40-40
1;5;186;99,928125;0;0;0;10;10;13;5;12;12;6;31;8;15;18;16;36;21;31;31;40;True;40;2;57;2;1:0-0 | 2:0-5 | 3:0-4 | 7:5-8 | 10:6-13 | 12:8-16 | 4:10-14 | 5:10-12 | 8:12-15 | 9:12-16 | 6:13-16 | 13:15-19 | 15:16-21 | 14:18-25 | 17:21-31 | 11:31-34 | 18:31-32 | 19:31-40 | 16:36-38 | 20:40-40
1;5;187;87,328125;0;0;1;10;7;9;5;13;16;14;31;8;14;18;16;35;21;21;31;40;True;40;2;58;2;1:0-0 | 2:0-5 | 3:1-5 | 7:5-8 | 5:7-9 | 12:8-16 | 6:9-12 | 4:10-14 | 8:13-16 | 10:14-21 | 13:14-18 | 15:16-21 | 9:16-20 | 14:18-25 | 17:21-31 | 18:21-22 | 11:31-34 | 19:31-40 | 16:35-37 | 20:40-40
1;5;188;91,428125;0;0;0;8;14;15;5;12;8;7;25;8;16;16;16;35;21;37;31;40;True;40;2;59;2;1:0-0 | 2:0-5 | 3:0-4 | 7:5-8 | 10:7-14 | 12:8-16 | 4:8-12 | 9:8-12 | 8:12-15 | 5:14-16 | 6:15-18 | 13:16-20 | 14:16-23 | 15:16-21 | 17:21-31 | 11:25-28 | 19:31-40 | 16:35-37 | 18:37-38 | 20:40-40
1;5;189;98,378125;0;0;1;10;10;5;5;10;16;7;30;8;14;20;16;31;21;29;31;40;True;40;2;60;2;1:0-0 | 2:0-5 | 3:1-5 | 6:5-8 | 7:5-8 | 10:7-14 | 12:8-16 | 4:10-14 | 5:10-12 | 8:10-13 | 13:14-18 | 15:16-21 | 9:16-20 | 14:20-27 | 17:21-31 | 18:29-30 | 11:30-33 | 16:31-33 | 19:31-40 | 20:40-40
1;5;190;106,978125;0;0;4;12;8;6;5;12;10;10;26;8;17;28;16;38;21;38;31;40;True;40;2;61;2;1:0-0 | 2:0-5 | 3:4-8 | 7:5-8 | 6:6-9 | 12:8-16 | 5:8-10 | 10:10-17 | 9:10-14 | 4:12-16 | 8:12-15 | 15:16-21 | 13:17-21 | 17:21-31 | 11:26-29 | 14:28-35 | 19:31-40 | 16:38-40 | 18:38-39 | 20:40-40
1;5;191;85,178125;0;0;2;9;7;14;5;12;17;8;31;8;14;24;16;29;21;35;31;40;True;40;2;62;2;1:0-0 | 2:0-5 | 3:2-6 | 7:5-8 | 5:7-9 | 10:8-15 | 12:8-16 | 4:9-13 | 8:12-15 | 13:14-18 | 6:14-17 | 15:16-21 | 9:17-21 | 17:21-31 | 14:24-31 | 16:29-31 | 11:31-34 | 19:31-40 | 18:35-36 | 20:40-40
1;5;192;97,528125;0;0;1;9;10;8;5;12;16;12;27;8;13;21;16;33;21;37;31;40;True;40;2;63;2;1:0-0 | 2:0-5 | 3:1-5 | 7:5-8 | 12:8-16 | 6:8-11 | 4:9-13 | 5:10-12 | 10:12-19 | 8:12-15 | 13:13-17 | 15:16-21 | 9:16-20 | 14:21-28 | 17:21-31 | 11:27-30 | 19:31-40 | 16:33-35 | 18:37-38 | 20:40-40
1;5;193;77,978125;0;0;0;8;13;5;5;8;16;17;31;8;15;17;16;38;21;38;31;40;True;40;3;0;3;1:0-0 | 2:0-5 | 3:0-4 | 6:5-8 | 7:5-8 | 12:8-16 | 4:8-12 | 8:8-11 | 5:13-15 | 13:15-19 | 15:16-21 | 9:16-20 | 10:17-24 | 14:17-24 | 17:21-31 | 11:31-34 | 19:31-40 | 16:38-40 | 18:38-39 | 20:40-40
1;5;194;87,478125;0;0;2;8;16;17;5;12;5;12;31;8;17;17;16;34;21;39;31;40;True;40;3;1;3;1:0-0 | 2:0-5 | 3:2-6 | 7:5-8 | 9:5-9 | 12:8-16 | 4:8-12 | 10:12-19 | 8:12-15 | 15:16-21 | 5:16-18 | 13:17-21 | 14:17-24 | 6:17-20 | 17:21-31 | 11:31-34 | 19:31-40 | 16:34-36 | 18:39-40 | 20:40-40
1;5;195;81,228125;0;0;0;8;8;5;5;13;16;15;37;8;17;17;16;31;21;38;31;40;True;40;3;2;3;1:0-0 | 2:0-5 | 3:0-4 | 6:5-8 | 7:5-8 | 12:8-16 | 4:8-12 | 5:8-10 | 8:13-16 | 10:15-22 | 15:16-21 | 9:16-20 | 13:17-21 | 14:17-24 | 17:21-31 | 16:31-33 | 19:31-40 | 11:37-40 | 18:38-39 | 20:40-40
1;5;196;83,028125;0;0;0;8;15;17;5;13;7;5;31;8;17;21;16;38;21;38;31;40;True;40;3;3;3;1:0-0 | 2:0-5 | 3:0-4 | 10:5-12 | 7:5-8 | 9:7-11 | 12:8-16 | 4:8-12 | 8:13-16 | 5:15-17 | 15:16-21 | 13:17-21 | 6:17-20 | 14:21-28 | 17:21-31 | 11:31-34 | 19:31-40 | 16:38-40 | 18:38-39 | 20:40-40
1;5;197;89,128125;0;0;2;9;8;5;5;12;17;14;28;8;16;21;16;31;21;34;31;40;True;40;3;4;3;1:0-0 | 2:0-5 | 3:2-6 | 6:5-8 | 7:5-8 | 12:8-16 | 5:8-10 | 4:9-13 | 8:12-15 | 10:14-21 | 13:16-20 | 15:16-21 | 9:17-21 | 14:21-28 | 17:21-31 | 11:28-31 | 16:31-33 | 19:31-40 | 18:34-35 | 20:40-40
1;5;198;84,828125;0;0;2;12;8;5;5;13;17;14;31;8;16;9;16;21;21;34;31;40;True;40;3;5;3;1:0-0 | 2:0-5 | 3:2-6 | 6:5-8 | 7:5-8 | 12:8-16 | 5:8-10 | 14:9-16 | 4:12-16 | 8:13-16 | 10:14-21 | 13:16-20 | 15:16-21 | 9:17-21 | 16:21-23 | 17:21-31 | 11:31-34 | 19:31-40 | 18:34-35 | 20:40-40
1;5;199;79,678125;0;0;2;12;17;5;5;12;5;16;31;8;8;17;16;34;21;39;31;40;True;40;3;6;3;1:0-0 | 2:0-5 | 3:2-6 | 6:5-8 | 7:5-8 | 9:5-9 | 12:8-16 | 13:8-12 | 4:12-16 | 8:12-15 | 10:16-23 | 15:16-21 | 14:17-24 | 5:17-19 | 17:21-31 | 11:31-34 | 19:31-40 | 16:34-36 | 18:39-40 | 20:40-40
1;5;200;81,628125;0;0;3;9;8;5;5;13;15;13;35;8;16;21;16;31;21;38;31;40;True;40;3;7;3;1:0-0 | 2:0-5 | 3:3-7 | 6:5-8 | 7:5-8 | 12:8-16 | 5:8-10 | 4:9-13 | 10:13-20 | 8:13-16 | 9:15-19 | 13:16-20 | 15:16-21 | 14:21-28 | 17:21-31 | 16:31-33 | 19:31-40 | 11:35-38 | 18:38-39 | 20:40-40
1;5;201;80,328125;0;0;0;8;15;5;5;13;7;17;33;8;17;17;16;38;21;38;31;40;True;40;3;8;3;1:0-0 | 2:0-5 | 3:0-4 | 6:5-8 | 7:5-8 | 9:7-11 | 12:8-16 | 4:8-12 | 8:13-16 | 5:15-17 | 15:16-21 | 10:17-24 | 13:17-21 | 14:17-24 | 17:21-31 | 19:31-40 | 11:33-36 | 16:38-40 | 18:38-39 | 20:40-40
1;5;202;76,378125;0;0;0;8;15;5;5;8;17;17;31;8;12;21;16;38;21;38;31;40;True;40;3;9;3;1:0-0 | 2:0-5 | 3:0-4 | 6:5-8 | 7:5-8 | 12:8-16 | 4:8-12 | 8:8-11 | 13:12-16 | 5:15-17 | 15:16-21 | 10:17-24 | 9:17-21 | 14:21-28 | 17:21-31 | 11:31-34 | 19:31-40 | 16:38-40 | 18:38-39 | 20:40-40
1;5;203;84,028125;0;0;0;8;17;5;5;12;16;17;31;8;8;17;16;31;21;38;31;40;True;40;3;10;3;1:0-0 | 2:0-5 | 3:0-4 | 6:5-8 | 7:5-8 | 12:8-16 | 13:8-12 | 4:8-12 | 8:12-15 | 15:16-21 | 9:16-20 | 10:17-24 | 14:17-24 | 5:17-19 | 17:21-31 | 11:31-34 | 16:31-33 | 19:31-40 | 18:38-39 | 20:40-40
1;5;204;91,678125;0;0;2;8;8;17;5;12;17;12;31;8;16;33;16;38;21;21;31;40;True;40;3;11;3;1:0-0 | 2:0-5 | 3:2-6 | 7:5-8 | 12:8-16 | 4:8-12 | 5:8-10 | 10:12-19 | 8:12-15 | 13:16-20 | 15:16-21 | 6:17-20 | 9:17-21 | 17:21-31 | 18:21-22 | 11:31-34 | 19:31-40 | 14:33-40 | 16:38-40 | 20:40-40
1;5;205;78,078125;0;0;0;12;15;5;5;8;17;17;31;8;8;21;16;38;21;38;31;40;True;40;3;12;3;1:0-0 | 2:0-5 | 3:0-4 | 6:5-8 | 7:5-8 | 12:8-16 | 13:8-12 | 8:8-11 | 4:12-16 | 5:15-17 | 15:16-21 | 10:17-24 | 9:17-21 | 14:21-28 | 17:21-31 | 11:31-34 | 19:31-40 | 16:38-40 | 18:38-39 | 20:40-40
1;5;206;85,328125;0;0;0;8;8;5;5;13;17;15;31;8;17;17;16;17;21;38;31;40;True;40;3;13;3;1:0-0 | 2:0-5 | 3:0-4 | 6:5-8 | 7:5-8 | 12:8-16 | 4:8-12 | 5:8-10 | 8:13-16 | 10:15-22 | 15:16-21 | 13:17-21 | 14:17-24 | 16:17-19 | 9:17-21 | 17:21-31 | 11:31-34 | 19:31-40 | 18:38-39 | 20:40-40
1;5;207;85,328125;0;0;2;12;8;5;5;13;17;16;32;8;17;21;16;34;21;39;31;40;True;40;3;14;3;1:0-0 | 2:0-5 | 3:2-6 | 6:5-8 | 7:5-8 | 12:8-16 | 5:8-10 | 4:12-16 | 8:13-16 | 10:16-23 | 15:16-21 | 13:17-21 | 9:17-21 | 14:21-28 | 17:21-31 | 19:31-40 | 11:32-35 | 16:34-36 | 18:39-40 | 20:40-40
1;5;208;81,478125;0;0;2;8;12;5;5;13;13;17;31;8;17;33;16;21;21;39;31;40;True;40;3;15;3;1:0-0 | 2:0-5 | 3:2-6 | 6:5-8 | 7:5-8 | 12:8-16 | 4:8-12 | 5:12-14 | 8:13-16 | 9:13-17 | 15:16-21 | 10:17-24 | 13:17-21 | 16:21-23 | 17:21-31 | 11:31-34 | 19:31-40 | 14:33-40 | 18:39-40 | 20:40-40
1;5;209;90,028125;0;0;3;9;8;13;5;13;15;5;35;8;17;31;16;33;21;38;31;40;True;40;3;16;3;1:0-0 | 2:0-5 | 3:3-7 | 10:5-12 | 7:5-8 | 12:8-16 | 5:8-10 | 4:9-13 | 6:13-16 | 8:13-16 | 9:15-19 | 15:16-21 | 13:17-21 | 17:21-31 | 14:31-38 | 19:31-40 | 16:33-35 | 11:35-38 | 18:38-39 | 20:40-40
1;5;210;89,078125;0;0;2;8;7;17;5;12;17;16;31;8;17;12;16;34;21;39;31;40;True;40;3;17;3;1:0-0 | 2:0-5 | 3:2-6 | 7:5-8 | 5:7-9 | 12:8-16 | 4:8-12 | 14:12-19 | 8:12-15 | 10:16-23 | 15:16-21 | 13:17-21 | 6:17-20 | 9:17-21 | 17:21-31 | 11:31-34 | 19:31-40 | 16:34-36 | 18:39-40 | 20:40-40
1;5;211;83,328125;0;0;2;8;13;5;5;12;17;17;31;8;16;18;16;33;21;39;31;40;True;40;3;18;3;1:0-0 | 2:0-5 | 3:2-6 | 6:5-8 | 7:5-8 | 12:8-16 | 4:8-12 | 8:12-15 | 5:13-15 | 13:16-20 | 15:16-21 | 10:17-24 | 9:17-21 | 14:18-25 | 17:21-31 | 11:31-34 | 19:31-40 | 16:33-35 | 18:39-40 | 20:40-40
1;5;212;80,578125;0;0;0;8;15;17;5;12;8;5;31;8;17;21;16;38;21;38;31;40;True;40;3;19;3;1:0-0 | 2:0-5 | 3:0-4 | 10:5-12 | 7:5-8 | 12:8-16 | 4:8-12 | 9:8-12 | 8:12-15 | 5:15-17 | 15:16-21 | 13:17-21 | 6:17-20 | 14:21-28 | 17:21-31 | 11:31-34 | 19:31-40 | 16:38-40 | 18:38-39 | 20:40-40
1;5;213;78,378125;0;0;0;12;17;5;5;8;16;17;31;8;8;17;16;38;21;38;31;40;True;40;3;20;3;1:0-0 | 2:0-5 | 3:0-4 | 6:5-8 | 7:5-8 | 12:8-16 | 13:8-12 | 8:8-11 | 4:12-16 | 15:16-21 | 9:16-20 | 10:17-24 | 14:17-24 | 5:17-19 | 17:21-31 | 11:31-34 | 19:31-40 | 16:38-40 | 18:38-39 | 20:40-40
1;5;214;84,828125;0;0;4;12;10;5;5;8;16;12;31;8;16;21;16;37;21;39;31;40;True;40;3;21;3;1:0-0 | 2:0-5 | 3:4-8 | 6:5-8 | 7:5-8 | 12:8-16 | 8:8-11 | 5:10-12 | 10:12-19 | 4:12-16 | 13:16-20 | 15:16-21 | 9:16-20 | 14:21-28 | 17:21-31 | 11:31-34 | 19:31-40 | 16:37-39 | 18:39-40 | 20:40-40
1;5;215;85,328125;0;0;2;12;8;5;5;13;17;16;32;8;17;21;16;34;21;39;31;40;True;40;3;22;3;1:0-0 | 2:0-5 | 3:2-6 | 6:5-8 | 7:5-8 | 12:8-16 | 5:8-10 | 4:12-16 | 8:13-16 | 10:16-23 | 15:16-21 | 13:17-21 | 9:17-21 | 14:21-28 | 17:21-31 | 19:31-40 | 11:32-35 | 16:34-36 | 18:39-40 | 20:40-40
1;5;216;86,928125;0;0;0;12;17;8;5;13;17;17;37;8;8;8;16;21;21;38;31;40;True;40;3;23;3;1:0-0 | 2:0-5 | 3:0-4 | 7:5-8 | 12:8-16 | 13:8-12 | 14:8-15 | 6:8-11 | 4:12-16 | 8:13-16 | 15:16-21 | 10:17-24 | 5:17-19 | 9:17-21 | 16:21-23 | 17:21-31 | 19:31-40 | 11:37-40 | 18:38-39 | 20:40-40
1;5;217;83,028125;0;0;0;8;15;17;5;13;7;5;33;8;17;17;16;38;21;38;31;40;True;40;3;24;3;1:0-0 | 2:0-5 | 3:0-4 | 10:5-12 | 7:5-8 | 9:7-11 | 12:8-16 | 4:8-12 | 8:13-16 | 5:15-17 | 15:16-21 | 13:17-21 | 14:17-24 | 6:17-20 | 17:21-31 | 19:31-40 | 11:33-36 | 16:38-40 | 18:38-39 | 20:40-40
1;5;218;83,228125;0;0;2;8;8;5;5;13;16;17;31;8;17;33;16;21;21;39;31;40;True;40;3;25;3;1:0-0 | 2:0-5 | 3:2-6 | 6:5-8 | 7:5-8 | 12:8-16 | 4:8-12 | 5:8-10 | 8:13-16 | 15:16-21 | 9:16-20 | 10:17-24 | 13:17-21 | 16:21-23 | 17:21-31 | 11:31-34 | 19:31-40 | 14:33-40 | 18:39-40 | 20:40-40
1;5;219;79,778125;0;0;0;8;8;5;5;13;17;15;31;8;17;17;16;38;21;38;31;40;True;40;3;26;3;1:0-0 | 2:0-5 | 3:0-4 | 6:5-8 | 7:5-8 | 12:8-16 | 4:8-12 | 5:8-10 | 8:13-16 | 10:15-22 | 15:16-21 | 13:17-21 | 14:17-24 | 9:17-21 | 17:21-31 | 11:31-34 | 19:31-40 | 16:38-40 | 18:38-39 | 20:40-40
1;5;220;78,078125;0;0;0;12;15;5;5;8;17;17;31;8;8;21;16;38;21;38;31;40;True;40;3;27;3;1:0-0 | 2:0-5 | 3:0-4 | 6:5-8 | 7:5-8 | 12:8-16 | 13:8-12 | 8:8-11 | 4:12-16 | 5:15-17 | 15:16-21 | 10:17-24 | 9:17-21 | 14:21-28 | 17:21-31 | 11:31-34 | 19:31-40 | 16:38-40 | 18:38-39 | 20:40-40
1;5;221;76,378125;0;0;0;8;15;5;5;12;8;17;31;8;17;21;16;38;21;38;31;40;True;40;3;28;3;1:0-0 | 2:0-5 | 3:0-4 | 6:5-8 | 7:5-8 | 12:8-16 | 4:8-12 | 9:8-12 | 8:12-15 | 5:15-17 | 15:16-21 | 10:17-24 | 13:17-21 | 14:21-28 | 17:21-31 | 11:31-34 | 19:31-40 | 16:38-40 | 18:38-39 | 20:40-40
1;5;222;83,028125;0;0;0;8;15;17;5;13;7;5;33;8;17;17;16;38;21;38;31;40;True;40;3;29;3;1:0-0 | 2:0-5 | 3:0-4 | 10:5-12 | 7:5-8 | 9:7-11 | 12:8-16 | 4:8-12 | 8:13-16 | 5:15-17 | 15:16-21 | 13:17-21 | 14:17-24 | 6:17-20 | 17:21-31 | 19:31-40 | 11:33-36 | 16:38-40 | 18:38-39 | 20:40-40
1;5;223;78,078125;0;0;0;12;15;5;5;8;17;17;31;8;8;21;16;38;21;38;31;40;True;40;3;30;3;1:0-0 | 2:0-5 | 3:0-4 | 6:5-8 | 7:5-8 | 12:8-16 | 13:8-12 | 8:8-11 | 4:12-16 | 5:15-17 | 15:16-21 | 10:17-24 | 9:17-21 | 14:21-28 | 17:21-31 | 11:31-34 | 19:31-40 | 16:38-40 | 18:38-39 | 20:40-40
1;5;224;79,378125;0;0;0;12;16;5;5;8;16;17;31;8;8;33;16;17;21;38;31;40;True;40;3;31;3;1:0-0 | 2:0-5 | 3:0-4 | 6:5-8 | 7:5-8 | 12:8-16 | 13:8-12 | 8:8-11 | 4:12-16 | 15:16-21 | 5:16-18 | 9:16-20 | 10:17-24 | 16:17-19 | 17:21-31 | 11:31-34 | 19:31-40 | 14:33-40 | 18:38-39 | 20:40-40
1;5;225;81,478125;0;0;2;8;12;5;5;13;13;17;31;8;17;33;16;21;21;39;31;40;True;40;3;32;3;1:0-0 | 2:0-5 | 3:2-6 | 6:5-8 | 7:5-8 | 12:8-16 | 4:8-12 | 5:12-14 | 8:13-16 | 9:13-17 | 15:16-21 | 10:17-24 | 13:17-21 | 16:21-23 | 17:21-31 | 11:31-34 | 19:31-40 | 14:33-40 | 18:39-40 | 20:40-40
1;5;226;86,828125;0;0;2;12;8;17;5;13;5;16;32;8;16;21;16;34;21;39;31;40;True;40;3;33;3;1:0-0 | 2:0-5 | 3:2-6 | 7:5-8 | 9:5-9 | 12:8-16 | 5:8-10 | 4:12-16 | 8:13-16 | 10:16-23 | 13:16-20 | 15:16-21 | 6:17-20 | 14:21-28 | 17:21-31 | 19:31-40 | 11:32-35 | 16:34-36 | 18:39-40 | 20:40-40
1;5;227;83,728125;0;0;2;8;8;5;5;13;17;16;32;8;17;12;16;34;21;39;31;40;True;40;3;34;3;1:0-0 | 2:0-5 | 3:2-6 | 6:5-8 | 7:5-8 | 12:8-16 | 4:8-12 | 5:8-10 | 14:12-19 | 8:13-16 | 10:16-23 | 15:16-21 | 13:17-21 | 9:17-21 | 17:21-31 | 19:31-40 | 11:32-35 | 16:34-36 | 18:39-40 | 20:40-40
1;5;228;81,228125;0;0;0;8;8;5;5;13;16;15;37;8;17;17;16;31;21;38;31;40;True;40;3;35;3;1:0-0 | 2:0-5 | 3:0-4 | 6:5-8 | 7:5-8 | 12:8-16 | 4:8-12 | 5:8-10 | 8:13-16 | 10:15-22 | 15:16-21 | 9:16-20 | 13:17-21 | 14:17-24 | 17:21-31 | 16:31-33 | 19:31-40 | 11:37-40 | 18:38-39 | 20:40-40
1;5;229;91,228125;0;0;4;8;13;5;5;13;17;6;31;8;17;17;16;26;21;39;31;40;True;40;3;36;3;1:0-0 | 2:0-5 | 3:4-8 | 6:5-8 | 7:5-8 | 10:6-13 | 12:8-16 | 4:8-12 | 5:13-15 | 8:13-16 | 15:16-21 | 13:17-21 | 14:17-24 | 9:17-21 | 17:21-31 | 16:26-28 | 11:31-34 | 19:31-40 | 18:39-40 | 20:40-40
1;5;230;83,028125;0;0;0;8;15;17;5;13;7;5;33;8;17;17;16;38;21;38;31;40;True;40;3;37;3;1:0-0 | 2:0-5 | 3:0-4 | 10:5-12 | 7:5-8 | 9:7-11 | 12:8-16 | 4:8-12 | 8:13-16 | 5:15-17 | 15:16-21 | 13:17-21 | 14:17-24 | 6:17-20 | 17:21-31 | 19:31-40 | 11:33-36 | 16:38-40 | 18:38-39 | 20:40-40
1;5;231;79,228125;0;0;2;8;12;5;5;13;17;17;31;8;16;18;16;33;21;39;31;40;True;40;3;38;3;1:0-0 | 2:0-5 | 3:2-6 | 6:5-8 | 7:5-8 | 12:8-16 | 4:8-12 | 5:12-14 | 8:13-16 | 13:16-20 | 15:16-21 | 10:17-24 | 9:17-21 | 14:18-25 | 17:21-31 | 11:31-34 | 19:31-40 | 16:33-35 | 18:39-40 | 20:40-40
1;5;232;86,028125;0;0;2;12;12;5;5;13;17;17;31;8;8;17;16;31;21;39;31;40;True;40;3;39;3;1:0-0 | 2:0-5 | 3:2-6 | 6:5-8 | 7:5-8 | 12:8-16 | 13:8-12 | 4:12-16 | 5:12-14 | 8:13-16 | 15:16-21 | 10:17-24 | 14:17-24 | 9:17-21 | 17:21-31 | 11:31-34 | 16:31-33 | 19:31-40 | 18:39-40 | 20:40-40
1;5;233;80,528125;0;0;3;9;8;5;5;13;17;13;31;8;16;17;16;35;21;38;31;40;True;40;3;40;3;1:0-0 | 2:0-5 | 3:3-7 | 6:5-8 | 7:5-8 | 12:8-16 | 5:8-10 | 4:9-13 | 10:13-20 | 8:13-16 | 13:16-20 | 15:16-21 | 14:17-24 | 9:17-21 | 17:21-31 | 11:31-34 | 19:31-40 | 16:35-37 | 18:38-39 | 20:40-40
1;5;234;83,028125;0;0;0;8;15;17;5;13;7;5;33;8;17;21;16;38;21;38;31;40;True;40;3;41;3;1:0-0 | 2:0-5 | 3:0-4 | 10:5-12 | 7:5-8 | 9:7-11 | 12:8-16 | 4:8-12 | 8:13-16 | 5:15-17 | 15:16-21 | 13:17-21 | 6:17-20 | 14:21-28 | 17:21-31 | 19:31-40 | 11:33-36 | 16:38-40 | 18:38-39 | 20:40-40
1;5;235;81,278125;0;0;2;12;16;4;5;13;17;17;32;8;8;8;16;18;21;39;31;40;True;40;3;42;3;1:0-0 | 2:0-5 | 3:2-6 | 6:4-7 | 7:5-8 | 12:8-16 | 13:8-12 | 14:8-15 | 4:12-16 | 8:13-16 | 15:16-21 | 5:16-18 | 10:17-24 | 9:17-21 | 16:18-20 | 17:21-31 | 19:31-40 | 11:32-35 | 18:39-40 | 20:40-40
1;5;236;80,828125;0;0;0;8;16;5;5;12;17;17;31;8;8;17;16;38;21;38;31;40;True;40;3;43;3;1:0-0 | 2:0-5 | 3:0-4 | 6:5-8 | 7:5-8 | 12:8-16 | 13:8-12 | 4:8-12 | 8:12-15 | 15:16-21 | 5:16-18 | 10:17-24 | 14:17-24 | 9:17-21 | 17:21-31 | 11:31-34 | 19:31-40 | 16:38-40 | 18:38-39 | 20:40-40
1;5;237;86,628125;0;0;0;8;8;13;5;13;5;17;37;8;17;17;16;31;21;38;31;40;True;40;3;44;3;1:0-0 | 2:0-5 | 3:0-4 | 7:5-8 | 9:5-9 | 12:8-16 | 4:8-12 | 5:8-10 | 6:13-16 | 8:13-16 | 15:16-21 | 10:17-24 | 13:17-21 | 14:17-24 | 17:21-31 | 16:31-33 | 19:31-40 | 11:37-40 | 18:38-39 | 20:40-40
1;5;238;89,128125;0;0;2;9;8;5;5;12;17;14;28;8;16;21;16;31;21;34;31;40;True;40;3;45;3;1:0-0 | 2:0-5 | 3:2-6 | 6:5-8 | 7:5-8 | 12:8-16 | 5:8-10 | 4:9-13 | 8:12-15 | 10:14-21 | 13:16-20 | 15:16-21 | 9:17-21 | 14:21-28 | 17:21-31 | 11:28-31 | 16:31-33 | 19:31-40 | 18:34-35 | 20:40-40
1;5;239;76,828125;0;0;2;12;17;5;5;13;17;16;34;8;8;21;16;31;21;39;31;40;True;40;3;46;3;1:0-0 | 2:0-5 | 3:2-6 | 6:5-8 | 7:5-8 | 12:8-16 | 13:8-12 | 4:12-16 | 8:13-16 | 10:16-23 | 15:16-21 | 5:17-19 | 9:17-21 | 14:21-28 | 17:21-31 | 16:31-33 | 19:31-40 | 11:34-37 | 18:39-40 | 20:40-40
1;5;240;83,328125;0;0;2;8;13;5;5;12;17;17;31;8;16;18;16;33;21;39;31;40;True;40;3;47;3;1:0-0 | 2:0-5 | 3:2-6 | 6:5-8 | 7:5-8 | 12:8-16 | 4:8-12 | 8:12-15 | 5:13-15 | 13:16-20 | 15:16-21 | 10:17-24 | 9:17-21 | 14:18-25 | 17:21-31 | 11:31-34 | 19:31-40 | 16:33-35 | 18:39-40 | 20:40-40
1;5;241;88,128125;0;0;2;12;7;17;5;12;5;16;31;8;17;17;16;34;21;39;31;40;True;40;3;48;3;1:0-0 | 2:0-5 | 3:2-6 | 7:5-8 | 9:5-9 | 5:7-9 | 12:8-16 | 4:12-16 | 8:12-15 | 10:16-23 | 15:16-21 | 13:17-21 | 14:17-24 | 6:17-20 | 17:21-31 | 11:31-34 | 19:31-40 | 16:34-36 | 18:39-40 | 20:40-40
1;5;242;79,778125;0;0;0;8;8;5;5;13;17;15;31;8;17;17;16;38;21;38;31;40;True;40;3;49;3;1:0-0 | 2:0-5 | 3:0-4 | 6:5-8 | 7:5-8 | 12:8-16 | 4:8-12 | 5:8-10 | 8:13-16 | 10:15-22 | 15:16-21 | 13:17-21 | 14:17-24 | 9:17-21 | 17:21-31 | 11:31-34 | 19:31-40 | 16:38-40 | 18:38-39 | 20:40-40
1;5;243;83,928125;0;0;4;12;8;5;5;10;16;12;31;8;16;21;16;37;21;39;31;40;True;40;3;50;3;1:0-0 | 2:0-5 | 3:4-8 | 6:5-8 | 7:5-8 | 12:8-16 | 5:8-10 | 8:10-13 | 10:12-19 | 4:12-16 | 13:16-20 | 15:16-21 | 9:16-20 | 14:21-28 | 17:21-31 | 11:31-34 | 19:31-40 | 16:37-39 | 18:39-40 | 20:40-40
1;5;244;90,278125;0;0;0;8;15;17;5;13;8;5;31;8;16;17;16;38;21;38;31;40;True;40;3;51;3;1:0-0 | 2:0-5 | 3:0-4 | 10:5-12 | 7:5-8 | 12:8-16 | 4:8-12 | 9:8-12 | 8:13-16 | 5:15-17 | 13:16-20 | 15:16-21 | 14:17-24 | 6:17-20 | 17:21-31 | 11:31-34 | 19:31-40 | 16:38-40 | 18:38-39 | 20:40-40
1;5;245;84,028125;0;0;0;12;17;5;5;8;16;8;31;8;12;17;16;31;21;38;31;40;True;40;3;52;3;1:0-0 | 2:0-5 | 3:0-4 | 6:5-8 | 7:5-8 | 10:8-15 | 12:8-16 | 8:8-11 | 13:12-16 | 4:12-16 | 15:16-21 | 9:16-20 | 14:17-24 | 5:17-19 | 17:21-31 | 11:31-34 | 16:31-33 | 19:31-40 | 18:38-39 | 20:40-40
1;5;246;81,478125;0;0;2;8;12;5;5;13;13;17;32;8;17;33;16;21;21;39;31;40;True;40;3;53;3;1:0-0 | 2:0-5 | 3:2-6 | 6:5-8 | 7:5-8 | 12:8-16 | 4:8-12 | 5:12-14 | 8:13-16 | 9:13-17 | 15:16-21 | 10:17-24 | 13:17-21 | 16:21-23 | 17:21-31 | 19:31-40 | 11:32-35 | 14:33-40 | 18:39-40 | 20:40-40
1;5;247;83,028125;0;0;0;8;15;17;5;13;7;5;31;8;17;17;16;38;21;38;31;40;True;40;3;54;3;1:0-0 | 2:0-5 | 3:0-4 | 10:5-12 | 7:5-8 | 9:7-11 | 12:8-16 | 4:8-12 | 8:13-16 | 5:15-17 | 15:16-21 | 13:17-21 | 14:17-24 | 6:17-20 | 17:21-31 | 11:31-34 | 19:31-40 | 16:38-40 | 18:38-39 | 20:40-40
1;5;248;83,428125;0;0;2;8;12;18;5;13;8;17;31;8;16;21;16;34;21;39;31;40;True;40;3;55;3;1:0-0 | 2:0-5 | 3:2-6 | 7:5-8 | 12:8-16 | 4:8-12 | 9:8-12 | 5:12-14 | 8:13-16 | 13:16-20 | 15:16-21 | 10:17-24 | 6:18-21 | 14:21-28 | 17:21-31 | 11:31-34 | 19:31-40 | 16:34-36 | 18:39-40 | 20:40-40
1;5;249;86,028125;0;0;2;12;8;5;5;13;8;16;31;8;17;18;16;34;21;39;31;40;True;40;3;56;3;1:0-0 | 2:0-5 | 3:2-6 | 6:5-8 | 7:5-8 | 12:8-16 | 5:8-10 | 9:8-12 | 4:12-16 | 8:13-16 | 10:16-23 | 15:16-21 | 13:17-21 | 14:18-25 | 17:21-31 | 11:31-34 | 19:31-40 | 16:34-36 | 18:39-40 | 20:40-40
1;5;250;78,078125;0;0;0;12;15;5;5;8;17;17;31;8;8;21;16;38;21;38;31;40;True;40;3;57;3;1:0-0 | 2:0-5 | 3:0-4 | 6:5-8 | 7:5-8 | 12:8-16 | 13:8-12 | 8:8-11 | 4:12-16 | 5:15-17 | 15:16-21 | 10:17-24 | 9:17-21 | 14:21-28 | 17:21-31 | 11:31-34 | 19:31-40 | 16:38-40 | 18:38-39 | 20:40-40
1;5;251;82,378125;0;0;0;8;13;5;5;13;17;17;33;8;8;17;16;38;21;38;31;40;True;40;3;58;3;1:0-0 | 2:0-5 | 3:0-4 | 6:5-8 | 7:5-8 | 12:8-16 | 13:8-12 | 4:8-12 | 5:13-15 | 8:13-16 | 15:16-21 | 10:17-24 | 14:17-24 | 9:17-21 | 17:21-31 | 19:31-40 | 11:33-36 | 16:38-40 | 18:38-39 | 20:40-40
1;5;252;76,378125;0;0;0;8;15;5;5;12;8;17;31;8;17;21;16;38;21;38;31;40;True;40;3;59;3;1:0-0 | 2:0-5 | 3:0-4 | 6:5-8 | 7:5-8 | 12:8-16 | 4:8-12 | 9:8-12 | 8:12-15 | 5:15-17 | 15:16-21 | 10:17-24 | 13:17-21 | 14:21-28 | 17:21-31 | 11:31-34 | 19:31-40 | 16:38-40 | 18:38-39 | 20:40-40
1;5;253;82,928125;0;0;2;8;8;5;5;12;13;16;31;8;16;18;16;34;21;39;31;40;True;40;3;60;3;1:0-0 | 2:0-5 | 3:2-6 | 6:5-8 | 7:5-8 | 12:8-16 | 4:8-12 | 5:8-10 | 8:12-15 | 9:13-17 | 10:16-23 | 13:16-20 | 15:16-21 | 14:18-25 | 17:21-31 | 11:31-34 | 19:31-40 | 16:34-36 | 18:39-40 | 20:40-40
1;5;254;90,228125;0;0;2;12;8;18;5;13;8;17;31;8;16;21;16;34;21;39;31;40;True;40;3;61;3;1:0-0 | 2:0-5 | 3:2-6 | 7:5-8 | 12:8-16 | 5:8-10 | 9:8-12 | 4:12-16 | 8:13-16 | 13:16-20 | 15:16-21 | 10:17-24 | 6:18-21 | 14:21-28 | 17:21-31 | 11:31-34 | 19:31-40 | 16:34-36 | 18:39-40 | 20:40-40
1;5;255;78,678125;0;0;0;12;16;5;5;13;8;17;31;8;8;33;16;17;21;38;31;40;True;40;3;62;3;1:0-0 | 2:0-5 | 3:0-4 | 6:5-8 | 7:5-8 | 12:8-16 | 13:8-12 | 9:8-12 | 4:12-16 | 8:13-16 | 15:16-21 | 5:16-18 | 10:17-24 | 16:17-19 | 17:21-31 | 11:31-34 | 19:31-40 | 14:33-40 | 18:38-39 | 20:40-40
1;5;256;85,728125;0;0;2;8;12;5;5;12;17;17;31;8;13;31;16;18;21;39;31;40;True;40;3;63;3;1:0-0 | 2:0-5 | 3:2-6 | 6:5-8 | 7:5-8 | 12:8-16 | 4:8-12 | 5:12-14 | 8:12-15 | 13:13-17 | 15:16-21 | 10:17-24 | 9:17-21 | 16:18-20 | 17:21-31 | 11:31-34 | 14:31-38 | 19:31-40 | 18:39-40 | 20:40-40
